company,release_date,reported_quarter,guided_quarter,url,guide_low_usdm,guide_mid_usdm,guide_high_usdm,pattern_kind,quote,flags,parsed,guide_date,backward_mid_usdm,backward_quote,guide_pct_low,guide_pct_high
microchip,2011-01-27,2010Q4,2011Q1,https://www.sec.gov/Archives/edgar/data/827054/000082705411000016/ex99_1.htm,367.8,373.35,378.9,range_one_unit,Net Sales $367.8 to $378.9 million,,True,,,,,
microchip,2011-05-05,2011Q1,2011Q2,https://www.sec.gov/Archives/edgar/data/827054/000082705411000115/ex99_1.htm,383.8,393.3,402.8,range_one_unit,Net Sales $383.8 to $402.8 million,,True,,,,,
microchip,2011-08-04,2011Q2,2011Q3,https://www.sec.gov/Archives/edgar/data/827054/000082705411000206/ex99_1.htm,352.0,361.4,370.8,range_one_unit,Net Sales $352.0 to $370.8 million,,True,,,,,
microchip,2011-11-03,2011Q3,2011Q4,https://www.sec.gov/Archives/edgar/data/827054/000082705411000301/exhibit991-11x3x11.htm,316.8,328.70000000000005,340.6,range_one_unit,Net Sales $316.8 to $340.6 million,,True,,,,,
microchip,2012-02-02,2011Q4,2012Q1,https://www.sec.gov/Archives/edgar/data/827054/000082705412000018/ex9912-2x2012.htm,332.4,339.0,345.6,range_one_unit,Net Sales $332.4 to $345.6 million,,True,,,,,
microchip,2012-05-02,2012Q1,2012Q2,https://www.sec.gov/Archives/edgar/data/827054/000082705412000107/ex992earningsrelease.htm,349.1,355.85,362.6,range_one_unit,Net Sales $349.1 to $362.6 million,,True,,,,,
microchip,2012-08-02,2012Q2,2012Q3,https://www.sec.gov/Archives/edgar/data/827054/000082705412000223/exhibit991.htm,412.0,421.0,430.0,range_one_unit,Net Sales $412 to $430 million,,True,,,,,
microchip,2012-11-08,2012Q3,2012Q4,https://www.sec.gov/Archives/edgar/data/827054/000082705412000339/ex991.htm,396.0,411.0,426.0,range_one_unit,Net Sales $396 to $426 million,,True,,,,,
microchip,2013-02-07,2012Q4,2013Q1,https://www.sec.gov/Archives/edgar/data/827054/000082705413000048/ex991.htm,420.2,426.45,432.7,range_one_unit,Net Sales $420.2 to $432.7 million,,True,,,,,
microchip,2013-05-02,2013Q1,2013Q2,https://www.sec.gov/Archives/edgar/data/827054/000082705413000131/exhibit991_5-2x2013.htm,438.7,447.35,456.0,range_one_unit,Net Sales $438.7 to $456 million,,True,,,,,
microchip,2013-07-31,2013Q2,2013Q3,https://www.sec.gov/Archives/edgar/data/827054/000082705413000196/exhibit991filed7-31x2013.htm,472.0,481.3,490.6,range_one_unit,Net Sales $472.0 to $490.6 million,,True,,,,,
microchip,2013-10-30,2013Q3,2013Q4,https://www.sec.gov/Archives/edgar/data/827054/000082705413000306/exhibit991filed10-30x2013.htm,463.1,477.9,492.7,range_one_unit,Net Sales $463.1 to $492.7 million,,True,,,,,
microchip,2014-01-30,2013Q4,2014Q1,https://www.sec.gov/Archives/edgar/data/827054/000082705414000019/exhibit991.htm,482.4,489.6,496.8,range_one_unit,Net Sales $482.4 to $496.8 million,,True,,,,,
microchip,2014-05-06,2014Q1,2014Q2,https://www.sec.gov/Archives/edgar/data/827054/000082705414000108/exhibit9915-6x2014.htm,,,,,,,False,,,,,
microchip,2014-07-31,2014Q2,2014Q3,https://www.sec.gov/Archives/edgar/data/827054/000082705414000173/exhibit9917-31x2014.htm,,,,,,,False,,,,,
microchip,2014-10-09,2014Q3,2014Q4,https://www.sec.gov/Archives/edgar/data/827054/000082705414000242/ex99110-9x2014.htm,560.0,567.95,575.9,range,net sales to be $560.0 million to $575.9 million,,True,,,,,
microchip,2015-01-29,2014Q4,2015Q1,https://www.sec.gov/Archives/edgar/data/827054/000082705415000015/exhibit9911-29x2015.htm,537.2,542.55,547.9,range_one_unit,Net Sales $537.2 to $547.9 million,,True,,,,,
microchip,2015-05-07,2015Q1,2015Q2,https://www.sec.gov/Archives/edgar/data/827054/000082705415000071/exhibit9915-7x2015.htm,547.0,555.5,564.0,range_one_unit,Net Sales $547 to $564 million,,True,,,,,
microchip,2015-08-03,2015Q2,2015Q3,https://www.sec.gov/Archives/edgar/data/827054/000082705415000128/exhibit991832015.htm,,,,,,,False,,,,,
microchip,2015-11-04,2015Q3,2015Q4,https://www.sec.gov/Archives/edgar/data/827054/000082705415000215/exhibit99111-4x2015.htm,539.7,551.6,563.5,range,net sales for Microchip for the December quarter to be between $539.7 million and $563.5 million,,True,,,,,
microchip,2016-01-19,2015Q4,2016Q1,https://www.sec.gov/Archives/edgar/data/827054/000119312516432566/d242363dex991.htm,,,,,,,False,,,,,
microchip,2016-04-04,2016Q1,2016Q2,https://www.sec.gov/Archives/edgar/data/827054/000119312516529460/d174903dex991.htm,250.0,251.5,253.0,range,net sales are expected to be between $250 million to $253 million,,True,,,,,
microchip,2016-08-08,2016Q2,2016Q3,https://www.sec.gov/Archives/edgar/data/827054/000082705416000380/exhibit991aug82016.htm,,,,,,,False,,,,,
microchip,2016-11-07,2016Q3,2016Q4,https://www.sec.gov/Archives/edgar/data/827054/000082705416000467/exhibit991nov72016.htm,,,,,,,False,,,,,
microchip,2017-02-07,2016Q4,2017Q1,https://www.sec.gov/Archives/edgar/data/827054/000082705417000016/exhibit991feb72017.htm,872.0,890.0,908.0,range_one_unit,Net Sales $872 to $908 million,,True,,,,,
microchip,2017-05-09,2017Q1,2017Q2,https://www.sec.gov/Archives/edgar/data/827054/000082705417000074/exhibit991may92017.htm,920.7,943.3,965.9,range_one_unit,Net Sales $920.7 to $965.9 million,,True,,,,,
microchip,2017-08-03,2017Q2,2017Q3,https://www.sec.gov/Archives/edgar/data/827054/000082705417000128/exhibit991august32017.htm,943.3,950.05,956.8,range,net sales of $943.3 million to $956.8 million,,True,,,,,
microchip,2017-11-07,2017Q3,2017Q4,https://www.sec.gov/Archives/edgar/data/827054/000082705417000200/exhibit991november62017.htm,971.7,991.9000000000001,1012.1,range_one_unit,"Net Sales $971.7 to $1,012.1 million",,True,,,,,
microchip,2018-02-06,2017Q4,2018Q1,https://www.sec.gov/Archives/edgar/data/827054/000082705418000017/exhibit991february62018.htm,964.4,984.25,1004.1,range_one_unit,"Net Sales $964.4 to $1,004.1 million",,True,2017-11-06,991.9,"midpoint of our guidance provided on November 6, 2017 was net sales of $991.9 million",,
microchip,2018-05-08,2018Q1,2018Q2,https://www.sec.gov/Archives/edgar/data/827054/000082705418000084/exhibit991may82018.htm,1012.0,1037.0,1062.0,range_one_unit,Net Sales $1.012 to $1.062 billion,,True,2018-03-01,984.3,"midpoint of our guidance provided on March 1, 2018 was net sales of $984.3 million",,
microchip,2018-08-09,2018Q2,2018Q3,https://www.sec.gov/Archives/edgar/data/827054/000082705418000142/exhibit991q1fy19.htm,1474.0,1512.0,1550.0,range_one_unit,Net Sales $1.474 to $1.550 billion,,True,,,,,
microchip,2018-11-07,2018Q3,2018Q4,https://www.sec.gov/Archives/edgar/data/827054/000082705418000247/exhibit991q2fy19.htm,1362.0,1400.0,1438.0,range_one_unit,Net Sales $1.362 to $1.438 billion,,True,,,,,
microchip,2019-02-05,2018Q4,2019Q1,https://www.sec.gov/Archives/edgar/data/827054/000082705419000016/exhibit991q3fy19.htm,1251.0,1327.0,1403.0,range_one_unit,Net Sales $1.251 to $1.403 billion,,True,,,,,
microchip,2019-05-08,2019Q1,2019Q2,https://www.sec.gov/Archives/edgar/data/827054/000082705419000112/exhibit991q4fy19.htm,1260.0,1330.0,1400.0,range_one_unit,Net Sales $1.26 to $1.40 billion,,True,2019-03-05,1327.0,"midpoint of our guidance provided on March 5, 2019 was net sales of $1.327 billion",,
microchip,2019-08-06,2019Q2,2019Q3,https://www.sec.gov/Archives/edgar/data/827054/000082705419000193/exhibit991q1fy20.htm,1323.0,1349.0,1375.0,range_one_unit,Net Sales $1.323 to $1.375 billion,,True,2019-05-07,1330.0,"midpoint of our guidance provided on May 7, 2019 was net sales of $1.33 billion",,
microchip,2019-11-05,2019Q3,2019Q4,https://www.sec.gov/Archives/edgar/data/827054/000082705419000286/exhibit991q2fy20.htm,1204.0,1257.5,1311.0,range_one_unit,Consolidated Guidance Net Sales $1.204 to $1.311 billion,,True,,,,,
microchip,2020-01-07,2019Q4,2020Q1,https://www.sec.gov/Archives/edgar/data/827054/000082705420000017/ex991.htm,1244.0,1271.0,1298.0,range,net sales to be $1.244 billion to $1.298 billion,,True,,,,,
microchip,2020-05-07,2020Q1,2020Q2,https://www.sec.gov/Archives/edgar/data/827054/000082705420000100/exhibit991q4fy20.htm,1194.0,1247.0,1300.0,range_one_unit,Consolidated Guidance Net Sales $1.194 to $1.300 billion,,True,,,,,
microchip,2020-08-04,2020Q2,2020Q3,https://www.sec.gov/Archives/edgar/data/827054/000082705420000183/exhibit991q1fy21.htm,1205.0,1257.5,1310.0,range_one_unit,Consolidated Guidance Net Sales $1.205 to $1.310 billion,,True,,,,,
microchip,2020-11-05,2020Q3,2020Q4,https://www.sec.gov/Archives/edgar/data/827054/000119312520286863/d71746dex991.htm,1310.0,1342.5,1375.0,range_one_unit,Consolidated Guidance Net Sales $1.310 to $1.375 billion,,True,,,,,
microchip,2021-02-04,2020Q4,2021Q1,https://www.sec.gov/Archives/edgar/data/827054/000082705421000024/exhibit991q3fy21.htm,1420.0,1453.5,1487.0,range_one_unit,Consolidated Guidance Net Sales $1.420 to $1.487 billion,,True,2020-11-05,1340.0,"midpoint of our guidance provided on November 5, 2020 was net sales of $1.34 billion",,
microchip,2021-05-06,2021Q1,2021Q2,https://www.sec.gov/Archives/edgar/data/827054/000082705421000097/exhibit991q4fy21.htm,1519.0,1548.0,1577.0,range_one_unit,Consolidated Guidance Net Sales $1.519 to $1.577 billion,,True,2021-02-04,1454.0,"midpoint of our guidance provided on February 4, 2021 was net sales of $1.454 billion",,
microchip,2021-08-03,2021Q2,2021Q3,https://www.sec.gov/Archives/edgar/data/827054/000082705421000186/exhibit991q1fy22.htm,1616.0,1647.5,1679.0,range_one_unit,Consolidated Guidance Net Sales $1.616 to $1.679 billion,,True,2021-05-06,1548.0,"midpoint of our guidance provided on May 6, 2021 was net sales of $1.548 billion",,
microchip,2021-11-04,2021Q3,2021Q4,https://www.sec.gov/Archives/edgar/data/827054/000082705421000279/exhibit991q2fy22.htm,1716.0,1749.0,1782.0,range_one_unit,Consolidated Guidance Net Sales $1.716 to $1.782 billion,,True,2021-08-03,1648.0,"midpoint of our guidance provided on August 3, 2021 was net sales of $1.648 billion",,
microchip,2022-02-03,2021Q4,2022Q1,https://www.sec.gov/Archives/edgar/data/827054/000082705422000024/exhibit991q3fy22.htm,1793.0,1819.0,1845.0,range_one_unit,Consolidated Guidance Net Sales $1.793 to $1.845 billion,,True,2021-11-04,1749.0,"midpoint of our guidance provided on November 4, 2021 was net sales of $1.749 billion",,
microchip,2022-05-09,2022Q1,2022Q2,https://www.sec.gov/Archives/edgar/data/827054/000082705422000076/exhibit991q4fy22.htm,1918.0,1955.0,1992.0,range_one_unit,Consolidated Guidance Net Sales $1.918 to $1.992 billion,,True,2022-02-03,1819.0,"midpoint of our guidance provided on February 3, 2022 was net sales of $1.819 billion",,
microchip,2022-08-02,2022Q2,2022Q3,https://www.sec.gov/Archives/edgar/data/827054/000082705422000146/exhibit991q1fy23.htm,2023.0000000000002,2062.0,2101.0,range_one_unit,Consolidated Guidance Net Sales $2.023 to $2.101 billion,,True,2022-05-09,1955.0,"midpoint of our guidance provided on May 9, 2022 was net sales of $1.955 billion",,
microchip,2022-11-03,2022Q3,2022Q4,https://www.sec.gov/Archives/edgar/data/827054/000082705422000192/exhibit991q2fy23.htm,2135.0,2156.0,2177.0,range_one_unit,Consolidated Guidance Net Sales $2.135 to $2.177 billion,,True,2022-08-02,2062.0,"midpoint of our guidance provided on August 2, 2022 was net sales of $2.062 billion",,
microchip,2023-02-02,2022Q4,2023Q1,https://www.sec.gov/Archives/edgar/data/827054/000082705423000019/exhibit991q3fy23.htm,2191.0,2223.5,2256.0,range_one_unit,Consolidated Guidance Net Sales $2.191 to $2.256 billion,,True,2022-11-03,2156.0,"midpoint of our guidance provided on November 3, 2022 was net sales of $2.156 billion",,
microchip,2023-05-04,2023Q1,2023Q2,https://www.sec.gov/Archives/edgar/data/827054/000082705423000060/exhibit991q4fy23.htm,2255.0,2288.5,2322.0,range_one_unit,Consolidated Guidance Net Sales $2.255 to $2.322 billion,,True,2023-02-02,2224.0,"midpoint of our guidance provided on February 2, 2023 was net sales of $2.224 billion",,
microchip,2023-08-03,2023Q2,2023Q3,https://www.sec.gov/Archives/edgar/data/827054/000082705423000131/exhibit991q1fy24.htm,2220.0,2266.0,2312.0,range_one_unit,Consolidated Guidance Net Sales $2.220 to $2.312 billion,,True,2023-05-04,2289.0,"midpoint of our guidance provided on May 4, 2023 was net sales of $2.289 billion",,
microchip,2023-11-02,2023Q3,2023Q4,https://www.sec.gov/Archives/edgar/data/827054/000082705423000183/exhibit991q2fy24.htm,1803.0,1859.5,1916.0,range_one_unit,Consolidated Guidance Net Sales $1.803 to $1.916 billion,,True,2023-08-03,2266.0,"midpoint of our guidance provided on August 3, 2023 was net sales of $2.266 billion",,
microchip,2024-02-01,2023Q4,2024Q1,https://www.sec.gov/Archives/edgar/data/827054/000082705424000022/exhibit991q3fy24.htm,1225.0,1325.0,1425.0,range_one_unit,Consolidated Guidance Net Sales $1.225 to $1.425 billion,,True,,,,,
microchip,2024-05-06,2024Q1,2024Q2,https://www.sec.gov/Archives/edgar/data/827054/000082705424000078/exhibit991q4fy24.htm,1220.0,1240.0,1260.0,range_one_unit,Consolidated Guidance Net Sales $1.22 to $1.26 billion,,True,,,,,
microchip,2024-08-01,2024Q2,2024Q3,https://www.sec.gov/Archives/edgar/data/827054/000082705424000138/exhibit991q1fy25.htm,1120.0,1150.0,1180.0,range_one_unit,Consolidated Guidance Net Sales $1.12 to $1.18 billion,backward_mid_usdm: unit typo in filing corrected (/1000),True,2024-05-06,1240.0,"midpoint of our guidance provided on May 6, 2024 was net sales of $1,240 billion",,
microchip,2024-11-05,2024Q3,2024Q4,https://www.sec.gov/Archives/edgar/data/827054/000082705424000205/exhibit991q2fy25.htm,1025.0,1060.0,1095.0,range_one_unit,Consolidated Guidance Net Sales $1.025 to $1.095 billion,,True,2024-08-01,1150.0,"midpoint of our guidance provided on August 1, 2024 was net sales of $1.150 billion",,
microchip,2025-02-06,2024Q4,2025Q1,https://www.sec.gov/Archives/edgar/data/827054/000082705425000018/exhibit991q3fy25.htm,,,,,,,False,,,,,
microchip,2025-05-08,2025Q1,2025Q2,https://www.sec.gov/Archives/edgar/data/827054/000082705425000061/exhibit991q4fy25.htm,1020.0,1045.0,1070.0,range_one_unit,Consolidated Guidance Net Sales $1.020 to $1.070 billion,,True,2025-02-06,960.0,"midpoint of our guidance provided on February 6, 2025 was net sales of $960.0 million",,
microchip,2025-08-07,2025Q2,2025Q3,https://www.sec.gov/Archives/edgar/data/827054/000082705425000132/exhibit991q1fy26.htm,1110.0,1130.0,1150.0,range_one_unit,Consolidated Guidance Net Sales $1.110 to $1.150 billion,,True,,,,,
microchip,2025-11-06,2025Q3,2025Q4,https://www.sec.gov/Archives/edgar/data/827054/000082705425000182/exhibit991q2fy26.htm,1109.0,1129.0,1149.0,range_one_unit,Consolidated Guidance Net Sales $1.109 to $1.149 billion,,True,2025-08-07,1130.0,"midpoint of our guidance provided on August 7, 2025 was net sales of $1.130 billion",,
microchip,2026-02-05,2025Q4,2026Q1,https://www.sec.gov/Archives/edgar/data/827054/000082705426000008/exhibit991q3fy26.htm,1240.0,1260.0,1280.0,range_one_unit,Consolidated Guidance Net Sales $1.240 to $1.280 billion,,True,,,,,
microchip,2026-05-07,2026Q1,2026Q2,https://www.sec.gov/Archives/edgar/data/827054/000082705426000012/exhibit991q4fy26.htm,1442.0,1455.5,1469.0,range_one_unit,Consolidated Guidance Net Sales $1.442 to $1.469 billion,,True,2026-02-05,1260.0,"midpoint of our guidance provided on February 5, 2026 was net sales of $1.260 billion",,
microchip,2026-08-06,2026Q2,2026Q3,https://www.sec.gov/Archives/edgar/data/827054/000082705426000037/exhibit991q1fy27.htm,1589.0,1603.5,1618.0,range_one_unit,Consolidated Guidance Net Sales $1.589 to $1.618 billion,,True,2026-05-07,1456.0,"midpoint of our guidance provided on May 7, 2026 was net sales of $1.456 billion",,
nxp,2019-10-29,2019Q3,2019Q4,https://www.sec.gov/Archives/edgar/data/1413447/000141344719000033/nxp3q19earningsrelease.htm,2240.0,2270.0,2300.0,lmh,"Guidance for the Fourth Quarter 2019 : ($ millions) (1) Guidance Range GAAP Reconciliation non-GAAP Low Mid High Low Mid High Total Revenue $ 2,240 $ 2,270 $ 2,300",,True,,,,,
nxp,2020-02-04,2019Q4,2020Q1,https://www.sec.gov/Archives/edgar/data/1413447/000141344720000005/nxp4q19earningsrelease.htm,2195.0,2225.0,2255.0,lmh,"Guidance for the First Quarter 2020: ($ millions) (1) Guidance Range GAAP Reconciliation non-GAAP Low Mid High Low Mid High Total Revenue $ 2,195 $ 2,225 $ 2,255",,True,,,,,
nxp,2020-04-28,2020Q1,2020Q2,https://www.sec.gov/Archives/edgar/data/1413447/000141344720000028/nxp1q20earningsrelease.htm,1700.0,1800.0,1900.0,lmh,"Guidance for the Second Quarter 2020: ($ millions) (1) Guidance Range GAAP Reconciliation non-GAAP Low Mid High Low Mid High Total Revenue $ 1,700 $ 1,800 $ 1,900",,True,,,,,
nxp,2020-07-28,2020Q2,2020Q3,https://www.sec.gov/Archives/edgar/data/1413447/000141344720000054/nxpi-20200727.htm,1900.0,2000.0,2100.0,lmh,"Guidance for the Third Quarter 2020: ($ millions) (1) Guidance Range GAAP Reconciliation non-GAAP Low Mid High Low Mid High Total Revenue $ 1,900 $ 2,000 $ 2,100",,True,,,,,
nxp,2020-10-27,2020Q3,2020Q4,https://www.sec.gov/Archives/edgar/data/1413447/000141344720000086/nxpi-20201027.htm,2375.0,2450.0,2525.0,lmh,"Guidance for the Fourth Quarter 2020: ($ millions) (1) Guidance Range GAAP Reconciliation non-GAAP Low Mid High Low Mid High Total Revenue $ 2,375 $ 2,450 $ 2,525",,True,,,,,
nxp,2021-02-02,2020Q4,2021Q1,https://www.sec.gov/Archives/edgar/data/1413447/000141344721000004/exhibit991.htm,2475.0,2550.0,2625.0,lmh,"Guidance for the First Quarter 2021: ($ millions) (1) Guidance Range GAAP Reconciliation non-GAAP Low Mid High Low Mid High Total Revenue $ 2,475 $ 2,550 $ 2,625",,True,,,,,
nxp,2021-04-27,2021Q1,2021Q2,https://www.sec.gov/Archives/edgar/data/1413447/000141344721000030/nxp1q21exhibit991.htm,2500.0,2570.0,2640.0,lmh,"Guidance for the Second Quarter 2021: ($ millions) (1) Guidance Range GAAP Reconciliation non-GAAP Low Mid High Low Mid High Total Revenue $ 2,500 $ 2,570 $ 2,640",,True,,,,,
nxp,2021-08-03,2021Q2,2021Q3,https://www.sec.gov/Archives/edgar/data/1413447/000141344721000064/nxp2q21exhibit991.htm,2775.0,2850.0,2925.0,lmh,"Guidance for the Third Quarter 2021: ($ millions) (1) Guidance Range GAAP Reconciliation non-GAAP Low Mid High Low Mid High Total Revenue $2,775 $2,850 $2,925",,True,,,,,
nxp,2021-11-02,2021Q3,2021Q4,https://www.sec.gov/Archives/edgar/data/1413447/000141344721000092/nxp3q21exhibit991.htm,2925.0,3000.0,3075.0,lmh,"Guidance for the Fourth Quarter 2021: ($ millions) (1) Guidance Range GAAP Reconciliation non-GAAP Low Mid High Low Mid High Total Revenue $2,925 $3,000 $3,075",,True,,,,,
nxp,2022-02-01,2021Q4,2022Q1,https://www.sec.gov/Archives/edgar/data/1413447/000141344722000004/nxp4q21exhibit991.htm,3025.0,3100.0,3175.0,lmh,"Guidance for the First Quarter 2022: ($ millions) (1) Guidance Range GAAP Reconciliation non-GAAP Low Mid High Low Mid High Total Revenue $3,025 $3,100 $3,175",,True,,,,,
nxp,2022-05-03,2022Q1,2022Q2,https://www.sec.gov/Archives/edgar/data/1413447/000141344722000015/nxp1q22exhibit991.htm,3175.0,3275.0,3375.0,lmh,"Guidance for the Second Quarter 2022: ($ millions) (1) Guidance Range GAAP Reconciliation non-GAAP Low Mid High Low Mid High Total Revenue $3,175 $3,275 $3,375",,True,,,,,
nxp,2022-07-26,2022Q2,2022Q3,https://www.sec.gov/Archives/edgar/data/1413447/000141344722000048/nxp2q22exhibit991.htm,3350.0,3425.0,3500.0,lmh,"Guidance for the Third Quarter 2022: ($ millions) (1) Guidance Range GAAP Reconciliation non-GAAP Low Mid High Low Mid High Total Revenue $3,350 $3,425 $3,500",,True,,,,,
nxp,2022-11-01,2022Q3,2022Q4,https://www.sec.gov/Archives/edgar/data/1413447/000141344722000066/nxp3q22exhibit991.htm,3200.0,3300.0,3400.0,lmh,"Guidance for the Fourth Quarter 2022: ($ millions) (1) Guidance Range GAAP Reconciliation non-GAAP Low Mid High Low Mid High Total Revenue $3,200 $3,300 $3,400",,True,,,,,
nxp,2023-01-31,2022Q4,2023Q1,https://www.sec.gov/Archives/edgar/data/1413447/000141344723000002/nxp4q22exhibit991.htm,2900.0,3000.0,3100.0,lmh,"Guidance for the First Quarter 2023: ($ millions, except Per Share data) (1) Guidance Range GAAP Reconciliation non-GAAP Low Mid High Low Mid High Total Revenue $2,900 $3,000 $3,100",,True,,,,,
nxp,2023-05-02,2023Q1,2023Q2,https://www.sec.gov/Archives/edgar/data/1413447/000141344723000022/nxp1q23exhibit991.htm,3100.0,3200.0,3300.0,lmh,"Guidance for the Second Quarter 2023: ($ millions, except Per Share data) (1) Guidance Range GAAP Reconciliation non-GAAP Low Mid High Low Mid High Total Revenue $3,100 $3,200 $3,300",,True,,,,,
nxp,2023-07-25,2023Q2,2023Q3,https://www.sec.gov/Archives/edgar/data/1413447/000141344723000057/nxp2q23exhibit991.htm,3300.0,3400.0,3500.0,lmh,"Guidance for the Third Quarter 2023: ($ millions, except Per Share data) (1) Guidance Range GAAP Reconciliation non-GAAP Low Mid High Low Mid High Total Revenue $3,300 $3,400 $3,500",,True,,,,,
nxp,2023-11-07,2023Q3,2023Q4,https://www.sec.gov/Archives/edgar/data/1413447/000141344723000105/nxp3q23exhibit991.htm,3300.0,3400.0,3500.0,lmh,"Guidance for the Fourth Quarter 2023: ($ millions, except Per Share data) (1) Guidance Range GAAP Reconciliation non-GAAP Low Mid High Low Mid High Total Revenue $3,300 $3,400 $3,500",,True,,,,,
nxp,2024-02-06,2023Q4,2024Q1,https://www.sec.gov/Archives/edgar/data/1413447/000141344724000008/nxp4q23exhibit991.htm,3025.0,3125.0,3225.0,lmh,"Guidance for the First Quarter 2024: ($ millions, except Per Share data) (1) Guidance Range GAAP Reconciliation non-GAAP Low Mid High Low Mid High Total Revenue $3,025 $3,125 $3,225",,True,,,,,
nxp,2024-04-30,2024Q1,2024Q2,https://www.sec.gov/Archives/edgar/data/1413447/000141344724000040/nxp1q24exhibit991.htm,3025.0,3125.0,3225.0,lmh,"Guidance for the Second Quarter 2024: ($ millions, except Per Share data) (1) Guidance Range GAAP Reconciliation non-GAAP Low Mid High Low Mid High Total Revenue $3,025 $3,125 $3,225",,True,,,,,
nxp,2024-07-23,2024Q2,2024Q3,https://www.sec.gov/Archives/edgar/data/1413447/000141344724000074/s4nxp2q24exhibit991.htm,3150.0,3250.0,3350.0,lmh,"Guidance for the Third Quarter 2024: ($ millions, except Per Share data) (1) Guidance Range GAAP Reconciliation non-GAAP Low Mid High Low Mid High Total Revenue $3,150 $3,250 $3,350",,True,,,,,
nxp,2024-11-05,2024Q3,2024Q4,https://www.sec.gov/Archives/edgar/data/1413447/000141344724000087/nxp3q24exhibit991.htm,3000.0,3100.0,3200.0,lmh,"Guidance for the Fourth Quarter 2024: ($ millions, except Per Share data) (1) Guidance Range GAAP Reconciliation non-GAAP Low Mid High Low Mid High Total Revenue $3,000 $3,100 $3,200",,True,,,,,
nxp,2025-02-04,2024Q4,2025Q1,https://www.sec.gov/Archives/edgar/data/1413447/000141344725000009/nxp4q24exhibit991.htm,2725.0,2825.0,2925.0,lmh,"Guidance for the First Quarter 2025: ($ millions, except Per Share data) (1) Guidance Range GAAP Reconciliation non-GAAP Low Mid High Low Mid High Total Revenue $2,725 $2,825 $2,925",,True,,,,,
nxp,2025-04-28,2025Q1,2025Q2,https://www.sec.gov/Archives/edgar/data/1413447/000141344725000027/nxp1q25exhibit991.htm,2800.0,2900.0,3000.0,lmh,"Guidance for the Second Quarter 2025: ($ millions, except Per Share data) (1) GAAP Reconciliation non-GAAP Low Mid High Low Mid High Total Revenue $2,800 $2,900 $3,000",,True,,,,,
nxp,2025-07-22,2025Q2,2025Q3,https://www.sec.gov/Archives/edgar/data/1413447/000141344725000103/nxp2q25exhibit991.htm,3050.0,3150.0,3250.0,lmh,"Guidance for the Third Quarter 2025: ($ millions, except Per Share data) (1) GAAP Reconciliation non-GAAP Low Mid High Low Mid High Total Revenue $3,050 $3,150 $3,250",,True,,,,,
nxp,2025-10-28,2025Q3,2025Q4,https://www.sec.gov/Archives/edgar/data/1413447/000141344725000118/nxp3q25exhibit991.htm,3200.0,3300.0,3400.0,lmh,"Guidance for the Fourth Quarter 2025: ($ millions, except Per Share data) (1) GAAP Reconciliation non-GAAP Low Mid High Low Mid High Total Revenue $3,200 $3,300 $3,400",,True,,,,,
nxp,2026-02-03,2025Q4,2026Q1,https://www.sec.gov/Archives/edgar/data/1413447/000141344726000003/nxp4q25exhibit991.htm,3050.0,3150.0,3250.0,lmh,"Guidance for the First Quarter 2026: ($ millions, except Per Share data) (1) GAAP Reconciliation non-GAAP Low Mid High Low Mid High Total Revenue $3,050 $3,150 $3,250",,True,,,,,
nxp,2026-04-28,2026Q1,2026Q2,https://www.sec.gov/Archives/edgar/data/1413447/000141344726000032/nxp1q26exhibit991.htm,3350.0,3450.0,3550.0,lmh,"Guidance for the Second Quarter 2026: ($ millions, except Per Share data) (1) GAAP Reconciliation non-GAAP Low Mid High Low Mid High Total Revenue $3,350 $3,450 $3,550",,True,,,,,
ti,2011-01-24,2010Q4,2011Q1,https://www.sec.gov/Archives/edgar/data/97476/000009747611000003/exhibit01242011.htm,3270.0,3410.0,3550.0,range_one_unit,TI expects: Ÿ Revenue: $3.27 – 3.55 billion,,True,,,,,
ti,2011-04-18,2011Q1,2011Q2,https://www.sec.gov/Archives/edgar/data/97476/000009747611000016/exhibit04182011.htm,3410.0,3550.0,3690.0,range_one_unit,TI expects: Ÿ Revenue: $3.41 – 3.69 billion,,True,,,,,
ti,2011-07-25,2011Q2,2011Q3,https://www.sec.gov/Archives/edgar/data/97476/000009747611000025/newsrelease07252011.htm,3400.0,3550.0,3700.0,range_one_unit,TI expects: Ÿ Revenue: $3.40 – 3.70 billion,,True,,,,,
ti,2011-10-24,2011Q3,2011Q4,https://www.sec.gov/Archives/edgar/data/97476/000009747611000052/dnewsrelease10242011.htm,3260.0,3400.0,3540.0,range_one_unit,TI expects: Ÿ Revenue: $3.26 – 3.54 billion,,True,,,,,
ti,2012-01-23,2011Q4,2012Q1,https://www.sec.gov/Archives/edgar/data/97476/000009747612000004/newsrelease1232012.htm,3020.0,3150.0,3280.0,range_one_unit,TI expects: Ÿ Revenue: $3.02 – 3.28 billion,,True,,,,,
ti,2012-04-23,2012Q1,2012Q2,https://www.sec.gov/Archives/edgar/data/97476/000009747612000022/newsrelease.htm,3220.0,3350.0,3480.0,range_one_unit,TI expects: Ÿ Revenue: $3.22 – 3.48 billion,,True,,,,,
ti,2012-07-23,2012Q2,2012Q3,https://www.sec.gov/Archives/edgar/data/97476/000009747612000039/newsrelease07231012.htm,3210.0,3340.0,3470.0,range_one_unit,TI expects: Ÿ Revenue: $3.21 – 3.47 billion,,True,,,,,
ti,2012-10-22,2012Q3,2012Q4,https://www.sec.gov/Archives/edgar/data/97476/000009747612000051/dnewsrelease10222012.htm,2830.0,2950.0,3070.0,range_one_unit,TI expects: Ÿ Revenue: $2.83 – 3.07 billion,,True,,,,,
ti,2013-01-22,2012Q4,2013Q1,https://www.sec.gov/Archives/edgar/data/97476/000009747613000005/newsrelease01222013.htm,2690.0,2800.0,2910.0,range_one_unit,TI expects: Revenue: $2.69 – 2.91 billion,,True,,,,,
ti,2013-04-22,2013Q1,2013Q2,https://www.sec.gov/Archives/edgar/data/97476/000009747613000022/newsrelease04222013.htm,2930.0,3050.0,3170.0,range_one_unit,TI expects: Ÿ Revenue: $2.93 – 3.17 billion,,True,,,,,
ti,2013-07-22,2013Q2,2013Q3,https://www.sec.gov/Archives/edgar/data/97476/000009747613000040/dnewsrelease07222013.htm,3090.0,3220.0,3350.0,range_one_unit,TI expects: Ÿ Revenue: $3.09 – 3.35 billion,,True,,,,,
ti,2013-10-21,2013Q3,2013Q4,https://www.sec.gov/Archives/edgar/data/97476/000009747613000053/release10212013.htm,2860.0,2980.0,3100.0,range_one_unit,TI expects: Ÿ Revenue: $2.86 – 3.10 billion,,True,,,,,
ti,2014-01-21,2013Q4,2014Q1,https://www.sec.gov/Archives/edgar/data/97476/000009747614000004/dnewsrelease01212014.htm,2830.0,2950.0,3070.0,range,outlook for the first quarter of 2014 is for revenue in the range of $2.83 billion to $3.07 billion,,True,,,,,
ti,2014-04-23,2014Q1,2014Q2,https://www.sec.gov/Archives/edgar/data/97476/000009747614000013/dnewsrelease04232014.htm,3140.0,3270.0,3400.0,range,outlook for the second quarter of 2014 is for revenue in the range of $3.14 billion to $3.40 billion,,True,,,,,
ti,2014-07-21,2014Q2,2014Q3,https://www.sec.gov/Archives/edgar/data/97476/000119312514274292/d761866dex99.htm,3310.0,3450.0,3590.0,range,outlook for the third quarter of 2014 is for revenue in the range of $3.31 billion to $3.59 billion,,True,,,,,
ti,2014-10-20,2014Q3,2014Q4,https://www.sec.gov/Archives/edgar/data/97476/000119312514376373/d807109dex99.htm,3130.0,3260.0,3390.0,range,outlook for the fourth quarter of 2014 is for revenue in the range of $3.13 billion to $3.39 billion,,True,,,,,
ti,2015-01-26,2014Q4,2015Q1,https://www.sec.gov/Archives/edgar/data/97476/000119312515020432/d857853dex99.htm,3070.0,3200.0,3330.0,range,outlook for the first quarter of 2015 is for revenue in the range of $3.07 billion to $3.33 billion,,True,,,,,
ti,2015-04-22,2015Q1,2015Q2,https://www.sec.gov/Archives/edgar/data/97476/000156459015002770/txn-ex99_2015042266.htm,,,,,,,False,,,,,
ti,2015-07-22,2015Q2,2015Q3,https://www.sec.gov/Archives/edgar/data/97476/000156459015005579/txn-ex99_51.htm,3150.0,3280.0,3410.0,range,outlook is for revenue in the range of $3.15 billion to $3.41 billion,,True,,,,,
ti,2015-10-21,2015Q3,2015Q4,https://www.sec.gov/Archives/edgar/data/97476/000156459015008524/txn-ex99_16.htm,3070.0,3200.0,3330.0,range,outlook is for revenue in the range of $3.07 billion to $3.33 billion,,True,,,,,
ti,2016-01-27,2015Q4,2016Q1,https://www.sec.gov/Archives/edgar/data/97476/000156459016012036/txn-ex99_31.htm,2850.0,2970.0,3090.0,range,outlook is for revenue in the range of $2.85 billion to $3.09 billion,,True,,,,,
ti,2016-04-27,2016Q1,2016Q2,https://www.sec.gov/Archives/edgar/data/97476/000156459016016781/txn-ex99_29.htm,3070.0,3200.0,3330.0,range,outlook is for revenue in the range of $3.07 billion to $3.33 billion,,True,,,,,
ti,2016-07-25,2016Q2,2016Q3,https://www.sec.gov/Archives/edgar/data/97476/000156459016021402/txn-ex99_16.htm,3340.0,3480.0,3620.0,range,outlook is for revenue in the range of $3.34 billion to $3.62 billion,,True,,,,,
ti,2016-10-26,2016Q3,2016Q4,https://www.sec.gov/Archives/edgar/data/97476/000156459016026227/txn-ex99_24.htm,3170.0,3300.0,3430.0,range,outlook is for revenue in the range of $3.17 billion to $3.43 billion,,True,,,,,
ti,2017-01-24,2016Q4,2017Q1,https://www.sec.gov/Archives/edgar/data/97476/000156459017000557/txn-ex99_6.htm,3170.0,3300.0,3430.0,range,outlook is for revenue in the range of $3.17 billion to $3.43 billion,,True,,,,,
ti,2017-04-25,2017Q1,2017Q2,https://www.sec.gov/Archives/edgar/data/97476/000156459017007157/txn-ex99_15.htm,3400.0,3550.0,3700.0,range,outlook is for revenue in the range of $3.40 billion to $3.70 billion,,True,,,,,
ti,2017-07-25,2017Q2,2017Q3,https://www.sec.gov/Archives/edgar/data/97476/000156459017013942/txn-ex99_6.htm,3740.0,3900.0,4059.9999999999995,range,outlook is for revenue in the range of $3.74 billion to $4.06 billion,,True,,,,,
ti,2017-10-24,2017Q3,2017Q4,https://www.sec.gov/Archives/edgar/data/97476/000156459017019876/txn-ex99_6.htm,3570.0,3720.0,3870.0,range,outlook is for revenue in the range of $3.57 billion to $3.87 billion,,True,,,,,
ti,2018-01-23,2017Q4,2018Q1,https://www.sec.gov/Archives/edgar/data/97476/000156459018000785/txn-ex99_6.htm,3490.0,3640.0,3790.0,range,outlook is for revenue in the range of $3.49 billion to $3.79 billion,,True,,,,,
ti,2018-04-24,2018Q1,2018Q2,https://www.sec.gov/Archives/edgar/data/97476/000156459018008880/txn-ex99_7.htm,3780.0,3940.0,4100.0,range,outlook is for revenue in the range of $3.78 billion to $4.10 billion,,True,,,,,
ti,2018-07-24,2018Q2,2018Q3,https://www.sec.gov/Archives/edgar/data/97476/000156459018017305/txn-ex99_6.htm,4110.0,4280.0,4450.0,range,outlook is for revenue in the range of $4.11 billion to $4.45 billion,,True,,,,,
ti,2018-10-23,2018Q3,2018Q4,https://www.sec.gov/Archives/edgar/data/97476/000156459018024767/txn-ex99_7.htm,3600.0,3750.0,3900.0,range,outlook is for revenue in the range of $3.60 billion to $3.90 billion,,True,,,,,
ti,2019-01-23,2018Q4,2019Q1,https://www.sec.gov/Archives/edgar/data/97476/000156459019000975/txn-ex99_6.htm,3340.0,3480.0,3620.0,range,outlook is for revenue in the range of $3.34 billion to $3.62 billion,,True,,,,,
ti,2019-04-23,2019Q1,2019Q2,https://www.sec.gov/Archives/edgar/data/97476/000156459019012514/txn-ex99_6.htm,3460.0,3600.0,3740.0,range,outlook is for revenue in the range of $3.46 billion to $3.74 billion,,True,,,,,
ti,2019-07-23,2019Q2,2019Q3,https://www.sec.gov/Archives/edgar/data/97476/000156459019025627/txn-ex99_6.htm,3650.0,3800.0,3950.0,range,outlook is for revenue in the range of $3.65 billion to $3.95 billion,,True,,,,,
ti,2019-10-22,2019Q3,2019Q4,https://www.sec.gov/Archives/edgar/data/97476/000009747619000006/form8-kex992019x10x22.htm,3070.0,3200.0,3330.0,range,outlook is for revenue in the range of $3.07 billion to $3.33 billion,,True,,,,,
ti,2020-01-22,2019Q4,2020Q1,https://www.sec.gov/Archives/edgar/data/97476/000009747620000006/q42019txnex99-8xker.htm,3120.0,3250.0,3380.0,range,outlook is for revenue in the range of $3.12 billion to $3.38 billion,,True,,,,,
ti,2020-04-21,2020Q1,2020Q2,https://www.sec.gov/Archives/edgar/data/97476/000009747620000014/q12020txnex99-er8k1.htm,2610.0,2900.0,3190.0,range,outlook is for revenue in the range of $2.61 billion to $3.19 billion,,True,,,,,
ti,2020-07-21,2020Q2,2020Q3,https://www.sec.gov/Archives/edgar/data/97476/000009747620000025/q22020txnex99-er1.htm,3260.0,3400.0,3540.0,range,outlook is for revenue in the range of $3.26 billion to $3.54 billion,,True,,,,,
ti,2020-10-20,2020Q3,2020Q4,https://www.sec.gov/Archives/edgar/data/97476/000162828020014606/q32020txnex99-er1.htm,3410.0,3550.0,3690.0,range,outlook is for revenue in the range of $3.41 billion to $3.69 billion,,True,,,,,
ti,2021-01-26,2020Q4,2021Q1,https://www.sec.gov/Archives/edgar/data/97476/000009747621000003/q42020txnex99-er1.htm,3790.0,3950.0,4110.0,range,outlook is for revenue in the range of $3.79 billion to $4.11 billion,,True,,,,,
ti,2021-04-27,2021Q1,2021Q2,https://www.sec.gov/Archives/edgar/data/97476/000009747621000011/q12021txnex99-er2.htm,4130.0,4300.0,4470.0,range,outlook is for revenue in the range of $4.13 billion to $4.47 billion,,True,,,,,
ti,2021-07-21,2021Q2,2021Q3,https://www.sec.gov/Archives/edgar/data/97476/000009747621000019/q22021txnex99-er1.htm,4400.0,4580.0,4760.0,range,outlook is for revenue in the range of $4.40 billion to $4.76 billion,,True,,,,,
ti,2021-10-26,2021Q3,2021Q4,https://www.sec.gov/Archives/edgar/data/97476/000009747621000030/q32021txnex99-er1.htm,4220.0,4400.0,4580.0,range,outlook is for revenue in the range of $4.22 billion to $4.58 billion,,True,,,,,
ti,2022-01-25,2021Q4,2022Q1,https://www.sec.gov/Archives/edgar/data/97476/000009747622000004/q42021txnex99-er1.htm,4500.0,4700.0,4900.0,range,outlook is for revenue in the range of $4.50 billion to $4.90 billion,,True,,,,,
ti,2022-04-26,2022Q1,2022Q2,https://www.sec.gov/Archives/edgar/data/97476/000009747622000026/q12022txnex99-er1.htm,4200.0,4500.0,4800.0,range,outlook is for revenue in the range of $4.20 billion to $4.80 billion,,True,,,,,
ti,2022-07-26,2022Q2,2022Q3,https://www.sec.gov/Archives/edgar/data/97476/000009747622000038/q22022txnex99-er1.htm,4900.0,5100.0,5300.0,range,outlook is for revenue in the range of $4.90 billion to $5.30 billion,,True,,,,,
ti,2022-10-25,2022Q3,2022Q4,https://www.sec.gov/Archives/edgar/data/97476/000009747622000047/q32022txnex99-er1.htm,4400.0,4600.0,4800.0,range,outlook is for revenue in the range of $4.40 billion to $4.80 billion,,True,,,,,
ti,2023-01-24,2022Q4,2023Q1,https://www.sec.gov/Archives/edgar/data/97476/000009747623000003/q42022txnex99-er1.htm,4170.0,4350.0,4530.0,range,outlook is for revenue in the range of $4.17 billion to $4.53 billion,,True,,,,,
ti,2023-04-25,2023Q1,2023Q2,https://www.sec.gov/Archives/edgar/data/97476/000009747623000023/q12023txnex99-er1.htm,4170.0,4350.0,4530.0,range,outlook is for revenue in the range of $4.17 billion to $4.53 billion,,True,,,,,
ti,2023-07-25,2023Q2,2023Q3,https://www.sec.gov/Archives/edgar/data/97476/000009747623000033/q22023txnex99-er1.htm,4360.0,4550.0,4740.0,range,outlook is for revenue in the range of $4.36 billion to $4.74 billion,,True,,,,,
ti,2023-10-24,2023Q3,2023Q4,https://www.sec.gov/Archives/edgar/data/97476/000009747623000039/q32023txnex99-er1.htm,3930.0,4100.0,4270.0,range,outlook is for revenue in the range of $3.93 billion to $4.27 billion,,True,,,,,
ti,2024-01-23,2023Q4,2024Q1,https://www.sec.gov/Archives/edgar/data/97476/000009747624000004/q42023txnex99-er1.htm,3450.0,3600.0,3750.0,range,outlook is for revenue in the range of $3.45 billion to $3.75 billion,,True,,,,,
ti,2024-04-23,2024Q1,2024Q2,https://www.sec.gov/Archives/edgar/data/97476/000009747624000020/q12024txnex99-er1.htm,3650.0,3800.0,3950.0,range,outlook is for revenue in the range of $3.65 billion to $3.95 billion,,True,,,,,
ti,2024-07-23,2024Q2,2024Q3,https://www.sec.gov/Archives/edgar/data/97476/000009747624000029/q22024txnex99-er1.htm,3940.0,4100.0,4260.0,range,outlook is for revenue in the range of $3.94 billion to $4.26 billion,,True,,,,,
ti,2024-10-22,2024Q3,2024Q4,https://www.sec.gov/Archives/edgar/data/97476/000009747624000040/q32024txnex99-er1.htm,3700.0,3850.0,4000.0,range,outlook is for revenue in the range of $3.70 billion to $4.00 billion,,True,,,,,
ti,2025-01-23,2024Q4,2025Q1,https://www.sec.gov/Archives/edgar/data/97476/000009747625000003/q42024txnex99-eredgar.htm,3740.0,3900.0,4059.9999999999995,range,outlook is for revenue in the range of $3.74 billion to $4.06 billion,,True,,,,,
ti,2025-04-23,2025Q1,2025Q2,https://www.sec.gov/Archives/edgar/data/97476/000009747625000025/q12025txnex99-er1.htm,4170.0,4350.0,4530.0,range,outlook is for revenue in the range of $4.17 billion to $4.53 billion,,True,,,,,
ti,2025-07-22,2025Q2,2025Q3,https://www.sec.gov/Archives/edgar/data/97476/000009747625000033/q22025txnex99-er1.htm,4450.0,4625.0,4800.0,range,outlook is for revenue in the range of $4.45 billion to $4.80 billion,,True,,,,,
ti,2025-10-21,2025Q3,2025Q4,https://www.sec.gov/Archives/edgar/data/97476/000009747625000056/q32025txnex99-eredgarversi.htm,4220.0,4400.0,4580.0,range,outlook is for revenue in the range of $4.22 billion to $4.58 billion,,True,,,,,
ti,2026-01-27,2025Q4,2026Q1,https://www.sec.gov/Archives/edgar/data/97476/000009747626000003/q42025txnex99-eredgar.htm,4320.0,4500.0,4680.0,range,outlook is for revenue in the range of $4.32 billion to $4.68 billion,,True,,,,,
ti,2026-04-22,2026Q1,2026Q2,https://www.sec.gov/Archives/edgar/data/97476/000009747626000097/q12026txnex99-eredgar.htm,5000.0,5200.0,5400.0,range,outlook is for revenue in the range of $5.00 billion to $5.40 billion,,True,,,,,
ti,2026-07-22,2026Q2,2026Q3,https://www.sec.gov/Archives/edgar/data/97476/000009747626000148/q22026txnex99-eredgar.htm,5650.0,5900.0,6150.0,range,outlook is for revenue in the range of $5.65 billion to $6.15 billion,,True,,,,,
adi,2011-02-15,2010Q4,2011Q1,https://www.sec.gov/Archives/edgar/data/6281/000115752311000880/a6612617ex99-1.htm,730.0,745.0,760.0,range,revenue to be in the range of $730 million to $760 million,,True,,,,,
adi,2011-05-17,2011Q1,2011Q2,https://www.sec.gov/Archives/edgar/data/6281/000115752311003219/a6726879ex99_1.htm,,,,,,,False,,,,,
adi,2011-08-16,2011Q2,2011Q3,https://www.sec.gov/Archives/edgar/data/6281/000115752311005090/a6831664ex99_1.htm,,,,,,,False,,,,,
adi,2011-11-21,2011Q3,2011Q4,https://www.sec.gov/Archives/edgar/data/6281/000115752311006926/a50080388ex99-1.htm,644.5206000000001,662.4239500000001,680.3273,pct_seq,Revenue: Down 5% to 10% sequentially,,True,,,,-10.0,-5.0
adi,2012-02-22,2011Q4,2012Q1,https://www.sec.gov/Archives/edgar/data/6281/000115752312000960/a50178121-ex991.htm,,,,,,,False,,,,,
adi,2012-05-22,2012Q1,2012Q2,https://www.sec.gov/Archives/edgar/data/6281/000115752312003041/a50286612-ex991.htm,,,,,,,False,,,,,
adi,2012-08-21,2012Q2,2012Q3,https://www.sec.gov/Archives/edgar/data/6281/000115752312004619/a50383523ex99_1.htm,685.0,700.0,715.0,range,revenue in the range of $685 million to $715 million,,True,,,,,
adi,2012-11-27,2012Q3,2012Q4,https://www.sec.gov/Archives/edgar/data/6281/000115752312006206/a50489639ex99_1.htm,611.5683200000001,632.41724,653.26616,pct_seq,Revenue estimated to decrease in the range of -6% to -12%,,True,,,,-12.0,-6.0
adi,2013-02-19,2012Q4,2013Q1,https://www.sec.gov/Archives/edgar/data/6281/000115752313000865/a50568492ex99-1.htm,647.01936,659.4620400000001,671.9047200000001,pct_seq,"revenue growth in our second quarter, in the range of 4-8% sequentially",,True,,,,4.0,8.0
adi,2013-05-21,2013Q1,2013Q2,https://www.sec.gov/Archives/edgar/data/6281/000115752313002816/a50637181ex99_1.htm,655.0,670.0,685.0,range_one_unit,Revenue estimated to be in the range of $655 to $685 million,,True,,,,,
adi,2013-08-20,2013Q2,2013Q3,https://www.sec.gov/Archives/edgar/data/6281/000115752313004183/a50694034ex99-1.htm,675.0,687.5,700.0,range_one_unit,Revenue estimated to be in the range of $675 to $700 million,,True,,,,,
adi,2013-11-26,2013Q3,2013Q4,https://www.sec.gov/Archives/edgar/data/6281/000115752313005650/a50758356ex99_1.htm,610.3197,627.273025,644.22635,pct_seq,Revenue estimated to decrease in the range of -5% to -10%,,True,,,,-10.0,-5.0
adi,2014-02-18,2013Q4,2014Q1,https://www.sec.gov/Archives/edgar/data/6281/000115752314000669/a50806262-ex991.htm,660.0,670.0,680.0,range_one_unit,Revenue estimated to be in the range of $660 to $680 million,,True,,,,,
adi,2014-05-20,2014Q1,2014Q2,https://www.sec.gov/Archives/edgar/data/6281/000115752314002232/a50869750-ex991.htm,701.48136,715.37208,729.2628,pct_seq,Revenue estimated to increase 1% to 5% sequentially,,True,,,,1.0,5.0
adi,2014-08-26,2014Q2,2014Q3,https://www.sec.gov/Archives/edgar/data/6281/000115752314003567/a50930809-ex991.htm,790.0,805.0,820.0,range,revenue in the fourth quarter to be in the range of $790 million to $820 million,,True,,,,,
adi,2014-11-25,2014Q3,2014Q4,https://www.sec.gov/Archives/edgar/data/6281/000115752314004679/a50991129ex99_1.htm,745.0,760.0,775.0,range,revenue in the first quarter to be in the range of $745 million to $775 million,,True,,,,,
adi,2015-02-17,2014Q4,2015Q1,https://www.sec.gov/Archives/edgar/data/6281/000115752315000596/a51041412ex99_1.htm,,,,,,,False,,,,,
adi,2015-05-19,2015Q1,2015Q2,https://www.sec.gov/Archives/edgar/data/6281/000115752315001854/a51106314ex99_1.htm,825.0,845.0,865.0,range,revenue to be in the range of $825 million to $865 million,,True,,,,,
adi,2015-08-18,2015Q2,2015Q3,https://www.sec.gov/Archives/edgar/data/6281/000115752315002948/a51165183-ex991.htm,880.0,910.0,940.0,range,revenue to be in the range of $880 million to $940 million,,True,,,,,
adi,2015-11-24,2015Q3,2015Q4,https://www.sec.gov/Archives/edgar/data/6281/000115752315003925/a51230700ex99_1.htm,805.0,830.0,855.0,range,"revenues, profits, and cash flows.” “After a very strong fourth quarter, we are planning for revenue in the seasonally slower first quarter to be in the range of $805 million to $855 million",,True,,,,,
adi,2016-02-17,2015Q4,2016Q1,https://www.sec.gov/Archives/edgar/data/6281/000115752316004606/a51280963ex99_1.htm,754.0404199999999,777.12329,800.20616,pct_seq,revenue in the second quarter to be in the range of -2% to +4% sequentially,,True,,,,-2.0,4.0
adi,2016-05-18,2016Q1,2016Q2,https://www.sec.gov/Archives/edgar/data/6281/000115752316005657/a51344592ex99-1.htm,,,,,,,False,,,,,
adi,2016-08-17,2016Q2,2016Q3,https://www.sec.gov/Archives/edgar/data/6281/000115752316006547/a51402954ex99_1.htm,910.0,940.0,970.0,range,"revenue to increase sequentially, and be in the range of $910 million to $970 million",,True,,,,,
adi,2016-11-22,2016Q3,2016Q4,https://www.sec.gov/Archives/edgar/data/6281/000115752316007438/a51464721_ex991.htm,840.0,870.0,900.0,range,Revenue estimated to be in the range of $840 million to $900 million,,True,,,,,
adi,2017-02-15,2016Q4,2017Q1,https://www.sec.gov/Archives/edgar/data/6281/000115752317000493/a51510364_ex991.htm,870.0,910.0,950.0,range,revenue to be in the range of $870 million to $950 million,,True,,,,,
adi,2017-05-31,2017Q1,2017Q2,https://www.sec.gov/Archives/edgar/data/6281/000115752317001694/a51566930ex99_1.htm,1340.0,1380.0,1420.0,range,"revenue in the third quarter of 2017, our first full quarter with Linear Technology, to be in the range of $1.34 billion to $1.42 billion",,True,,,,,
adi,2017-08-30,2017Q2,2017Q3,https://www.sec.gov/Archives/edgar/data/6281/000115752317002422/a51675775ex99_1.htm,1450.0,1500.0,1550.0,range,revenue in the fourth quarter to be in the range of $1.45 billion to $1.55 billion,,True,,,,,
adi,2017-11-21,2017Q3,2017Q4,https://www.sec.gov/Archives/edgar/data/6281/000115752317003137/a51719386ex99_1.htm,1440.0,1490.0,1540.0,range,revenue to be in the range of $1.44 billion to $1.54 billion,,True,,,,,
adi,2018-02-28,2017Q4,2018Q1,https://www.sec.gov/Archives/edgar/data/6281/000115752318000442/a51765657ex99_1.htm,1430.0,1470.0,1510.0,range,revenue to be in the range of $1.43 billion to $1.51 billion,,True,,,,,
adi,2018-05-30,2018Q1,2018Q2,https://www.sec.gov/Archives/edgar/data/6281/000115752318001211/a51813933_ex991.htm,1470.0,1510.0,1550.0,range,revenue to be in the range of $1.47 billion to $1.55 billion,,True,,,,,
adi,2018-08-22,2018Q2,2018Q3,https://www.sec.gov/Archives/edgar/data/6281/000115752318001858/a51855658ex99_1.htm,1530.0,1570.0,1610.0,plusminus,Revenue $1.57 billion (+/- $40 million),,True,,,,,
adi,2018-11-20,2018Q3,2018Q4,https://www.sec.gov/Archives/edgar/data/6281/000115752318002463/a51902441ex99_1.htm,1460.0,1510.0,1560.0,plusminus,Revenue $1.51 billion (+/- $50 million),,True,,,,,
adi,2019-02-20,2018Q4,2019Q1,https://www.sec.gov/Archives/edgar/data/6281/000115752319000376/a51943031ex99_1.htm,1450.0,1500.0,1550.0,plusminus,"forecasting revenue of $1.50 billion, +/- $50 million",,True,,,,,
adi,2019-05-22,2019Q1,2019Q2,https://www.sec.gov/Archives/edgar/data/6281/000000628119000087/adiq219exhibit991.htm,1400.0,1450.0,1500.0,plusminus,"forecasting revenue of $1.45 billion, +/- $50 million",,True,,,,,
adi,2019-08-21,2019Q2,2019Q3,https://www.sec.gov/Archives/edgar/data/6281/000000628119000114/adiq319exhibit991.htm,1400.0,1450.0,1500.0,plusminus,"forecasting revenue of $1.45 billion, +/- $50 million",,True,,,,,
adi,2019-11-26,2019Q3,2019Q4,https://www.sec.gov/Archives/edgar/data/6281/000000628119000140/adiq419exhibit991earni.htm,1250.0,1300.0,1350.0,plusminus,"forecasting revenue of $1.30 billion, +/- $50 million",,True,,,,,
adi,2020-02-19,2019Q4,2020Q1,https://www.sec.gov/Archives/edgar/data/6281/000000628120000012/adi1q20exhibit992earni.htm,1300.0,1350.0,1400.0,plusminus,"forecasting revenue of $1.35 billion, +/- $50 million",,True,,,,,
adi,2020-05-20,2020Q1,2020Q2,https://www.sec.gov/Archives/edgar/data/6281/000000628120000085/adi2q20exhibit991earni.htm,1250.0,1320.0,1390.0,plusminus,"forecasting revenue of $1.32 billion, +/- $70 million",,True,,,,,
adi,2020-08-19,2020Q2,2020Q3,https://www.sec.gov/Archives/edgar/data/6281/000000628120000122/adi3q20exhibit991earni.htm,1370.0,1440.0,1510.0,plusminus,"forecasting revenue of $1.44 billion, +/- $70 million",,True,,,,,
adi,2020-11-24,2020Q3,2020Q4,https://www.sec.gov/Archives/edgar/data/6281/000000628120000155/adiq420exhibit991.htm,1430.0,1500.0,1570.0,plusminus,"forecasting revenue of $1.50 billion, +/- $70 million",,True,,,,,
adi,2021-02-17,2020Q4,2021Q1,https://www.sec.gov/Archives/edgar/data/6281/000000628121000020/adi1q21exhibit992earnings.htm,1550.0,1600.0,1650.0,plusminus,"forecasting revenue of $1.60 billion, +/- $50 million",,True,,,,,
adi,2021-05-19,2021Q1,2021Q2,https://www.sec.gov/Archives/edgar/data/6281/000000628121000167/adi2q21exhibit991earnings.htm,1630.0,1700.0,1770.0,plusminus,"forecasting revenue of $1.7 billion, +/- $70 million",,True,,,,,
adi,2021-08-18,2021Q2,2021Q3,https://www.sec.gov/Archives/edgar/data/6281/000000628121000196/adi3q21exhibit991earnings.htm,1710.0,1780.0,1850.0,plusminus,"forecasting revenue of $1.78 billion, +/- $70 million",,True,,,,,
adi,2021-11-23,2021Q3,2021Q4,https://www.sec.gov/Archives/edgar/data/6281/000000628121000280/adiq421exhibit991.htm,2500.0,2600.0,2700.0,plusminus,"forecasting revenue of $2.60 Billion , +/- $100 Million",,True,,,,,
adi,2022-02-16,2021Q4,2022Q1,https://www.sec.gov/Archives/edgar/data/6281/000000628122000019/adi1q22exhibit992earnings.htm,2700.0,2800.0,2900.0,plusminus,"forecasting revenue of $2.80 billion, +/- $100 million",,True,,,,,
adi,2022-05-18,2022Q1,2022Q2,https://www.sec.gov/Archives/edgar/data/6281/000000628122000167/adi2q22exhibit991earnings.htm,2950.0,3050.0,3150.0,plusminus,"forecasting revenue of $3.05 billion, +/- $100 million",,True,,,,,
adi,2022-08-17,2022Q2,2022Q3,https://www.sec.gov/Archives/edgar/data/6281/000000628122000222/adi3q22exhibit991earnings.htm,3050.0,3150.0,3250.0,plusminus,"forecasting revenue of $3.15 billion, +/- $100 million",,True,,,,,
adi,2022-11-22,2022Q3,2022Q4,https://www.sec.gov/Archives/edgar/data/6281/000000628122000246/adiq422exhibit991.htm,3050.0,3150.0,3250.0,plusminus,"forecasting revenue of $3.15 billion, +/- $100 million",,True,,,,,
adi,2023-02-15,2022Q4,2023Q1,https://www.sec.gov/Archives/edgar/data/6281/000000628123000029/adi1q23exhibit992earnings.htm,3100.0,3200.0,3300.0,plusminus,"forecasting revenue of $3.20 billion, +/- $100 million",,True,,,,,
adi,2023-05-24,2023Q1,2023Q2,https://www.sec.gov/Archives/edgar/data/6281/000000628123000151/adi2q23exhibit991earnings.htm,3000.0,3100.0,3200.0,plusminus,"forecasting revenue of $3.10 billion, +/- $100 million",,True,,,,,
adi,2023-08-23,2023Q2,2023Q3,https://www.sec.gov/Archives/edgar/data/6281/000000628123000177/adi3q23exhibit991earnings.htm,2600.0,2700.0,2800.0,plusminus,"forecasting revenue of $2.70 billion, +/- $100 million",,True,,,,,
adi,2023-11-21,2023Q3,2023Q4,https://www.sec.gov/Archives/edgar/data/6281/000000628123000200/adiq423exhibit991.htm,2400.0,2500.0,2600.0,plusminus,"forecasting revenue of $2.5 billion, +/- $100 million",,True,,,,,
adi,2024-02-21,2023Q4,2024Q1,https://www.sec.gov/Archives/edgar/data/6281/000000628124000032/adi1q24exhibit991earnings.htm,2000.0,2100.0,2200.0,plusminus,"forecasting revenue of $2.10 billion, +/- $100 million",,True,,,,,
adi,2024-05-22,2024Q1,2024Q2,https://www.sec.gov/Archives/edgar/data/6281/000000628124000130/adi2q24exhibit991earnings.htm,2170.0,2270.0,2370.0,plusminus,"forecasting revenue of $2.27 billion, +/- $100 million",,True,,,,,
adi,2024-08-21,2024Q2,2024Q3,https://www.sec.gov/Archives/edgar/data/6281/000000628124000158/adi3q24exhibit991earnings.htm,2300.0,2400.0,2500.0,plusminus,"forecasting revenue of $2.40 billion, +/- $100 million",,True,,,,,
adi,2024-11-26,2024Q3,2024Q4,https://www.sec.gov/Archives/edgar/data/6281/000000628124000202/adiq424exhibit991.htm,2250.0,2350.0,2450.0,plusminus,"forecasting revenue of $2.35 billion, +/- $100 million",,True,,,,,
adi,2025-02-19,2024Q4,2025Q1,https://www.sec.gov/Archives/edgar/data/6281/000000628125000022/adi1q25exhibit991earnings.htm,2400.0,2500.0,2600.0,plusminus,"forecasting revenue of $2.50 billion, +/- $100 million",,True,,,,,
adi,2025-05-22,2025Q1,2025Q2,https://www.sec.gov/Archives/edgar/data/6281/000000628125000124/adi2q25exhibit991earnings.htm,2650.0,2750.0,2850.0,plusminus,"forecasting revenue of $2.75 billion, +/- $100 million",,True,,,,,
adi,2025-08-20,2025Q2,2025Q3,https://www.sec.gov/Archives/edgar/data/6281/000000628125000142/adi3q25exhibit991earnings.htm,2900.0,3000.0,3100.0,plusminus,"forecasting revenue of $3.0 billion, +/- $100 million",,True,,,,,
adi,2025-11-25,2025Q3,2025Q4,https://www.sec.gov/Archives/edgar/data/6281/000000628125000151/adiq425exhibit991.htm,3000.0,3100.0,3200.0,plusminus,"forecasting revenue of $3.1 billion, +/- $100 million",,True,,,,,
adi,2026-02-18,2025Q4,2026Q1,https://www.sec.gov/Archives/edgar/data/6281/000000628126000015/adi1q26exhibit991earnings.htm,3400.0,3500.0,3600.0,plusminus,"forecasting revenue of $3.5 billion, +/- $100 million",,True,,,,,
adi,2026-05-20,2026Q1,2026Q2,https://www.sec.gov/Archives/edgar/data/6281/000000628126000050/adi2q26exhibit991earnings.htm,3800.0,3900.0,4000.0,plusminus,"forecasting revenue of $3.9 billion, +/- $100 million",,True,,,,,
adi,2026-08-19,2026Q2,2026Q3,https://www.sec.gov/Archives/edgar/data/6281/000000628126000072/adi3q26exhibit991earnings.htm,4200.0,4300.0,4400.0,plusminus,"forecasting revenue of $4.3 billion, +/- $100 million",,True,,,,,
onsemi,2011-02-03,2010Q4,2011Q1,https://www.sec.gov/Archives/edgar/data/1097864/000119312511022476/dex991.htm,570.0,580.0,590.0,range_one_unit,outlook (excluding the expected results of SANYO Semiconductor). ON SEMICONDUCTOR Q1 2011 BUSINESS OUTLOOK (Excludes expected results of SANYO Semiconductor) GAAP Special Items *** Non-GAAP**** Revenue $570 to $590 million,,True,,,,,
onsemi,2011-05-05,2011Q1,2011Q2,https://www.sec.gov/Archives/edgar/data/1097864/000119312511127049/dex991.htm,860.0,880.0,900.0,range_one_unit,outlook. ON Semiconductor Reports First Quarter 2011 Results 3 – 3 – 3 – 3 ON SEMICONDUCTOR Q2 2011 BUSINESS OUTLOOK Total ON Semiconductor GAAP Special Items *** Total ON Semiconductor Non-GAAP**** Revenue $860 to $900 million,,True,,,,,
onsemi,2011-08-03,2011Q2,2011Q3,https://www.sec.gov/Archives/edgar/data/1097864/000119312511208176/dex991.htm,895.0,910.0,925.0,range_one_unit,outlook. ON SEMICONDUCTOR Q3 2011 BUSINESS OUTLOOK Total ON Semiconductor GAAP Special Items *** Total ON Semiconductor Non-GAAP**** Revenue $895 to $925 million,,True,,,,,
onsemi,2011-11-02,2011Q3,2011Q4,https://www.sec.gov/Archives/edgar/data/1097864/000119312511292779/d250815dex991.htm,800.0,820.0,840.0,range_one_unit,"outlook, subject to the qualifications above. THAILAND FLOOD IMPACT TO ON SEMICONDUCTOR Q4 2011 REVENUES Revenue Guidance Prior to Flood Impact Impact From The Flood Revenue Guidance After Flood Impact Revenue $800 to $840 million",,True,,,,,
onsemi,2012-02-08,2011Q4,2012Q1,https://www.sec.gov/Archives/edgar/data/1097864/000119312512046577/d296292dex991.htm,720.0,740.0,760.0,range_one_unit,outlook. ON SEMICONDUCTOR Q1 2012 BUSINESS OUTLOOK Total ON Semiconductor GAAP Special Items *** Total ON Semiconductor Non-GAAP**** Revenue $720 to $760 million,,True,,,,,
onsemi,2012-05-02,2012Q1,2012Q2,https://www.sec.gov/Archives/edgar/data/1097864/000119312512204548/d344405dex991.htm,745.0,765.0,785.0,range_one_unit,outlook. ON SEMICONDUCTOR Q2 2012 BUSINESS OUTLOOK Total ON Semiconductor Special Total ON Semiconductor GAAP Items *** Non-GAAP**** Revenue $745 to $785 million,,True,,,,,
onsemi,2012-08-02,2012Q2,2012Q3,https://www.sec.gov/Archives/edgar/data/1097864/000119312512331881/d390656dex991.htm,725.0,745.0,765.0,range_one_unit,outlook. ON SEMICONDUCTOR Q3 2012 BUSINESS OUTLOOK Total ON Semiconductor GAAP Special Items *** Total ON Semiconductor Non-GAAP**** Revenue $725 to $765 million,,True,,,,,
onsemi,2012-11-01,2012Q3,2012Q4,https://www.sec.gov/Archives/edgar/data/1097864/000119312512446631/d430806dex991.htm,650.0,670.0,690.0,range_one_unit,outlook. ON SEMICONDUCTOR Q4 2012 BUSINESS OUTLOOK Total ON Semiconductor GAAP Special Items *** Total ON Semiconductor Non-GAAP**** Revenue $650 to $690 million,,True,,,,,
onsemi,2013-02-07,2012Q4,2013Q1,https://www.sec.gov/Archives/edgar/data/1097864/000119312513042233/d479041dex991.htm,645.0,665.0,685.0,range_one_unit,outlook. ON SEMICONDUCTOR Q1 2013 BUSINESS OUTLOOK 2 Total ON Semiconductor GAAP Special Items *** Total ON Semiconductor Non-GAAP**** Revenue $645 to $685 million,,True,,,,,
onsemi,2013-05-02,2013Q1,2013Q2,https://www.sec.gov/Archives/edgar/data/1097864/000119312513196124/d531207dex991.htm,675.0,695.0,715.0,range_one_unit,outlook. ON SEMICONDUCTOR Q2 2013 BUSINESS OUTLOOK Total ON Semiconductor GAAP Special Items *** Total ON Semiconductor Non-GAAP**** Revenue $675 to $715 million,,True,,,,,
onsemi,2013-08-02,2013Q2,2013Q3,https://www.sec.gov/Archives/edgar/data/1097864/000119312513315349/d576919dex991.htm,700.0,715.0,730.0,range_one_unit,outlook. ON SEMICONDUCTOR Q3 2013 BUSINESS OUTLOOK Total ON Semiconductor GAAP Special Items *** Total ON Semiconductor Non-GAAP**** Revenue $700 to $730 million,,True,,,,,
onsemi,2013-10-31,2013Q3,2013Q4,https://www.sec.gov/Archives/edgar/data/1097864/000119312513420851/d620867dex991.htm,675.0,690.0,705.0,range_one_unit,outlook. ON SEMICONDUCTOR Q4 2013 BUSINESS OUTLOOK Total ON Semiconductor GAAP Special Items *** Total ON Semiconductor Non-GAAP**** Revenue $675 to $705 million,,True,,,,,
onsemi,2014-02-06,2013Q4,2014Q1,https://www.sec.gov/Archives/edgar/data/1097864/000119312514038827/d664412dex991.htm,695.0,710.0,725.0,range_one_unit,outlook. ON SEMICONDUCTOR Q1 2014 BUSINESS OUTLOOK Total ON Semiconductor GAAP Special Items *** Total ON Semiconductor Non-GAAP**** Revenue $695 to $725 million,,True,,,,,
onsemi,2014-05-01,2014Q1,2014Q2,https://www.sec.gov/Archives/edgar/data/1097864/000119312514177142/d716645dex991.htm,738.0,753.0,768.0,range_one_unit,outlook. ON SEMICONDUCTOR Q2 2014 BUSINESS OUTLOOK Total ON Semiconductor GAAP Special Items *** Total ON Semiconductor Non-GAAP**** Revenue $738 to $768 million,,True,,,,,
onsemi,2014-07-31,2014Q2,2014Q3,https://www.sec.gov/Archives/edgar/data/1097864/000119312514289632/d764084dex991.htm,765.0,780.0,795.0,range_one_unit,outlook. ON SEMICONDUCTOR Q3 2014 BUSINESS OUTLOOK Total ON Semiconductor GAAP Special Items *** Total ON Semiconductor Non-GAAP**** Revenue $765 to $795 million,,True,,,,,
onsemi,2014-10-30,2014Q3,2014Q4,https://www.sec.gov/Archives/edgar/data/1097864/000119312514389663/d807687dex991.htm,835.0,855.0,875.0,range_one_unit,outlook. ON SEMICONDUCTOR Q4 2014 BUSINESS OUTLOOK Total ON Semiconductor GAAP Special Items *** Total ON Semiconductor Non-GAAP**** Revenue $835 to $875 million,,True,,,,,
onsemi,2015-02-05,2014Q4,2015Q1,https://www.sec.gov/Archives/edgar/data/1097864/000119312515035483/d864539dex991.htm,840.0,860.0,880.0,range_one_unit,outlook. ON SEMICONDUCTOR Q1 2015 BUSINESS OUTLOOK Total ON Semiconductor GAAP Special Items *** Total ON Semiconductor Non-GAAP**** Revenue $840 to $880 million,,True,,,,,
onsemi,2015-05-04,2015Q1,2015Q2,https://www.sec.gov/Archives/edgar/data/1097864/000119312515167237/d920039dex991.htm,876.0,896.0,916.0,range_one_unit,outlook. ON SEMICONDUCTOR Q2 2015 BUSINESS OUTLOOK Total ON Semiconductor GAAP Special Items *** Total ON Semiconductor Non-GAAP**** Revenue $876 to $916 million,,True,,,,,
onsemi,2015-08-03,2015Q2,2015Q3,https://www.sec.gov/Archives/edgar/data/1097864/000119312515273806/d59957dex991.htm,890.0,910.0,930.0,range_one_unit,outlook. ON SEMICONDUCTOR Q3 2015 BUSINESS OUTLOOK Total ON Semiconductor GAAP Special Items *** Total ON Semiconductor Non-GAAP**** Revenue $890 to $930 million,,True,,,,,
onsemi,2015-10-29,2015Q3,2015Q4,https://www.sec.gov/Archives/edgar/data/1097864/000119312515358101/d86684dex991.htm,830.0,850.0,870.0,range_one_unit,outlook. ON SEMICONDUCTOR Q4 2015 BUSINESS OUTLOOK Total ON Semiconductor GAAP Special Items *** Total ON Semiconductor Non-GAAP**** Revenue $830 to $870 million,,True,,,,,
onsemi,2016-02-08,2015Q4,2016Q1,https://www.sec.gov/Archives/edgar/data/1097864/000119312516452993/d127365dex991.htm,800.0,820.0,840.0,range_one_unit,outlook. ON SEMICONDUCTOR Q1 2016 BUSINESS OUTLOOK Total ON Semiconductor GAAP Special Items *** Total ON Semiconductor Non-GAAP**** Revenue $800 to $840 million,,True,,,,,
onsemi,2016-05-09,2016Q1,2016Q2,https://www.sec.gov/Archives/edgar/data/1097864/000119312516582666/d178541dex991.htm,835.0,855.0,875.0,range_one_unit,outlook. ON SEMICONDUCTOR Q2 2016 BUSINESS OUTLOOK Total ON Semiconductor GAAP Special Items *** Total ON Semiconductor Non-GAAP**** Revenue $835 to $875 million,,True,,,,,
onsemi,2016-08-08,2016Q2,2016Q3,https://www.sec.gov/Archives/edgar/data/1097864/000119312516674180/d230513dex991.htm,885.0,905.0,925.0,range_one_unit,outlook. ON SEMICONDUCTOR Q3 2016 BUSINESS OUTLOOK Total ON Semiconductor GAAP Special Items *** Total ON Semiconductor Non-GAAP**** Revenue $885 to $925 million,,True,,,,,
onsemi,2016-11-07,2016Q3,2016Q4,https://www.sec.gov/Archives/edgar/data/1097864/000119312516760786/d282989dex991.htm,1190.0,1215.0,1240.0,range_one_unit,"outlook. ON SEMICONDUCTOR FOURTH QUARTER 2016 BUSINESS OUTLOOK Total ON Semiconductor GAAP Special Items *** Total ON Semiconductor Non-GAAP**** Revenue $1,190 to $1,240 million",,True,,,,,
onsemi,2017-02-13,2016Q4,2017Q1,https://www.sec.gov/Archives/edgar/data/1097864/000119312517039258/d340559dex991.htm,1215.0,1240.0,1265.0,range_one_unit,"outlook. ON SEMICONDUCTOR Q1 2017 BUSINESS OUTLOOK Total ON Semiconductor GAAP Special Items *** Total ON Semiconductor Non-GAAP**** Revenue $1,215 to $1,265 million",,True,,,,,
onsemi,2017-05-08,2017Q1,2017Q2,https://www.sec.gov/Archives/edgar/data/1097864/000119312517161645/d359276dex991.htm,1285.0,1310.0,1335.0,range_one_unit,"outlook. Total ON Semiconductor GAAP Special Items*** Total ON Semiconductor Non-GAAP**** Revenue $1,285 to $1,335 million",,True,,,,,
onsemi,2017-08-07,2017Q2,2017Q3,https://www.sec.gov/Archives/edgar/data/1097864/000119312517249195/d428801dex991.htm,1340.0,1365.0,1390.0,range_one_unit,"outlook. Total ON Semiconductor GAAP Special Items*** Total ON Semiconductor Non-GAAP**** Revenue $1,340 to $1,390 million",,True,,,,,
onsemi,2017-11-06,2017Q3,2017Q4,https://www.sec.gov/Archives/edgar/data/1097864/000119312517333495/d488410dex991.htm,1325.0,1350.0,1375.0,range_one_unit,"outlook. Total ON Semiconductor GAAP Special Items** Total ON Semiconductor Non-GAAP*** Revenue $1,325 to $1,375 million",,True,,,,,
onsemi,2018-02-05,2017Q4,2018Q1,https://www.sec.gov/Archives/edgar/data/1097864/000119312518031428/d524388dex991.htm,1340.0,1365.0,1390.0,range_one_unit,"outlook. Total ON Semiconductor GAAP Special Items*** Total ON Semiconductor Non-GAAP**** Revenue $1,340 to $1,390 million",,True,,,,,
onsemi,2018-04-30,2018Q1,2018Q2,https://www.sec.gov/Archives/edgar/data/1097864/000119312518140580/d553620dex991.htm,1405.0,1430.0,1455.0,range_one_unit,"outlook. Total ON Semiconductor GAAP Special Items*** Total ON Semiconductor Non-GAAP**** Revenue $1,405 to $1,455 million",,True,,,,,
onsemi,2018-07-30,2018Q2,2018Q3,https://www.sec.gov/Archives/edgar/data/1097864/000119312518230311/d550526dex991.htm,1485.0,1510.0,1535.0,range_one_unit,"outlook. Total ON Semiconductor GAAP Special Items*** Total ON Semiconductor Non-GAAP**** Revenue $1,485 to $1,535 million",,True,,,,,
onsemi,2018-10-29,2018Q3,2018Q4,https://www.sec.gov/Archives/edgar/data/1097864/000119312518309770/d643639dex991.htm,1480.0,1505.0,1530.0,range_one_unit,"outlook. Total ON Semiconductor GAAP Special Items*** Total ON Semiconductor Non-GAAP**** Revenue $1,480 to $1,530 million",,True,,,,,
onsemi,2019-02-01,2018Q4,2019Q1,https://www.sec.gov/Archives/edgar/data/1097864/000119312519025997/d697997dex991.htm,1365.0,1390.0,1415.0,range_one_unit,"outlook. Total ON Semiconductor GAAP Special Items*** Total ON Semiconductor Non-GAAP**** Revenue $1,365 to $1,415 million",,True,,,,,
onsemi,2019-04-29,2019Q1,2019Q2,https://www.sec.gov/Archives/edgar/data/1097864/000119312519123574/d735961dex991.htm,,,,,,,False,,,,,
onsemi,2019-08-05,2019Q2,2019Q3,https://www.sec.gov/Archives/edgar/data/1097864/000119312519212446/d734027dex991.htm,1355.0,1380.0,1405.0,range_one_unit,"outlook. Total ON Semiconductor GAAP Special Items*** Total ON Semiconductor Non-GAAP**** Revenue $1,355 to $1,405 million",,True,,,,,
onsemi,2019-10-28,2019Q3,2019Q4,https://www.sec.gov/Archives/edgar/data/1097864/000119312519275401/d807889dex991.htm,1350.0,1375.0,1400.0,range_one_unit,"outlook. Total ON Semiconductor GAAP Special Items*** Total ON Semiconductor Non-GAAP**** Revenue $1,350 to $1,400 million",,True,,,,,
onsemi,2020-02-03,2019Q4,2020Q1,https://www.sec.gov/Archives/edgar/data/1097864/000119312520022088/d857912dex991.htm,1355.0,1380.0,1405.0,range_one_unit,"outlook. Total ON Semiconductor GAAP Special Items*** Total ON Semiconductor Non-GAAP**** Revenue $1,355 to $1,405 million",,True,,,,,
onsemi,2020-05-11,2020Q1,2020Q2,https://www.sec.gov/Archives/edgar/data/1097864/000119312520138151/d909622dex991.htm,1100.0,1180.0,1260.0,range_one_unit,"outlook. Total ON Semiconductor GAAP Special Items*** Total ON Semiconductor Non-GAAP**** Revenue $1,100 to $1,260 million",,True,,,,,
onsemi,2020-08-10,2020Q2,2020Q3,https://www.sec.gov/Archives/edgar/data/1097864/000119312520214042/d20382dex991.htm,1200.0,1265.0,1330.0,range_one_unit,"outlook. Total ON Semiconductor GAAP Special Items*** Total ON Semiconductor Non-GAAP**** Revenue $1,200 to $1,330 million",,True,,,,,
onsemi,2020-11-02,2020Q3,2020Q4,https://www.sec.gov/Archives/edgar/data/1097864/000119312520283270/d63090dex991.htm,1300.0,1350.0,1400.0,range_one_unit,"outlook. Total ON Semiconductor GAAP Special Items*** Total ON Semiconductor Non-GAAP**** Revenue $1,300 to $1,400 million",,True,,,,,
onsemi,2021-02-01,2020Q4,2021Q1,https://www.sec.gov/Archives/edgar/data/1097864/000119312521023795/d97605dex991.htm,1410.0,1460.0,1510.0,range_one_unit,"outlook. Total ON Semiconductor GAAP Special Items*** Total ON Semiconductor Non-GAAP**** Revenue $1,410 to $1,510 million",,True,,,,,
onsemi,2021-05-03,2021Q1,2021Q2,https://www.sec.gov/Archives/edgar/data/1097864/000119312521146697/d175220dex991.htm,1570.0,1620.0,1670.0,range_one_unit,"OUTLOOK The following table outlines ON Semiconductor's projected second quarter of 2021 GAAP and non-GAAP outlook. Total ON Semiconductor GAAP Special Items*** Total ON Semiconductor Non-GAAP**** Revenue $1,570 to $1,670 million",,True,,,,,
onsemi,2021-08-02,2021Q2,2021Q3,https://www.sec.gov/Archives/edgar/data/1097864/000119312521232323/d188483dex991.htm,1660.0,1710.0,1760.0,range_one_unit,"OUTLOOK The following table outlines ON Semiconductor's projected third quarter of 2021 GAAP and non-GAAP outlook. Total ON Semiconductor GAAP Special Items*** Total ON Semiconductor Non-GAAP**** Revenue $1,660 to $1,760 million",,True,,,,,
onsemi,2021-11-01,2021Q3,2021Q4,https://www.sec.gov/Archives/edgar/data/1097864/000119312521314537/d246938dex991.htm,1740.0,1790.0,1840.0,range_one_unit,"OUTLOOK The following table outlines onsemi's projected fourth quarter of 2021 GAAP and non-GAAP outlook. Total onsemi GAAP Special Items*** Total onsemi Non-GAAP**** Revenue $1,740 to $1,840 million",,True,,,,,
onsemi,2022-02-07,2021Q4,2022Q1,https://www.sec.gov/Archives/edgar/data/1097864/000119312522029095/d309948dex991.htm,1850.0,1900.0,1950.0,range_one_unit,"OUTLOOK The following table outlines onsemi's projected first quarter of 2022 GAAP and non-GAAP outlook. Total onsemi GAAP Special Items** Total onsemi Non-GAAP*** Revenue $1,850 to $1,950 million",,True,,,,,
onsemi,2022-05-02,2022Q1,2022Q2,https://www.sec.gov/Archives/edgar/data/1097864/000119312522135409/d354712dex991.htm,1965.0,2015.0,2065.0,range_one_unit,"OUTLOOK The following table outlines onsemi's projected second quarter of 2022 GAAP and non-GAAP outlook. Total onsemi GAAP Special Items ** Total onsemi Non-GAAP*** Revenue $1,965 to $2,065 million",,True,,,,,
onsemi,2022-08-01,2022Q2,2022Q3,https://www.sec.gov/Archives/edgar/data/1097864/000119312522207793/d357844dex991.htm,2070.0,2120.0,2170.0,range_one_unit,"OUTLOOK The following table outlines onsemi's projected third quarter of 2022 GAAP and non-GAAP outlook. Total onsemi GAAP Special Items ** Total onsemi Non-GAAP*** Revenue $2,070 to $2,170 million",,True,,,,,
onsemi,2022-10-31,2022Q3,2022Q4,https://www.sec.gov/Archives/edgar/data/1097864/000119312522273174/d388878dex991.htm,2010.0,2075.0,2140.0,range_one_unit,"OUTLOOK The following table outlines onsemi's projected fourth quarter of 2022 GAAP and non-GAAP outlook. Total onsemi GAAP Special Items ** Total onsemi Non-GAAP*** Revenue $2,010 to $2,140 million",,True,,,,,
onsemi,2023-02-06,2022Q4,2023Q1,https://www.sec.gov/Archives/edgar/data/1097864/000119312523024908/d406586dex991.htm,1870.0,1920.0,1970.0,range_one_unit,"OUTLOOK The following table outlines onsemi's projected first quarter of 2023 GAAP and non-GAAP outlook. Total onsemi GAAP Special Items ** Total onsemi Non-GAAP*** Revenue $1,870 to $1,970 million",,True,,,,,
onsemi,2023-05-01,2023Q1,2023Q2,https://www.sec.gov/Archives/edgar/data/1097864/000119312523128806/d461890dex991.htm,1975.0,2025.0,2075.0,range_one_unit,"OUTLOOK The following table outlines onsemi's projected second quarter of 2023 GAAP and non-GAAP outlook. Total onsemi GAAP Special Items ** Total onsemi Non-GAAP*** Revenue $1,975 to $2,075 million",,True,,,,,
onsemi,2023-07-31,2023Q2,2023Q3,https://www.sec.gov/Archives/edgar/data/1097864/000119312523198583/d473828dex991.htm,2095.0,2145.0,2195.0,range_one_unit,"OUTLOOK The following table outlines onsemi's projected third quarter of 2023 GAAP and non-GAAP outlook. Total onsemi GAAP Special Items** Total onsemi Non-GAAP*** Revenue $2,095 to $2,195 million",,True,,,,,
onsemi,2023-10-30,2023Q3,2023Q4,https://www.sec.gov/Archives/edgar/data/1097864/000119312523265690/d539978dex991.htm,1950.0,2000.0,2050.0,range_one_unit,"OUTLOOK The following table outlines onsemi's projected fourth quarter of 2023 GAAP and non-GAAP outlook. Total onsemi GAAP Special Items ** Total onsemi Non-GAAP*** Revenue $1,950 to $2,050 million",,True,,,,,
onsemi,2024-02-05,2023Q4,2024Q1,https://www.sec.gov/Archives/edgar/data/1097864/000119312524023485/d610011dex991.htm,1800.0,1850.0,1900.0,range_one_unit,"OUTLOOK The following table outlines onsemi's projected first quarter of 2024 GAAP and non-GAAP outlook. Total onsemi GAAP Special Items** Total onsemi Non-GAAP*** Revenue $1,800 to $1,900 million",,True,,,,,
onsemi,2024-04-29,2024Q1,2024Q2,https://www.sec.gov/Archives/edgar/data/1097864/000119312524120128/d806921dex991.htm,1680.0,1730.0,1780.0,range_one_unit,"OUTLOOK The following table outlines onsemi's projected second quarter of 2024 GAAP and non-GAAP outlook. Total onsemi GAAP Special Items** Total onsemi Non-GAAP*** Revenue $1,680 to $1,780 million",,True,,,,,
onsemi,2024-07-29,2024Q2,2024Q3,https://www.sec.gov/Archives/edgar/data/1097864/000119312524186735/d858048dex991.htm,1700.0,1750.0,1800.0,range_one_unit,"OUTLOOK The following table outlines onsemi's projected third quarter of 2024 GAAP and non-GAAP outlook. Total onsemi GAAP Special Items ** Total onsemi Non-GAAP*** Revenue $1,700 to $1,800 million",,True,,,,,
onsemi,2024-10-28,2024Q3,2024Q4,https://www.sec.gov/Archives/edgar/data/1097864/000119312524244677/d901571dex991.htm,1710.0,1760.0,1810.0,range_one_unit,"OUTLOOK The following table outlines onsemi's projected fourth quarter of 2024 GAAP and non-GAAP outlook. Total onsemi GAAP Special Items ** Total onsemi Non-GAAP*** Revenue $1,710 to $1,810 million",,True,,,,,
onsemi,2025-02-10,2024Q4,2025Q1,https://www.sec.gov/Archives/edgar/data/1097864/000119312525023201/d926041dex991.htm,1350.0,1400.0,1450.0,range_one_unit,"OUTLOOK The following table outlines onsemi's projected first quarter of 2025 GAAP and non-GAAP outlook. Total onsemi GAAP Special Items ** Total onsemi Non-GAAP *** Revenue $1,350 to $1,450 million",,True,,,,,
onsemi,2025-05-05,2025Q1,2025Q2,https://www.sec.gov/Archives/edgar/data/1097864/000114036125017228/ef20048379_ex99-1.htm,1400.0,1450.0,1500.0,range_one_unit,"OUTLOOK The following table outlines onsemi's projected second quarter of 2025 GAAP and non-GAAP outlook. Total onsemi GAAP Special Items ** Total onsemi Non-GAAP*** Revenue $1,400 to $1,500 million",,True,,,,,
onsemi,2025-08-04,2025Q2,2025Q3,https://www.sec.gov/Archives/edgar/data/1097864/000114036125028492/ef20053137_ex99-1.htm,1465.0,1515.0,1565.0,range_one_unit,"OUTLOOK The following table outlines onsemi's projected third quarter of 2025 GAAP and non-GAAP outlook. Total onsemi GAAP Special Items ** Total onsemi Non-GAAP*** Revenue $1,465 to $1,565 million",,True,,,,,
onsemi,2025-11-03,2025Q3,2025Q4,https://www.sec.gov/Archives/edgar/data/1097864/000114036125040094/ef20058125_ex99-1.htm,1480.0,1530.0,1580.0,range_one_unit,"OUTLOOK The following table outlines onsemi's projected fourth quarter of 2025 GAAP and non-GAAP outlook. Total onsemi GAAP Special Items ** Total onsemi Non-GAAP*** Revenue $1,480 to $1,580 million",,True,,,,,
onsemi,2026-02-09,2025Q4,2026Q1,https://www.sec.gov/Archives/edgar/data/1097864/000114036126004405/ef20065070_ex99-1.htm,1435.0,1485.0,1535.0,range_one_unit,"OUTLOOK The following table outlines onsemi's projected first quarter of 2026 GAAP and non-GAAP outlook. Total onsemi GAAP Special Items ** Total onsemi Non-GAAP*** Revenue $1,435 to $1,535 million",,True,,,,,
onsemi,2026-05-04,2026Q1,2026Q2,https://www.sec.gov/Archives/edgar/data/1097864/000114036126018868/ef20072220_ex99-1.htm,1535.0,1585.0,1635.0,range_one_unit,"OUTLOOK The following table outlines onsemi's projected second quarter of 2026 GAAP and non-GAAP outlook. Total onsemi GAAP Special Items ** Total onsemi Non-GAAP*** Revenue $1,535 to $1,635 million",,True,,,,,
onsemi,2026-08-03,2026Q2,2026Q3,https://www.sec.gov/Archives/edgar/data/1097864/000114036126030989/ef20079200_ex99-1.htm,1650.0,1700.0,1750.0,range_one_unit,"OUTLOOK The following table outlines onsemi's projected third quarter of 2026 GAAP and non-GAAP outlook. Total onsemi GAAP Special Items ** Total onsemi Non-GAAP*** Revenue $1,650 to $1,750 million",,True,,,,,
silabs,2011-01-26,2010Q4,2011Q1,https://www.sec.gov/Archives/edgar/data/1038074/000110465911003004/a11-4584_1ex99.htm,,,,,,,False,,,,,
silabs,2011-04-27,2011Q1,2011Q2,https://www.sec.gov/Archives/edgar/data/1038074/000110465911022653/a11-10905_1ex99.htm,,,,,,,False,,,,,
silabs,2011-07-25,2011Q2,2011Q3,https://www.sec.gov/Archives/edgar/data/1038074/000110465911040412/a11-21092_1ex99.htm,,,,,,,False,,,,,
silabs,2011-10-26,2011Q3,2011Q4,https://www.sec.gov/Archives/edgar/data/1038074/000110465911057849/a11-28476_1ex99.htm,,,,,,,False,,,,,
silabs,2012-01-25,2011Q4,2012Q1,https://www.sec.gov/Archives/edgar/data/1038074/000110465912003754/a12-3283_1ex99.htm,120.0,122.5,125.0,range_one_unit,expects revenue for the first quarter to be in the range of $120 million to $125 million,,True,,,,,
silabs,2012-04-25,2012Q1,2012Q2,https://www.sec.gov/Archives/edgar/data/1038074/000110465912028045/a12-10304_1ex99.htm,,,,,,,False,,,,,
silabs,2012-07-25,2012Q2,2012Q3,https://www.sec.gov/Archives/edgar/data/1038074/000110465912050803/a12-16908_1ex99.htm,,,,,,,False,,,,,
silabs,2012-10-24,2012Q3,2012Q4,https://www.sec.gov/Archives/edgar/data/1038074/000110465912070687/a12-24729_1ex99.htm,145.0,147.5,150.0,range_one_unit,expects revenue for the fourth quarter to be in the range of $145 to $150 million,,True,,,,,
silabs,2013-01-30,2012Q4,2013Q1,https://www.sec.gov/Archives/edgar/data/1038074/000110465913005808/a13-3840_1ex99.htm,,,,,,,False,,,,,
silabs,2013-04-24,2013Q1,2013Q2,https://www.sec.gov/Archives/edgar/data/1038074/000110465913031944/a13-10499_1ex99.htm,140.0,143.0,146.0,range_one_unit,expects revenue for the second quarter to be $140 to $146 million,,True,,,,,
silabs,2013-07-25,2013Q2,2013Q3,https://www.sec.gov/Archives/edgar/data/1038074/000110465913056476/a13-16938_1ex99.htm,144.0,146.5,149.0,range_one_unit,expects revenue for the third quarter to be in the range of $144 to $149 million,,True,,,,,
silabs,2013-10-24,2013Q3,2013Q4,https://www.sec.gov/Archives/edgar/data/1038074/000110465913077471/a13-22652_1ex99.htm,140.0,142.5,145.0,range_one_unit,expects revenue for the fourth quarter to be in the range of $140 million to $145 million,,True,,,,,
silabs,2014-01-29,2013Q4,2014Q1,https://www.sec.gov/Archives/edgar/data/1038074/000110465914004695/a14-4404_1ex99.htm,142.0,144.0,146.0,range_one_unit,expects revenue in the first quarter to be in the range of $142 million to $146 million,,True,,,,,
silabs,2014-04-29,2014Q1,2014Q2,https://www.sec.gov/Archives/edgar/data/1038074/000110465914031534/a14-11093_1ex99.htm,147.0,149.0,151.0,range_one_unit,expects revenue in the second quarter to be in the range of $147 million to $151 million,,True,,,,,
silabs,2014-07-25,2014Q2,2014Q3,https://www.sec.gov/Archives/edgar/data/1038074/000110465914053426/a14-17525_1ex99.htm,153.0,155.0,157.0,range_one_unit,expects revenue in the third quarter to be in the range of $153 million to $157 million,,True,,,,,
silabs,2014-10-23,2014Q3,2014Q4,https://www.sec.gov/Archives/edgar/data/1038074/000110465914073207/a14-22733_1ex99.htm,155.0,158.0,161.0,range_one_unit,expects revenue in the fourth quarter to be in the range of $155 million to $161 million,,True,,,,,
silabs,2015-02-04,2014Q4,2015Q1,https://www.sec.gov/Archives/edgar/data/1038074/000110465915006485/a15-3444_1ex99.htm,156.0,159.0,162.0,range_one_unit,expects revenue in the first quarter to be in the range of $156 million to $162 million,,True,,,,,
silabs,2015-04-29,2015Q1,2015Q2,https://www.sec.gov/Archives/edgar/data/1038074/000110465915031276/a15-10048_1ex99.htm,164.0,166.5,169.0,range_one_unit,expects revenue in the second quarter to be in the range of $164 million to $169 million,,True,,,,,
silabs,2015-07-29,2015Q2,2015Q3,https://www.sec.gov/Archives/edgar/data/1038074/000110465915054042/a15-16368_1ex99.htm,151.0,153.5,156.0,range_one_unit,expects revenue in the third quarter to be in the range of $151 million to $156 million,,True,,,,,
silabs,2015-10-28,2015Q3,2015Q4,https://www.sec.gov/Archives/edgar/data/1038074/000110465915073289/a15-21707_1ex99.htm,156.0,158.5,161.0,range_one_unit,expects revenue in the fourth quarter to be in the range of $156 million to $161 million,,True,,,,,
silabs,2016-02-03,2015Q4,2016Q1,https://www.sec.gov/Archives/edgar/data/1038074/000110465916093400/a16-3304_1ex99.htm,157.0,159.5,162.0,range_one_unit,expects revenue in the first quarter to be in the range of $157 million to $162 million,,True,,,,,
silabs,2016-04-27,2016Q1,2016Q2,https://www.sec.gov/Archives/edgar/data/1038074/000110465916114421/a16-9362_1ex99.htm,168.0,170.5,173.0,range_one_unit,expects revenue in the second quarter to be in the range of $168 million to $173 million,,True,,,,,
silabs,2016-07-27,2016Q2,2016Q3,https://www.sec.gov/Archives/edgar/data/1038074/000110465916134479/a16-15528_1ex99.htm,171.0,173.5,176.0,range_one_unit,expects revenue in the third quarter to be in the range of $171 million to $176 million,,True,,,,,
silabs,2016-10-26,2016Q3,2016Q4,https://www.sec.gov/Archives/edgar/data/1038074/000110465916152080/a16-20338_1ex99.htm,176.0,178.5,181.0,range_one_unit,expects revenue in the fourth quarter to be in the range of $176 million to $181 million,,True,,,,,
silabs,2017-02-01,2016Q4,2017Q1,https://www.sec.gov/Archives/edgar/data/1038074/000110465917005637/a17-3473_1ex99.htm,174.0,176.5,179.0,range_one_unit,expects revenue in the first quarter to be in the range of $174 million to $179 million,,True,,,,,
silabs,2017-04-26,2017Q1,2017Q2,https://www.sec.gov/Archives/edgar/data/1038074/000110465917026131/a17-11685_2ex99.htm,184.0,186.5,189.0,range_one_unit,expects revenue in the second quarter to be in the range of $184 million to $189 million,,True,,,,,
silabs,2017-07-26,2017Q2,2017Q3,https://www.sec.gov/Archives/edgar/data/1038074/000110465917046950/a17-18363_1ex99.htm,193.0,196.0,199.0,range_one_unit,expects revenue in the third quarter to be in the range of $193 million to $199 million,,True,,,,,
silabs,2017-10-25,2017Q3,2017Q4,https://www.sec.gov/Archives/edgar/data/1038074/000110465917063649/a17-24343_1ex99.htm,195.0,198.0,201.0,range_one_unit,expects revenue in the fourth quarter to be in the range of $195 million to $201 million,,True,,,,,
silabs,2018-01-31,2017Q4,2018Q1,https://www.sec.gov/Archives/edgar/data/1038074/000110465918005289/a18-3958_1ex99.htm,196.0,199.0,202.0,range_one_unit,expects revenue in the first quarter to be in the range of $196 million to $202 million,,True,,,,,
silabs,2018-04-25,2018Q1,2018Q2,https://www.sec.gov/Archives/edgar/data/1038074/000110465918026391/a18-12040_1ex99.htm,211.0,214.0,217.0,range_one_unit,expects revenue in the second quarter to be in the range of $211 million to $217 million,,True,,,,,
silabs,2018-07-25,2018Q2,2018Q3,https://www.sec.gov/Archives/edgar/data/1038074/000110465918046832/a18-17597_1ex99.htm,224.0,227.0,230.0,range_one_unit,expects revenue in the third quarter to be in the range of $224 to $230 million,,True,,,,,
silabs,2018-10-24,2018Q3,2018Q4,https://www.sec.gov/Archives/edgar/data/1038074/000110465918063586/a18-37050_1ex99.htm,221.0,224.0,227.0,range_one_unit,expects revenue in the fourth quarter to be in the range of $221 to $227 million,,True,,,,,
silabs,2019-01-30,2018Q4,2019Q1,https://www.sec.gov/Archives/edgar/data/1038074/000110465919004297/a19-3605_1ex99.htm,183.0,188.0,193.0,range_one_unit,expects first quarter revenue to be in the range of $183 to $193 million,,True,,,,,
silabs,2019-04-24,2019Q1,2019Q2,https://www.sec.gov/Archives/edgar/data/1038074/000110465919023252/a19-8693_1ex99.htm,202.0,207.0,212.0,range_one_unit,expects second quarter revenue to be in the range of $202 to $212 million,,True,,,,,
silabs,2019-07-24,2019Q2,2019Q3,https://www.sec.gov/Archives/edgar/data/1038074/000110465919041523/a19-13176_1ex99.htm,213.0,218.0,223.0,range_one_unit,expects third quarter revenue to be in the range of $213 to $223 million,,True,,,,,
silabs,2019-10-23,2019Q3,2019Q4,https://www.sec.gov/Archives/edgar/data/1038074/000110465919055691/tm19206891_ex99.htm,217.0,222.0,227.0,range_one_unit,expects fourth quarter revenue to be in the range of $217 to $227 million,,True,,,,,
silabs,2020-01-29,2019Q4,2020Q1,https://www.sec.gov/Archives/edgar/data/1038074/000110465920007847/tm205667d2_ex99.htm,209.0,214.0,219.0,range_one_unit,expects first quarter revenue to be in the range of $209 to $219 million,,True,,,,,
silabs,2020-04-29,2020Q1,2020Q2,https://www.sec.gov/Archives/edgar/data/1038074/000110465920052829/tm2017819d1_ex99.htm,190.0,200.0,210.0,range_one_unit,expects second quarter revenue to be in the range of $190 to $210 million,,True,,,,,
silabs,2020-07-29,2020Q2,2020Q3,https://www.sec.gov/Archives/edgar/data/1038074/000110465920087612/tm2025841d1_ex99.htm,208.0,213.0,218.0,range_one_unit,expects third quarter revenue to be in the range of $208 to $218 million,,True,,,,,
silabs,2020-10-28,2020Q3,2020Q4,https://www.sec.gov/Archives/edgar/data/1038074/000110465920118745/tm2034334d1_ex99.htm,221.0,226.0,231.0,range_one_unit,expects fourth quarter revenue to be in the range of $221 to $231 million,,True,,,,,
silabs,2021-02-03,2020Q4,2021Q1,https://www.sec.gov/Archives/edgar/data/1038074/000110465921011250/tm214455d3_ex99.htm,237.0,242.0,247.0,range_one_unit,expects first quarter revenue to be in the range of $237 to $247 million,,True,,,,,
silabs,2021-04-28,2021Q1,2021Q2,https://www.sec.gov/Archives/edgar/data/1038074/000110465921056004/tm2111718d2_ex99.htm,262.0,267.0,272.0,range_one_unit,expects second quarter revenue to be in the range of $262 to $272 million,,True,,,,,
silabs,2021-07-28,2021Q2,2021Q3,https://www.sec.gov/Archives/edgar/data/1038074/000110465921096634/tm2123157d3_ex99.htm,,,,,,,False,,,,,
silabs,2021-10-27,2021Q3,2021Q4,https://www.sec.gov/Archives/edgar/data/1038074/000110465921130288/tm2130944d1_ex99.htm,195.0,200.0,205.0,range_one_unit,expects fourth quarter revenue to be in the range of $195 to $205 million,,True,,,,,
silabs,2022-02-02,2021Q4,2022Q1,https://www.sec.gov/Archives/edgar/data/1038074/000110465922010616/tm221261d3_ex99.htm,220.0,225.0,230.0,range_one_unit,expects first quarter revenue to be in the range of $220 to $230 million,,True,,,,,
silabs,2022-04-27,2022Q1,2022Q2,https://www.sec.gov/Archives/edgar/data/1038074/000110465922050683/tm2213479d1_ex99.htm,245.0,250.0,255.0,range_one_unit,expects second quarter revenue to be in the range of $245 to $255 million,,True,,,,,
silabs,2022-07-27,2022Q2,2022Q3,https://www.sec.gov/Archives/edgar/data/1038074/000110465922082968/tm2221739d1_ex99.htm,265.0,270.0,275.0,range_one_unit,expects third-quarter revenue to be in the range of $265 to $275 million,,True,,,,,
silabs,2022-10-26,2022Q3,2022Q4,https://www.sec.gov/Archives/edgar/data/1038074/000110465922111348/tm2228840d1_ex99.htm,245.0,250.0,255.0,range_one_unit,expects fourth-quarter revenue to be between $245 to $255 million,,True,,,,,
silabs,2023-02-01,2022Q4,2023Q1,https://www.sec.gov/Archives/edgar/data/1038074/000110465923008980/tm235023d1_ex99.htm,242.0,247.0,252.0,range_one_unit,expects first-quarter revenue to be between $242 to $252 million,,True,,,,,
silabs,2023-04-26,2023Q1,2023Q2,https://www.sec.gov/Archives/edgar/data/1038074/000110465923049938/tm2313328d3_ex99.htm,238.0,243.0,248.0,range_one_unit,expects second-quarter revenue to be between $238 to $248 million,,True,,,,,
silabs,2023-07-26,2023Q2,2023Q3,https://www.sec.gov/Archives/edgar/data/1038074/000110465923084035/tm2316678d2_ex99.htm,190.0,200.0,210.0,range_one_unit,expects third-quarter revenue to be between $190 to $210 million,,True,,,,,
silabs,2023-11-01,2023Q3,2023Q4,https://www.sec.gov/Archives/edgar/data/1038074/000110465923113140/tm2329431d1_ex99.htm,70.0,85.0,100.0,range_one_unit,expects fourth-quarter revenue to be between $70 to $100 million,,True,,,,,
silabs,2024-02-07,2023Q4,2024Q1,https://www.sec.gov/Archives/edgar/data/1038074/000110465924011383/tm245270d1_ex99.htm,100.0,105.0,110.0,range_one_unit,expects first-quarter revenue to be between $100 to $110 million,,True,,,,,
silabs,2024-04-24,2024Q1,2024Q2,https://www.sec.gov/Archives/edgar/data/1038074/000162828024017527/slab-20240424q1earningsrel.htm,135.0,140.0,145.0,range_one_unit,expects second-quarter revenue to be between $135 to $145 million,,True,,,,,
silabs,2024-07-24,2024Q2,2024Q3,https://www.sec.gov/Archives/edgar/data/1038074/000162828024032692/slab-20240724q2earningsrel.htm,160.0,165.0,170.0,range_one_unit,expects third-quarter revenue to be between $160 to $170 million,,True,,,,,
silabs,2024-11-04,2024Q3,2024Q4,https://www.sec.gov/Archives/edgar/data/1038074/000162828024045001/slab-20241104q3earningsrel.htm,161.0,166.0,171.0,range_one_unit,expects fourth-quarter revenue to be between $161 to $171 million,,True,,,,,
silabs,2025-02-04,2024Q4,2025Q1,https://www.sec.gov/Archives/edgar/data/1038074/000103807425000002/slab-20250204q4earningsrel.htm,170.0,177.5,185.0,range_one_unit,expects first-quarter revenue to be between $170 to $185 million,,True,,,,,
silabs,2025-05-13,2025Q1,2025Q2,https://www.sec.gov/Archives/edgar/data/1038074/000103807425000007/slab-20250513q1earningsrel.htm,185.0,192.5,200.0,range_one_unit,expects second-quarter revenue to be between $185 to $200 million,,True,,,,,
silabs,2025-08-05,2025Q2,2025Q3,https://www.sec.gov/Archives/edgar/data/1038074/000103807425000012/slab-20250805q2earningsrel.htm,200.0,205.0,210.0,range_one_unit,expects third-quarter revenue to be between $200 to $210 million,,True,,,,,
silabs,2025-11-04,2025Q3,2025Q4,https://www.sec.gov/Archives/edgar/data/1038074/000103807425000021/slab-20251104q3earningsrel.htm,200.0,207.5,215.0,range_one_unit,expects fourth-quarter revenue to be between $200 to $215 million,,True,,,,,
silabs,2026-02-04,2025Q4,2026Q1,https://www.sec.gov/Archives/edgar/data/1038074/000103807426000002/slab-20260204q4earningsrel.htm,,,,,,,False,,,,,
silabs,2026-05-05,2026Q1,2026Q2,https://www.sec.gov/Archives/edgar/data/1038074/000103807426000018/slab-20260505q1earningsrel.htm,,,,,,,False,,,,,
silabs,2026-08-11,2026Q2,2026Q3,https://www.sec.gov/Archives/edgar/data/1038074/000103807426000027/slab-20260811q2earningsrel.htm,,,,,,,False,,,,,
semtech,2011-03-09,2010Q4,2011Q1,https://www.sec.gov/Archives/edgar/data/88941/000115752311001482/a6641490ex99-1.htm,117.0,119.0,121.0,range_one_unit,Net sales are expected to be in the range of $117.0 million to $121.0 million,,True,,,,,
semtech,2011-05-25,2011Q1,2011Q2,https://www.sec.gov/Archives/edgar/data/88941/000115752311003380/a6738088ex991.htm,127.0,129.0,131.0,range_one_unit,Net sales are expected to be in the range of $127.0 million to $131.0 million,,True,,,,,
semtech,2011-08-24,2011Q2,2011Q3,https://www.sec.gov/Archives/edgar/data/88941/000115752311005184/a6840180-ex991.htm,120.0,124.0,128.0,range_one_unit,Net sales are expected to be in the range of $120.0 million to $128.0 million,,True,,,,,
semtech,2011-11-30,2011Q3,2011Q4,https://www.sec.gov/Archives/edgar/data/88941/000115752311007011/a50089091-ex991.htm,102.0,105.0,108.0,range_one_unit,Net sales are expected to be in the range of $102 million to $108 million,,True,,,,,
semtech,2012-03-07,2011Q4,2012Q1,https://www.sec.gov/Archives/edgar/data/88941/000115752312001273/a50196224ex99_1.htm,102.0,105.0,108.0,range_one_unit,Net sales are expected to be in the range of $102.0 million to $108.0 million,,True,,,,,
semtech,2012-05-24,2012Q1,2012Q2,https://www.sec.gov/Archives/edgar/data/88941/000115752312003093/a50289993ex99_1.htm,146.0,150.0,154.0,range_one_unit,Net sales are expected to be in the range of $146.0 million to $154.0 million,,True,,,,,
semtech,2012-08-22,2012Q2,2012Q3,https://www.sec.gov/Archives/edgar/data/88941/000115752312004632/a50385233ex99_1.htm,148.0,151.0,154.0,range_one_unit,Net sales are expected to be in the range of $148.0 million to $154.0 million,,True,,,,,
semtech,2012-11-28,2012Q3,2012Q4,https://www.sec.gov/Archives/edgar/data/88941/000115752312006215/a50491464ex99_1.htm,146.0,149.0,152.0,range_one_unit,Net sales are expected to be in the range of $146.0 million to $152.0 million,,True,,,,,
semtech,2013-03-06,2012Q4,2013Q1,https://www.sec.gov/Archives/edgar/data/88941/000115752313001256/a50585518_ex991.htm,154.0,158.0,162.0,range_one_unit,Net sales are expected to be in the range of $154.0 million to $162.0 million,,True,,,,,
semtech,2013-05-22,2013Q1,2013Q2,https://www.sec.gov/Archives/edgar/data/88941/000115752313002847/a50638582ex99-1.htm,164.0,168.0,172.0,range_one_unit,Net sales are expected to be in the range of $164.0 million to $172.0 million,,True,,,,,
semtech,2013-08-21,2013Q2,2013Q3,https://www.sec.gov/Archives/edgar/data/88941/000115752313004203/a50695250ex99-1.htm,135.0,140.0,145.0,range_one_unit,Net sales are expected to be in the range of $135.0 million to $145.0 million,,True,,,,,
semtech,2013-11-18,2013Q3,2013Q4,https://www.sec.gov/Archives/edgar/data/88941/000115752313005539/a50753345ex99_1.htm,132.0,138.0,144.0,range_one_unit,Net sales are expected to be in the range of $132.0 million to $144.0 million,,True,,,,,
semtech,2014-03-05,2013Q4,2014Q1,https://www.sec.gov/Archives/edgar/data/88941/000110465914016502/a14-7486_1ex99d1.htm,127.0,130.0,133.0,range_one_unit,Net sales are expected to be in the range of $127.0 million to $133.0 million,,True,,,,,
semtech,2014-05-21,2014Q1,2014Q2,https://www.sec.gov/Archives/edgar/data/88941/000115752314002255/a50871100ex991.htm,138.0,142.0,146.0,range_one_unit,Net sales are expected to be in the range of $138.0 million to $146.0 million,,True,,,,,
semtech,2014-08-20,2014Q2,2014Q3,https://www.sec.gov/Archives/edgar/data/88941/000115752314003531/a50928177ex99_1.htm,142.0,147.0,152.0,range_one_unit,Net sales are expected to be in the range of $142 million to $152 million,,True,,,,,
semtech,2014-11-19,2014Q3,2014Q4,https://www.sec.gov/Archives/edgar/data/88941/000115752314004621/a50987909_ex991.htm,128.0,130.0,132.0,range_one_unit,Net sales are expected to be in the range of $128.0 million to $132.0 million,,True,,,,,
semtech,2015-03-04,2014Q4,2015Q1,https://www.sec.gov/Archives/edgar/data/88941/000115752315000830/a51052638ex99_1.htm,130.0,133.0,136.0,range_one_unit,Net sales are expected to be in the range of $130 million to $136 million,,True,,,,,
semtech,2015-05-27,2015Q1,2015Q2,https://www.sec.gov/Archives/edgar/data/88941/000115752315001915/a51111418ex991.htm,120.0,125.0,130.0,range_one_unit,Net sales are expected to be in the range of $120 million to $130 million,,True,,,,,
semtech,2015-08-19,2015Q2,2015Q3,https://www.sec.gov/Archives/edgar/data/88941/000115752315002958/a51166231ex99_1.htm,110.0,115.0,120.0,range_one_unit,Net sales are expected to be in the range of $110 million to $120 million,,True,,,,,
semtech,2015-11-18,2015Q3,2015Q4,https://www.sec.gov/Archives/edgar/data/88941/000115752315003893/a51227862ex99_1.htm,113.0,116.0,119.0,range_one_unit,Net sales are expected to be in the range of $113 million to $119 million,,True,,,,,
semtech,2016-03-02,2015Q4,2016Q1,https://www.sec.gov/Archives/edgar/data/88941/000115752316004814/a51292557ex99_1.htm,124.0,128.0,132.0,range_one_unit,Net sales are expected to be in the range of $124 million to $132 million,,True,,,,,
semtech,2016-06-01,2016Q1,2016Q2,https://www.sec.gov/Archives/edgar/data/88941/000117184316010419/exh_991.htm,130.0,135.0,140.0,range_one_unit,Net sales are expected to be in the range of $130 million to $140 million,,True,,,,,
semtech,2016-08-31,2016Q2,2016Q3,https://www.sec.gov/Archives/edgar/data/88941/000117184316012020/exh_991.htm,134.0,138.0,142.0,range_one_unit,Net sales are expected to be in the range of $134 million to $142 million,,True,,,,,
semtech,2016-11-30,2016Q3,2016Q4,https://www.sec.gov/Archives/edgar/data/88941/000117184316013443/exh_991.htm,133.2,137.2,141.2,range_one_unit,Net sales are expected to be in the range of $133.2 million to $141.2 million,,True,,,,,
semtech,2017-03-08,2016Q4,2017Q1,https://www.sec.gov/Archives/edgar/data/88941/000117184317001358/exh_991.htm,138.0,142.0,146.0,range_one_unit,Net sales are expected to be in the range of $138.0 million to $146.0 million,,True,,,,,
semtech,2017-05-31,2017Q1,2017Q2,https://www.sec.gov/Archives/edgar/data/88941/000117184317003404/exh_991.htm,147.0,152.0,157.0,range_one_unit,Net sales are expected to be in the range of $147.0 million to $157.0 million,,True,,,,,
semtech,2017-08-30,2017Q2,2017Q3,https://www.sec.gov/Archives/edgar/data/88941/000117184317005304/exh_991.htm,145.0,149.0,153.0,range_one_unit,Net sales are expected to be in the range of $145.0 million to $153.0 million,,True,,,,,
semtech,2017-11-29,2017Q3,2017Q4,https://www.sec.gov/Archives/edgar/data/88941/000117184317007347/exh_991.htm,131.5,133.5,135.5,range_one_unit,Net sales are expected to be in the range of $131.5 million to $135.5 million,,True,,,,,
semtech,2018-03-14,2017Q4,2018Q1,https://www.sec.gov/Archives/edgar/data/88941/000117184318001954/exh_991.htm,144.3,147.3,150.3,range_one_unit,Net sales are expected to be in the range of $144.3 million to $150.3 million,,True,,,,,
semtech,2018-05-30,2018Q1,2018Q2,https://www.sec.gov/Archives/edgar/data/88941/000117184318004286/exh_991.htm,155.0,161.0,167.0,range_one_unit,Net sales are expected to be in the range of $155.0 million to $167.0 million,,True,,,,,
semtech,2018-08-29,2018Q2,2018Q3,https://www.sec.gov/Archives/edgar/data/88941/000115752318001884/a51859369ex99_1.htm,168.0,173.0,178.0,range_one_unit,Net sales are expected to be in the range of $168.0 million to $178.0 million,,True,,,,,
semtech,2018-11-28,2018Q3,2018Q4,https://www.sec.gov/Archives/edgar/data/88941/000115752318002486/a51906173ex99_1.htm,155.0,160.0,165.0,range_one_unit,Net sales are expected to be in the range of $155.0 million to $165.0 million,,True,,,,,
semtech,2019-03-13,2018Q4,2019Q1,https://www.sec.gov/Archives/edgar/data/88941/000115752319000599/a51954373ex99_1.htm,125.0,130.0,135.0,range_one_unit,Net sales are expected to be in the range of $125.0 million to $135.0 million,,True,,,,,
semtech,2019-05-29,2019Q1,2019Q2,https://www.sec.gov/Archives/edgar/data/88941/000115752319001317/a51991622_ex991.htm,128.0,135.0,142.0,range_one_unit,Net sales are expected to be in the range of $128.0 million to $142.0 million,,True,,,,,
semtech,2019-08-28,2019Q2,2019Q3,https://www.sec.gov/Archives/edgar/data/88941/000115752319001921/a52085285ex99_1.htm,135.0,140.0,145.0,range_one_unit,Net sales are expected to be in the range of $135.0 million to $145.0 million,,True,,,,,
semtech,2019-12-04,2019Q3,2019Q4,https://www.sec.gov/Archives/edgar/data/88941/000115752319002320/a52140129ex99_1.htm,130.0,135.0,140.0,range_one_unit,Net sales are expected to be in the range of $130.0 million to $140.0 million,,True,,,,,
semtech,2020-03-11,2019Q4,2020Q1,https://www.sec.gov/Archives/edgar/data/88941/000115752320000333/a52187745ex99_1.htm,125.0,130.0,135.0,range_one_unit,Net sales are expected to be in the range of $125.0 million to $135.0 million,,True,,,,,
semtech,2020-05-27,2020Q1,2020Q2,https://www.sec.gov/Archives/edgar/data/88941/000115752320000817/a52226622ex99_1.htm,138.0,142.0,146.0,range_one_unit,Net sales are expected to be in the range of $138.0 million to $146.0 million,,True,,,,,
semtech,2020-08-26,2020Q2,2020Q3,https://www.sec.gov/Archives/edgar/data/88941/000115752320001209/a52273808ex99_1.htm,145.0,150.0,155.0,range_one_unit,Net sales are expected to be in the range of $145.0 million to $155.0 million,,True,,,,,
semtech,2020-12-02,2020Q3,2020Q4,https://www.sec.gov/Archives/edgar/data/88941/000115752320001557/a52341623ex99_1.htm,153.0,158.0,163.0,range_one_unit,Net sales are expected to be in the range of $153.0 million to $163.0 million,,True,,,,,
semtech,2021-03-17,2020Q4,2021Q1,https://www.sec.gov/Archives/edgar/data/88941/000115752321000354/a52397541ex99_1.htm,164.0,168.0,172.0,range_one_unit,Net sales are expected to be in the range of $164.0 million to $172.0 million,,True,,,,,
semtech,2021-06-02,2021Q1,2021Q2,https://www.sec.gov/Archives/edgar/data/88941/000115752321000733/a52439339ex991.htm,177.0,182.0,187.0,range_one_unit,Net sales are expected to be in the range of $177.0 million to $187.0 million,,True,,,,,
semtech,2021-09-01,2021Q2,2021Q3,https://www.sec.gov/Archives/edgar/data/88941/000115752321001111/a52485142ex991.htm,188.0,193.0,198.0,range_one_unit,Net sales are expected to be in the range of $188.0 million to $198.0 million,,True,,,,,
semtech,2021-12-01,2021Q3,2021Q4,https://www.sec.gov/Archives/edgar/data/88941/000115752321001466/a52543540ex99_1.htm,184.0,189.0,194.0,range_one_unit,Net sales are expected to be in the range of $184.0 million to $194.0 million,,True,,,,,
semtech,2022-03-16,2021Q4,2022Q1,https://www.sec.gov/Archives/edgar/data/88941/000008894122000005/smtc-01302022x8k991.htm,195.0,200.0,205.0,range_one_unit,Net sales are expected to be in the range of $195.0 million to $205.0 million,,True,,,,,
semtech,2022-06-01,2022Q1,2022Q2,https://www.sec.gov/Archives/edgar/data/88941/000008894122000012/smtc-05012022x8k991.htm,203.0,208.0,213.0,range_one_unit,Net sales are expected to be in the range of $203.0 million to $213.0 million,,True,,,,,
semtech,2022-08-31,2022Q2,2022Q3,https://www.sec.gov/Archives/edgar/data/88941/000008894122000016/smtc-07312022x8k991.htm,170.0,175.0,180.0,range_one_unit,Net sales are expected to be in the range of $170.0 million to $180.0 million,,True,,,,,
semtech,2022-11-30,2022Q3,2022Q4,https://www.sec.gov/Archives/edgar/data/88941/000008894122000022/smtc-10302022x8k991.htm,145.0,150.0,155.0,range_one_unit,Net sales are expected to be in the range of $145.0 million to $155.0 million,,True,,,,,
semtech,2023-03-29,2022Q4,2023Q1,https://www.sec.gov/Archives/edgar/data/88941/000008894123000003/smtc-01292023x8k991.htm,230.0,235.0,240.0,range_one_unit,Net sales are expected to be in the range of $230.0 million to $240.0 million,,True,,,,,
semtech,2023-06-07,2023Q1,2023Q2,https://www.sec.gov/Archives/edgar/data/88941/000008894123000015/smtc-04302023x8k991.htm,233.0,238.0,243.0,range_one_unit,Net sales are expected to be in the range of $233.0 million to $243.0 million,,True,,,,,
semtech,2023-09-13,2023Q2,2023Q3,https://www.sec.gov/Archives/edgar/data/88941/000008894123000021/smtc-07302023x8k991.htm,190.0,200.0,210.0,range_one_unit,Net sales are expected to be in the range of $190.0 million to $210.0 million,,True,,,,,
semtech,2023-12-06,2023Q3,2023Q4,https://www.sec.gov/Archives/edgar/data/88941/000008894123000028/smtc-10292023x8k991.htm,180.0,190.0,200.0,pm_fixed_unit,Net sales $ 190.0 +/- $10.0,,True,,,,,
semtech,2024-03-28,2023Q4,2024Q1,https://www.sec.gov/Archives/edgar/data/88941/000008894124000029/smtc-01282024x8k991.htm,195.0,200.0,205.0,pm_fixed_unit,Net sales $ 200.0 +/- $5.0,,True,,,,,
semtech,2024-06-05,2024Q1,2024Q2,https://www.sec.gov/Archives/edgar/data/88941/000008894124000064/smtc-04282024x8k991.htm,207.0,212.0,217.0,pm_fixed_unit,Net sales $ 212.0 +/- $5.0,,True,,,,,
semtech,2024-08-27,2024Q2,2024Q3,https://www.sec.gov/Archives/edgar/data/88941/000008894124000117/smtc-07282024x8k991.htm,228.0,233.0,238.0,pm_fixed_unit,Net sales $ 233.0 +/- $5.0,,True,,,,,
semtech,2024-11-25,2024Q3,2024Q4,https://www.sec.gov/Archives/edgar/data/88941/000008894124000126/smtc-10272024x8k991.htm,245.0,250.0,255.0,pm_fixed_unit,Net sales $ 250.0 +/- $5.0,,True,,,,,
semtech,2025-03-13,2024Q4,2025Q1,https://www.sec.gov/Archives/edgar/data/88941/000008894125000062/smtc-01262025x8k991.htm,245.0,250.0,255.0,pm_fixed_unit,Net sales $ 250.0 +/- $5.0,,True,,,,,
semtech,2025-05-27,2025Q1,2025Q2,https://www.sec.gov/Archives/edgar/data/88941/000008894125000098/smtc-04272025x8k991.htm,251.0,256.0,261.0,pm_fixed_unit,Net sales $ 256.0 +/- $5.0,,True,,,,,
semtech,2025-08-25,2025Q2,2025Q3,https://www.sec.gov/Archives/edgar/data/88941/000008894125000158/smtc-07272025x8k991.htm,261.0,266.0,271.0,pm_fixed_unit,Net sales $ 266.0 +/- $5.0,,True,,,,,
semtech,2025-11-24,2025Q3,2025Q4,https://www.sec.gov/Archives/edgar/data/88941/000008894125000163/smtc-10262025x8k991.htm,268.0,273.0,278.0,pm_fixed_unit,Net sales $ 273.0 +/- $5.0,,True,,,,,
semtech,2026-03-16,2025Q4,2026Q1,https://www.sec.gov/Archives/edgar/data/88941/000008894126000003/smtc-01252026x8k991.htm,278.0,283.0,288.0,pm_fixed_unit,Net sales $ 283.0 +/- $5.0,,True,,,,,
semtech,2026-05-26,2026Q1,2026Q2,https://www.sec.gov/Archives/edgar/data/88941/000008894126000009/smtc-04262026x8k991.htm,323.0,328.0,333.0,pm_fixed_unit,Net sales $ 328.0 +/- $5.0,,True,,,,,
power_integrations,2011-02-03,2010Q4,2011Q1,https://www.sec.gov/Archives/edgar/data/833640/000117184311000308/newsrelease.htm,71.0,74.0,77.0,range_one_unit,Revenues are expected to be between $71 million and $77 million,,True,,,,,
power_integrations,2011-05-02,2011Q1,2011Q2,https://www.sec.gov/Archives/edgar/data/833640/000115752311002557/a6705412-ex991.htm,76.0,79.0,82.0,range_one_unit,Revenues are expected to be between $76 million and $82 million,,True,,,,,
power_integrations,2011-08-02,2011Q2,2011Q3,https://www.sec.gov/Archives/edgar/data/833640/000115752311004578/a6816651ex99_1.htm,74.0,77.0,80.0,range_one_unit,Revenues are expected to be between $74 million and $80 million,,True,,,,,
power_integrations,2011-11-03,2011Q3,2011Q4,https://www.sec.gov/Archives/edgar/data/833640/000115752311006446/a50056797ex99-1.htm,63.0,66.0,69.0,range_one_unit,Revenues are expected to be between $63 million and $69 million,,True,,,,,
power_integrations,2012-02-02,2011Q4,2012Q1,https://www.sec.gov/Archives/edgar/data/833640/000115752312000472/a50155987_ex991.htm,64.0,67.0,70.0,range_one_unit,Revenues are expected to be between $64 million and $70 million,,True,,,,,
power_integrations,2012-05-03,2012Q1,2012Q2,https://www.sec.gov/Archives/edgar/data/833640/000115752312002492/a50264911ex99-1.htm,78.0,81.0,84.0,range_one_unit,revenues are expected to be between $78 million and $84 million,,True,,,,,
power_integrations,2012-08-06,2012Q2,2012Q3,https://www.sec.gov/Archives/edgar/data/833640/000115752312004283/a50368046_ex991.htm,76.0,79.0,82.0,range_one_unit,revenues are expected to be between $76 million and $82 million,,True,,,,,
power_integrations,2012-10-25,2012Q3,2012Q4,https://www.sec.gov/Archives/edgar/data/833640/000115752312005406/a50455268-ex991.htm,71.0,74.0,77.0,range_one_unit,revenues are expected to be between $71 million and $77 million,,True,,,,,
power_integrations,2013-02-04,2012Q4,2013Q1,https://www.sec.gov/Archives/edgar/data/833640/000115752313000457/a50552898ex99_1.htm,76.0,79.0,82.0,range_one_unit,revenues are expected to be between $76 million and $82 million,,True,,,,,
power_integrations,2013-05-02,2013Q1,2013Q2,https://www.sec.gov/Archives/edgar/data/833640/000115752313002302/a50624132ex99_1.htm,79.0,82.0,85.0,range_one_unit,revenues are expected to be between $79 million and $85 million,,True,,,,,
power_integrations,2013-07-30,2013Q2,2013Q3,https://www.sec.gov/Archives/edgar/data/833640/000115752313003684/a50681208-ex991.htm,89.0,91.5,94.0,range_one_unit,revenues are expected to be between $89 million and $94 million,,True,,,,,
power_integrations,2013-10-30,2013Q3,2013Q4,https://www.sec.gov/Archives/edgar/data/833640/000115752313005127/a50740550ex99-1.htm,86.0,89.0,92.0,range_one_unit,revenues are expected to be between $86 million and $92 million,,True,,,,,
power_integrations,2014-02-03,2013Q4,2014Q1,https://www.sec.gov/Archives/edgar/data/833640/000115752314000358/a50796066-ex991.htm,86.0,89.0,92.0,range_one_unit,revenues are expected to be between $86 million and $92 million,,True,,,,,
power_integrations,2014-04-29,2014Q1,2014Q2,https://www.sec.gov/Archives/edgar/data/833640/000115752314001680/a50854009-ex991.htm,86.0,89.0,92.0,plusminus,"revenues are expected to be $89 million, plus or minus $3 million",,True,,,,,
power_integrations,2014-07-29,2014Q2,2014Q3,https://www.sec.gov/Archives/edgar/data/833640/000115752314003073/a50914795ex99_1.htm,92.0,94.5,97.0,range_one_unit,revenues are expected to be between $92 million and $97 million,,True,,,,,
power_integrations,2014-10-30,2014Q3,2014Q4,https://www.sec.gov/Archives/edgar/data/833640/000115752314004233/a50973610-ex991.htm,83.0,86.0,89.0,plusminus,revenues are expected to be $86 million plus or minus $3 million,,True,,,,,
power_integrations,2015-02-04,2014Q4,2015Q1,https://www.sec.gov/Archives/edgar/data/833640/000115752315000364/a51033429_ex991.htm,82.0,85.0,88.0,range_one_unit,revenues are expected to be between $82 million and $88 million,,True,,,,,
power_integrations,2015-04-29,2015Q1,2015Q2,https://www.sec.gov/Archives/edgar/data/833640/000115752315001422/a51091595ex99_1.htm,,,,,,,False,,,,,
power_integrations,2015-07-29,2015Q2,2015Q3,https://www.sec.gov/Archives/edgar/data/833640/000115752315002596/a51152472ex99_1.htm,,,,,,,False,,,,,
power_integrations,2015-10-28,2015Q3,2015Q4,https://www.sec.gov/Archives/edgar/data/833640/000115752315003497/a51211793ex99_1.htm,86.0,89.0,92.0,plusminus,"Revenues are expected to be in a range of $89 million, plus or minus $3 million",,True,,,,,
power_integrations,2016-02-04,2015Q4,2016Q1,https://www.sec.gov/Archives/edgar/data/833640/000115752316004468/a51273753ex99_1.htm,81.0,84.0,87.0,plusminus,Revenues are expected to be in a range of $84 million plus or minus $3 million,,True,,,,,
power_integrations,2016-04-28,2016Q1,2016Q2,https://www.sec.gov/Archives/edgar/data/833640/000115752316005312/a51331425ex99_1.htm,88.0,91.0,94.0,range_one_unit,Revenues are expected to be in a range of $88 million to $94 million,,True,,,,,
power_integrations,2016-07-28,2016Q2,2016Q3,https://www.sec.gov/Archives/edgar/data/833640/000115752316006293/a51391494ex99_1.htm,96.0,99.0,102.0,range_one_unit,Revenues are expected to be in a range of $96 million to $102 million,,True,,,,,
power_integrations,2016-10-27,2016Q3,2016Q4,https://www.sec.gov/Archives/edgar/data/833640/000115752316007075/a51448943ex99_1.htm,98.0,101.0,104.0,plusminus,Revenues are expected to be in a range of $101 million plus or minus $3 million,,True,,,,,
power_integrations,2017-02-01,2016Q4,2017Q1,https://www.sec.gov/Archives/edgar/data/833640/000083364017000048/exhibit_992xrecastasc606x2.htm,,,,,,,False,,,,,
power_integrations,2017-04-27,2017Q1,2017Q2,https://www.sec.gov/Archives/edgar/data/833640/000115752317001250/a51549252ex99_1.htm,104.0,107.0,110.0,plusminus,Revenues are expected to be $107 million plus or minus $3 million,,True,,,,,
power_integrations,2017-07-27,2017Q2,2017Q3,https://www.sec.gov/Archives/edgar/data/833640/000115752317002138/a51598342ex99_1.htm,108.0,111.0,114.0,plusminus,Revenues are expected to be $111 million plus or minus $3 million,,True,,,,,
power_integrations,2017-10-26,2017Q3,2017Q4,https://www.sec.gov/Archives/edgar/data/833640/000115752317002827/a51706219ex99_1.htm,107.0,110.0,113.0,plusminus,Revenues are expected to be $110 million plus or minus $3 million,,True,,,,,
power_integrations,2018-02-01,2017Q4,2018Q1,https://www.sec.gov/Archives/edgar/data/833640/000115752318000194/a51752695ex99_1.htm,100.0,103.0,106.0,plusminus,Revenues are expected to be $103 million plus or minus $3 million,,True,,,,,
power_integrations,2018-04-26,2018Q1,2018Q2,https://www.sec.gov/Archives/edgar/data/833640/000115752318000832/a51796412ex99_1.htm,106.0,109.0,112.0,plusminus,Revenues are expected to be $109 million plus or minus $3 million,,True,,,,,
power_integrations,2018-07-26,2018Q2,2018Q3,https://www.sec.gov/Archives/edgar/data/833640/000115752318001550/a51843807ex99_1.htm,111.0,114.0,117.0,plusminus,Revenues are expected to be $114 million plus or minus $3 million,,True,,,,,
power_integrations,2018-10-25,2018Q3,2018Q4,https://www.sec.gov/Archives/edgar/data/833640/000115752318002153/a51889382ex99_1.htm,94.0,97.0,100.0,plusminus,Revenues are expected to be $97 million plus or minus $3 million,,True,,,,,
power_integrations,2019-02-07,2018Q4,2019Q1,https://www.sec.gov/Archives/edgar/data/833640/000115752319000261/a51937753ex99_1.htm,87.0,90.0,93.0,plusminus,Revenues are expected to be $90 million plus or minus $3 million,,True,,,,,
power_integrations,2019-04-25,2019Q1,2019Q2,https://www.sec.gov/Archives/edgar/data/833640/000115752319000896/a51974942ex99_1.htm,97.0,100.0,103.0,plusminus,Revenues are expected to be $100 million plus or minus $3 million,,True,,,,,
power_integrations,2019-07-25,2019Q2,2019Q3,https://www.sec.gov/Archives/edgar/data/833640/000115752319001586/a52019029ex99_1.htm,111.0,114.0,117.0,plusminus,Revenues are expected to be $114 million plus or minus $3 million,,True,,,,,
power_integrations,2019-10-24,2019Q3,2019Q4,https://www.sec.gov/Archives/edgar/data/833640/000115752319002099/a52117393ex99_1.htm,111.0,114.0,117.0,plusminus,Revenues are expected to be $114 million plus or minus $3 million,,True,,,,,
power_integrations,2020-01-30,2019Q4,2020Q1,https://www.sec.gov/Archives/edgar/data/833640/000115752320000127/a52166310ex99_1.htm,107.0,110.0,113.0,plusminus,Revenues are expected to be $110 million plus or minus $3 million,,True,,,,,
power_integrations,2020-05-07,2020Q1,2020Q2,https://www.sec.gov/Archives/edgar/data/833640/000115752320000699/a52216992ex99_1.htm,101.0,106.0,111.0,plusminus,Revenues are expected to be $106 million plus or minus $5 million,,True,,,,,
power_integrations,2020-07-30,2020Q2,2020Q3,https://www.sec.gov/Archives/edgar/data/833640/000115752320001076/a52258962ex99_1.htm,110.0,115.0,120.0,plusminus,Revenues are expected to be $115 million plus or minus $5 million,,True,,,,,
power_integrations,2020-10-29,2020Q3,2020Q4,https://www.sec.gov/Archives/edgar/data/833640/000115752320001383/a52317065ex99_1.htm,125.0,130.0,135.0,plusminus,Revenues are expected to be $130 million plus or minus $5 million,,True,,,,,
power_integrations,2021-02-02,2020Q4,2021Q1,https://www.sec.gov/Archives/edgar/data/833640/000115752321000125/a52372604ex99_1.htm,143.15835,150.693,158.22765,pct_seq,"Revenues are expected to be flat compared to the fourth quarter of 2020, plus or minus five percent",,True,,,,-5.0,5.0
power_integrations,2021-04-29,2021Q1,2021Q2,https://www.sec.gov/Archives/edgar/data/833640/000115752321000543/a52420953ex99_1.htm,165.05014999999997,173.737,182.42385000000002,pct_seq,"Revenues are expected to be flat compared to the first quarter of 2021, plus or minus five percent",,True,,,,-5.0,5.0
power_integrations,2021-07-29,2021Q2,2021Q3,https://www.sec.gov/Archives/edgar/data/833640/000115752321000949/a52468614ex99_1.htm,165.70120000000003,174.7067,183.71220000000002,pct_seq,"Revenues are expected to decrease by three percent compared to the second quarter of 2021, plus or minus five percent",,True,,,,-8.0,2.0
power_integrations,2021-10-28,2021Q3,2021Q4,https://www.sec.gov/Archives/edgar/data/833640/000115752321001281/a52517741ex99_1.htm,165.0,170.0,175.0,plusminus,Revenues are expected to be $170 million plus or minus $5 million,,True,,,,,
power_integrations,2022-02-03,2021Q4,2022Q1,https://www.sec.gov/Archives/edgar/data/833640/000115752322000147/a52573897ex99_1.htm,175.0,180.0,185.0,plusminus,Revenues are expected to be $180 million plus or minus $5 million,,True,,,,,
power_integrations,2022-04-28,2022Q1,2022Q2,https://www.sec.gov/Archives/edgar/data/833640/000115752322000499/a52701084ex99_1.htm,185.0,190.0,195.0,plusminus,Revenues are expected to be $190 million plus or minus $5 million,,True,,,,,
power_integrations,2022-08-04,2022Q2,2022Q3,https://www.sec.gov/Archives/edgar/data/833640/000115752322001045/a52802897ex99_1.htm,,,,,,,False,,,,,
power_integrations,2022-11-02,2022Q3,2022Q4,https://www.sec.gov/Archives/edgar/data/833640/000115752322001481/a52959283ex99_1.htm,120.0,125.0,130.0,plusminus,Revenues are expected to be $125 million plus or minus $5 million,,True,,,,,
power_integrations,2023-02-06,2022Q4,2023Q1,https://www.sec.gov/Archives/edgar/data/833640/000115752323000173/a53303740ex99_1.htm,100.0,105.0,110.0,plusminus,Revenues are expected to be $105 million plus or minus $5 million,,True,,,,,
power_integrations,2023-05-04,2023Q1,2023Q2,https://www.sec.gov/Archives/edgar/data/833640/000115752323000742/a53394165ex99_1.htm,117.0,122.0,127.0,plusminus,Revenues are expected to be $122 million plus or minus $5 million,,True,,,,,
power_integrations,2023-08-03,2023Q2,2023Q3,https://www.sec.gov/Archives/edgar/data/833640/000115752323001253/a53507368ex99_1.htm,125.0,130.0,135.0,plusminus,Revenues are expected to be $130 million plus or minus $5 million,,True,,,,,
power_integrations,2023-11-07,2023Q3,2023Q4,https://www.sec.gov/Archives/edgar/data/833640/000115752323001668/a53773360ex99_1.htm,85.0,90.0,95.0,plusminus,Revenues are expected to be $90 million plus or minus $5 million,,True,,,,,
power_integrations,2024-02-08,2023Q4,2024Q1,https://www.sec.gov/Archives/edgar/data/833640/000115752324000203/a53894244ex99_1.htm,85.0,90.0,95.0,plusminus,Revenues are expected to be $90 million plus or minus $5 million,,True,,,,,
power_integrations,2024-05-07,2024Q1,2024Q2,https://www.sec.gov/Archives/edgar/data/833640/000083364024000105/powi-20240507xex99d1.htm,100.0,105.0,110.0,plusminus,Revenues are expected to be $105 million plus or minus $5 million,,True,,,,,
power_integrations,2024-08-06,2024Q2,2024Q3,https://www.sec.gov/Archives/edgar/data/833640/000083364024000145/powi-20240806xex99d1.htm,110.0,115.0,120.0,plusminus,Revenues are expected to be $115 million plus or minus $5 million,,True,,,,,
power_integrations,2024-11-06,2024Q3,2024Q4,https://www.sec.gov/Archives/edgar/data/833640/000083364024000169/powi-20241106xex99d1.htm,100.0,105.0,110.0,plusminus,Revenues are expected to be $105 million plus or minus $5 million,,True,,,,,
power_integrations,2025-02-06,2024Q4,2025Q1,https://www.sec.gov/Archives/edgar/data/833640/000083364025000022/powi-20250206xex99d1.htm,99.9875,105.25,110.5125,pct_seq,"Revenues are expected to be flat compared to the fourth quarter of 2024, plus or minus five percent",,True,,,,-5.0,5.0
power_integrations,2025-05-12,2025Q1,2025Q2,https://www.sec.gov/Archives/edgar/data/833640/000083364025000118/powi-20250512xex99d1.htm,110.0,115.0,120.0,plusminus,"Revenues are expected to be $115 million, plus or minus $5 million",,True,,,,,
power_integrations,2025-08-06,2025Q2,2025Q3,https://www.sec.gov/Archives/edgar/data/833640/000083364025000155/powi-20250806xex99d1.htm,113.0,118.0,123.0,plusminus,Revenues are expected to be in a range of $118 million plus or minus $5 million,,True,,,,,
power_integrations,2025-11-05,2025Q3,2025Q4,https://www.sec.gov/Archives/edgar/data/833640/000083364025000188/powi-20251105xex99d1.htm,100.0,102.5,105.0,range_one_unit,Revenues are expected to be in a range of $100 million to $105 million,,True,,,,,
power_integrations,2026-02-05,2025Q4,2026Q1,https://www.sec.gov/Archives/edgar/data/833640/000083364026000028/powi-20260201xex10d1.htm,,,,,,,False,,,,,
power_integrations,2026-05-07,2026Q1,2026Q2,https://www.sec.gov/Archives/edgar/data/833640/000083364026000076/powi-20260504xex99d1.htm,115.0,117.5,120.0,range_one_unit,Revenue is expected to be in a range of $115 million to $120 million,,True,,,,,
power_integrations,2026-08-05,2026Q2,2026Q3,https://www.sec.gov/Archives/edgar/data/833640/000083364026000141/powi-20260805xexx991.htm,122.0,126.0,130.0,range_one_unit,Revenue is expected to be in a range of $122 million to $130 million,,True,,,,,
lattice,2011-04-21,2011Q1,2011Q2,https://www.sec.gov/Archives/edgar/data/855658/000085565811000045/a2011q1exh991earningsrelea.htm,82.615,84.680375,86.74575,pct_seq,Revenue is expected to be flat to up 5% on a sequential basis,,True,,,,0.0,5.0
lattice,2011-07-21,2011Q2,2011Q3,https://www.sec.gov/Archives/edgar/data/855658/000085565811000068/a2011q2exh991earningsrelea.htm,83.861,85.957525,88.05405,pct_seq,Revenue is expected to be flat to up 5% on a sequential basis,,True,,,,0.0,5.0
lattice,2011-10-20,2011Q3,2011Q4,https://www.sec.gov/Archives/edgar/data/855658/000085565811000103/a2011q3exh991earningsrelea.htm,74.3652,76.4082,78.4512,pct_seq,Revenue is expected to decline 4% to 9% on a sequential basis,,True,,,,-9.0,-4.0
lattice,2012-01-26,2011Q4,2012Q1,https://www.sec.gov/Archives/edgar/data/855658/000085565812000004/a2011q4exh991earningsrelea.htm,70.8717,72.27510000000001,73.6785,pct_seq,Revenue is expected to increase approximately 1% to 5% on a sequential basis,,True,,,,1.0,5.0
lattice,2012-04-19,2012Q1,2012Q2,https://www.sec.gov/Archives/edgar/data/855658/000085565812000052/a2012q1exh991earningsrelea.htm,71.7,73.13400000000001,74.56800000000001,pct_seq,Revenue is expected to increase approximately flat to up 4% on a sequential basis,,True,,,,0.0,4.0
lattice,2012-07-19,2012Q2,2012Q3,https://www.sec.gov/Archives/edgar/data/855658/000085565812000114/a2012q2exh991earningsrelea.htm,69.37616,70.792,72.20784,pct_seq,Revenue is expected to be approximately flat plus or minus 2% on a sequential basis,,True,,,,-2.0,2.0
lattice,2012-10-18,2012Q3,2012Q4,https://www.sec.gov/Archives/edgar/data/855658/000085565812000136/a2012q3exh991earningsrelea.htm,69.47121999999999,70.889,72.30678,pct_seq,Revenue is expected to be approximately flat plus or minus 2% on a sequential basis,,True,,,,-2.0,2.0
lattice,2013-01-24,2012Q4,2013Q1,https://www.sec.gov/Archives/edgar/data/855658/000085565813000005/a2012q4exh991earningsrelea.htm,63.239999999999995,63.89875,64.5575,pct_seq,Revenue is expected to decline approximately 2% to 4% on a sequential basis,,True,,,,-4.0,-2.0
lattice,2013-04-18,2013Q1,2013Q2,https://www.sec.gov/Archives/edgar/data/855658/000085565813000046/a2013q1exh991earningsrelea.htm,81.8317,83.61064999999999,85.3896,pct_seq,Revenue is expected to increase approximately 15% to 20% on a sequential basis,,True,,,,15.0,20.0
lattice,2013-07-25,2013Q2,2013Q3,https://www.sec.gov/Archives/edgar/data/855658/000085565813000097/a2013q2exh991earningsrelea.htm,83.00012,84.694,86.38788000000001,pct_seq,Revenue is expected to be flat plus or minus 2% on a sequential basis,,True,,,,-2.0,2.0
lattice,2013-10-24,2013Q3,2013Q4,https://www.sec.gov/Archives/edgar/data/855658/000085565813000123/a2013q3exh991earningsrelea.htm,79.31014,81.05322,82.79629999999999,pct_seq,revenue is expected to be minus 5% to 9% on a sequential basis,,True,,,,-9.0,-5.0
lattice,2014-02-06,2013Q4,2014Q1,https://www.sec.gov/Archives/edgar/data/855658/000085565814000019/a2013q4exh991earningsrelea.htm,87.72862,89.519,91.30938,pct_seq,revenue is expected to be flat to plus or minus 2% on a sequential basis,,True,,,,-2.0,2.0
lattice,2014-04-24,2014Q1,2014Q2,https://www.sec.gov/Archives/edgar/data/855658/000085565814000060/a2014q1ex-991earningsrelea.htm,96.637,98.56974,100.50248,pct_seq,Revenue is expected to be flat to plus 4% on a sequential basis,,True,,,,0.0,4.0
lattice,2014-07-24,2014Q2,2014Q3,https://www.sec.gov/Archives/edgar/data/855658/000085565814000137/a2014q2ex-991earningsrelea.htm,87.40159999999999,89.38799999999999,91.3744,pct_seq,Revenue is expected to be 8% to 12% lower on a sequential basis,,True,,,,-12.0,-8.0
lattice,2014-10-23,2014Q3,2014Q4,https://www.sec.gov/Archives/edgar/data/855658/000085565814000169/a2014q3ex-991earningsrelea.htm,83.10719999999999,84.83859999999999,86.57,pct_seq,Revenue is expected to be approximately flat to down 4%,,True,,,,-4.0,0.0
lattice,2015-01-27,2014Q4,2015Q1,https://www.sec.gov/Archives/edgar/data/855658/000119312515020965/d860368dex991.htm,80.25599999999999,81.928,83.6,pct_seq,Revenue is expected to be approximately flat to down 4%,,True,,,,-4.0,0.0
lattice,2015-05-04,2015Q1,2015Q2,https://www.sec.gov/Archives/edgar/data/855658/000085565815000058/a2015q1ex-991earningsrelea.htm,,,,,,,False,,,,,
lattice,2015-07-30,2015Q2,2015Q3,https://www.sec.gov/Archives/edgar/data/855658/000085565815000116/a2015q2ex-991earningsrelea.htm,,,,,,,False,,,,,
lattice,2015-10-29,2015Q3,2015Q4,https://www.sec.gov/Archives/edgar/data/855658/000085565815000142/a2015q3ex-991earningsrelea.htm,106.42355,109.715,113.00645,pct_seq,Revenue for the fourth quarter of 2015 is expected to be approximately flat to plus or minus 3%,,True,,,,-3.0,3.0
lattice,2016-02-17,2015Q4,2016Q1,https://www.sec.gov/Archives/edgar/data/855658/000085565816000178/a2015q4ex-991earningsrelea.htm,95.0,98.0,101.0,range_one_unit,Revenue for the first quarter of 2016 is expected to be between approximately $95 million and $101 million,,True,,,,,
lattice,2016-05-09,2016Q1,2016Q2,https://www.sec.gov/Archives/edgar/data/855658/000085565816000211/a2016q1ex-991earningsrelea.htm,97.0,100.0,103.0,range_one_unit,Revenue for the second quarter of 2016 is expected to be between approximately $97 million and $103 million,,True,,,,,
lattice,2016-08-09,2016Q2,2016Q3,https://www.sec.gov/Archives/edgar/data/855658/000085565816000276/lscc2016q2ex-991er.htm,110.0,113.0,116.0,range_one_unit,Revenue for the third quarter of 2016 is expected to be between approximately $110 million and $116 million,,True,,,,,
lattice,2016-11-07,2016Q3,2016Q4,https://www.sec.gov/Archives/edgar/data/855658/000085565816000303/lscc2016q3ex-991er.htm,,,,,,,False,,,,,
lattice,2017-02-15,2016Q4,2017Q1,https://www.sec.gov/Archives/edgar/data/855658/000085565817000010/lscc2016q4ex-991earningsre.htm,,,,,,,False,,,,,
lattice,2017-05-10,2017Q1,2017Q2,https://www.sec.gov/Archives/edgar/data/855658/000085565817000028/lscc2017q1ex-991earningsre.htm,,,,,,,False,,,,,
lattice,2017-08-08,2017Q2,2017Q3,https://www.sec.gov/Archives/edgar/data/855658/000085565817000084/lscc2017q2ex-991earningsre.htm,,,,,,,False,,,,,
lattice,2017-11-07,2017Q3,2017Q4,https://www.sec.gov/Archives/edgar/data/855658/000085565817000122/lscc2017q3ex-991earningsre.htm,92.0,94.5,97.0,range_one_unit,Revenue for the fourth quarter of 2017 is expected to be between approximately $92 million and $97 million,,True,,,,,
lattice,2018-02-13,2017Q4,2018Q1,https://www.sec.gov/Archives/edgar/data/855658/000085565818000012/lscc2017q4ex-991earningsre.htm,95.0,97.5,100.0,range_one_unit,Revenue for the first quarter of 2018 is expected to be between approximately $95 million and $100 million,,True,,,,,
lattice,2018-04-26,2018Q1,2018Q2,https://www.sec.gov/Archives/edgar/data/855658/000085565818000047/lscc2018q1ex-991earningsre.htm,98.0,100.0,102.0,range_one_unit,Revenue for the second quarter of 2018 is expected to be between approximately $98 million and $102 million,,True,,,,,
lattice,2018-07-26,2018Q2,2018Q3,https://www.sec.gov/Archives/edgar/data/855658/000085565818000111/lscc2018q2ex-991earningsre.htm,100.0,101.5,103.0,range_one_unit,Revenue for the third quarter of 2018 is expected to be between approximately $100 million and $103 million,,True,,,,,
lattice,2018-10-25,2018Q3,2018Q4,https://www.sec.gov/Archives/edgar/data/855658/000085565818000155/lscc2018q3ex-991earningsre.htm,93.0,95.0,97.0,range_one_unit,Revenue for the fourth quarter of 2018 is expected to be between approximately $93 million and $97 million,,True,,,,,
lattice,2019-02-12,2018Q4,2019Q1,https://www.sec.gov/Archives/edgar/data/855658/000085565819000014/lscc2018q4ex-991earningsre.htm,94.0,96.0,98.0,range_one_unit,Revenue for the first quarter of 2019 is expected to be between approximately $94 million and $98 million,,True,,,,,
lattice,2019-04-30,2019Q1,2019Q2,https://www.sec.gov/Archives/edgar/data/855658/000085565819000029/lscc2019q1ex-991earningsre.htm,98.0,100.0,102.0,range_one_unit,Revenue for the second quarter of 2019 is expected to be between approximately $98 million and $102 million,,True,,,,,
lattice,2019-07-30,2019Q2,2019Q3,https://www.sec.gov/Archives/edgar/data/855658/000085565819000061/lscc2019q2ex-991earningsre.htm,101.0,103.0,105.0,range_one_unit,Revenue for the third quarter of 2019 is expected to be between $101 million and $105 million,,True,,,,,
lattice,2019-10-29,2019Q3,2019Q4,https://www.sec.gov/Archives/edgar/data/855658/000085565819000110/lscc2019q3ex-991earningsre.htm,97.0,100.0,103.0,range_one_unit,Revenue for the fourth quarter of 2019 is expected to be between $97 million and $103 million,,True,,,,,
lattice,2020-02-11,2019Q4,2020Q1,https://www.sec.gov/Archives/edgar/data/855658/000085565820000015/lscc2019q4ex-991earningsre.htm,96.0,100.0,104.0,range_one_unit,Revenue for the first quarter of 2020 is expected to be between $96 million and $104 million,,True,,,,,
lattice,2020-04-28,2020Q1,2020Q2,https://www.sec.gov/Archives/edgar/data/855658/000143774920008692/ex_175973.htm,95.0,100.0,105.0,range_one_unit,Revenue for the second quarter of 2020 is expected to be between $95 million and $105 million,,True,,,,,
lattice,2020-07-28,2020Q2,2020Q3,https://www.sec.gov/Archives/edgar/data/855658/000143774920015863/ex_187511.htm,96.0,101.0,106.0,range_one_unit,Revenue for the third quarter of 2020 is expected to be between $96 million and $106 million,,True,,,,,
lattice,2020-10-27,2020Q3,2020Q4,https://www.sec.gov/Archives/edgar/data/855658/000143774920021703/ex_201648.htm,99.0,103.0,107.0,range_one_unit,Revenue for the fourth quarter of 2020 is expected to be between $99 million and $107 million,,True,,,,,
lattice,2021-02-16,2020Q4,2021Q1,https://www.sec.gov/Archives/edgar/data/855658/000143774921002978/ex_220166.htm,106.0,110.0,114.0,range_one_unit,Revenue for the first quarter of 2021 is expected to be between $106 million and $114 million,,True,,,,,
lattice,2021-05-04,2021Q1,2021Q2,https://www.sec.gov/Archives/edgar/data/855658/000143774921010745/ex_231817.htm,116.0,120.0,124.0,range_one_unit,Revenue for the second quarter of 2021 is expected to be between $116 million and $124 million,,True,,,,,
lattice,2021-08-03,2021Q2,2021Q3,https://www.sec.gov/Archives/edgar/data/855658/000143774921018321/ex_251638.htm,124.0,128.0,132.0,range_one_unit,Revenue for the third quarter of 2021 is expected to be between $124 million and $132 million,,True,,,,,
lattice,2021-11-02,2021Q3,2021Q4,https://www.sec.gov/Archives/edgar/data/855658/000143774921024935/ex_282359.htm,129.0,134.0,139.0,range_one_unit,Revenue for the fourth quarter of 2021 is expected to be between $129 million and $139 million,,True,,,,,
lattice,2022-02-15,2021Q4,2022Q1,https://www.sec.gov/Archives/edgar/data/855658/000143774922003409/ex_309843.htm,141.0,146.0,151.0,range_one_unit,Revenue for the first quarter of 2022 is expected to be between $141 million and $151 million,,True,,,,,
lattice,2022-05-03,2022Q1,2022Q2,https://www.sec.gov/Archives/edgar/data/855658/000143774922010665/ex_348820.htm,153.0,158.0,163.0,range_one_unit,Revenue for the second quarter of 2022 is expected to be between $153 million and $163 million,,True,,,,,
lattice,2022-08-01,2022Q2,2022Q3,https://www.sec.gov/Archives/edgar/data/855658/000143774922018261/ex_381840.htm,161.0,166.0,171.0,range_one_unit,Revenue for the third quarter of 2022 is expected to be between $161 million and $171 million,,True,,,,,
lattice,2022-10-31,2022Q3,2022Q4,https://www.sec.gov/Archives/edgar/data/855658/000143774922025164/ex_418174.htm,170.0,175.0,180.0,range_one_unit,Revenue for the fourth quarter of 2022 is expected to be between $170 million and $180 million,,True,,,,,
lattice,2023-02-13,2022Q4,2023Q1,https://www.sec.gov/Archives/edgar/data/855658/000143774923003146/ex_454502.htm,175.0,180.0,185.0,range_one_unit,Revenue for the first quarter of 2023 is expected to be between $175 million and $185 million,,True,,,,,
lattice,2023-05-01,2023Q1,2023Q2,https://www.sec.gov/Archives/edgar/data/855658/000143774923011879/ex_477998.htm,183.0,188.0,193.0,range_one_unit,Revenue for the second quarter of 2023 is expected to be between $183 million and $193 million,,True,,,,,
lattice,2023-07-31,2023Q2,2023Q3,https://www.sec.gov/Archives/edgar/data/855658/000143774923021167/ex_512748.htm,187.0,192.0,197.0,range_one_unit,Revenue for the third quarter of 2023 is expected to be between $187 million and $197 million,,True,,,,,
lattice,2023-10-30,2023Q3,2023Q4,https://www.sec.gov/Archives/edgar/data/855658/000143774923029395/ex_565340.htm,166.0,176.0,186.0,range_one_unit,Revenue for the fourth quarter of 2023 is expected to be between $166 million and $186 million,,True,,,,,
lattice,2024-02-12,2023Q4,2024Q1,https://www.sec.gov/Archives/edgar/data/855658/000143774924003754/ex_603819.htm,130.0,140.0,150.0,range_one_unit,Revenue for the first quarter of 2024 is expected to be between $130 million and $150 million,,True,,,,,
lattice,2024-04-29,2024Q1,2024Q2,https://www.sec.gov/Archives/edgar/data/855658/000143774924013682/ex_632933.htm,120.0,130.0,140.0,range_one_unit,Revenue for the second quarter of 2024 is expected to be between $120 million and $140 million,,True,,,,,
lattice,2024-07-29,2024Q2,2024Q3,https://www.sec.gov/Archives/edgar/data/855658/000143774924023731/ex_669979.htm,117.0,127.0,137.0,range_one_unit,Revenue for the third quarter of 2024 is expected to be between $117 million and $137 million,,True,,,,,
lattice,2024-11-04,2024Q3,2024Q4,https://www.sec.gov/Archives/edgar/data/855658/000143774924033132/ex_705799.htm,112.0,117.0,122.0,range_one_unit,Revenue for the fourth quarter of 2024 is expected to be between $112 million and $122 million,,True,,,,,
lattice,2025-02-10,2024Q4,2025Q1,https://www.sec.gov/Archives/edgar/data/855658/000143774925003302/ex_776290.htm,,,,,,,False,,,,,
lattice,2025-05-05,2025Q1,2025Q2,https://www.sec.gov/Archives/edgar/data/855658/000143774925014533/ex_792673.htm,118.5,123.5,128.5,range_one_unit,Revenue for the second quarter of 2025 is expected to be between $118.5 million and $128.5 million,,True,,,,,
lattice,2025-08-04,2025Q2,2025Q3,https://www.sec.gov/Archives/edgar/data/855658/000143774925024604/ex_832560.htm,128.0,133.0,138.0,range_one_unit,Revenue for the third quarter of 2025 is expected to be between $128 million and $138 million,,True,,,,,
lattice,2025-11-03,2025Q3,2025Q4,https://www.sec.gov/Archives/edgar/data/855658/000143774925032775/ex_857387.htm,138.0,143.0,148.0,range_one_unit,Revenue for the fourth quarter of 2025 is expected to be between $138 million and $148 million,,True,,,,,
lattice,2026-02-10,2025Q4,2026Q1,https://www.sec.gov/Archives/edgar/data/855658/000143774926003634/ex_882667.htm,158.0,165.0,172.0,range_one_unit,Revenue for the first quarter of 2026 is expected to be between $158 million and $172 million,,True,,,,,
lattice,2026-05-04,2026Q1,2026Q2,https://www.sec.gov/Archives/edgar/data/855658/000143774926014654/ex_943286.htm,175.0,185.0,195.0,range_one_unit,Revenue for the second quarter of 2026 is expected to be between $175 million and $195 million,,True,,,,,
lattice,2026-08-04,2026Q2,2026Q3,https://www.sec.gov/Archives/edgar/data/855658/000143774926025650/ex_971139.htm,255.0,255.0,255.0,plusminus_mid,$255 million at the midpoint with two months of AMI revenue included,,True,,,,,
maxlinear,2011-04-28,2011Q1,2011Q2,https://www.sec.gov/Archives/edgar/data/1288469/000119312511115214/dex991.htm,,,,,,,False,,,,,
maxlinear,2011-07-28,2011Q2,2011Q3,https://www.sec.gov/Archives/edgar/data/1288469/000119312511200835/dex991.htm,,,,,,,False,,,,,
maxlinear,2011-11-01,2011Q3,2011Q4,https://www.sec.gov/Archives/edgar/data/1288469/000119312511290695/d250737dex991.htm,,,,,,,False,,,,,
maxlinear,2012-02-07,2011Q4,2012Q1,https://www.sec.gov/Archives/edgar/data/1288469/000119312512043702/d296406dex991.htm,,,,,,,False,,,,,
maxlinear,2012-05-02,2012Q1,2012Q2,https://www.sec.gov/Archives/edgar/data/1288469/000119312512204554/d342886dex991.htm,,,,,,,False,,,,,
maxlinear,2012-08-02,2012Q2,2012Q3,https://www.sec.gov/Archives/edgar/data/1288469/000119312512331902/d389365dex991.htm,,,,,,,False,,,,,
maxlinear,2012-10-29,2012Q3,2012Q4,https://www.sec.gov/Archives/edgar/data/1288469/000119312512439739/d428580dex991.htm,,,,,,,False,,,,,
maxlinear,2013-02-05,2012Q4,2013Q1,https://www.sec.gov/Archives/edgar/data/1288469/000119312513038801/d479726dex991.htm,26.0,26.5,27.0,range_one_unit,expect revenue in the first quarter of 2013 to increase approximately 5% to 10% sequentially to $26 to $27 million,,True,,,,,
maxlinear,2013-04-30,2013Q1,2013Q2,https://www.sec.gov/Archives/edgar/data/1288469/000119312513187401/d527587dex991.htm,28.0,28.5,29.0,range_one_unit,expect revenue in the second quarter of 2013 to increase approximately 6% to 10% sequentially to $28 to $29 million,,True,,,,,
maxlinear,2013-08-01,2013Q2,2013Q3,https://www.sec.gov/Archives/edgar/data/1288469/000119312513315079/d577751dex991.htm,31.0,31.5,32.0,range_one_unit,expect revenue in the third quarter of 2013 to increase approximately 4 percent to 7 percent sequentially to $31 million to $32 million,,True,,,,,
maxlinear,2013-10-30,2013Q3,2013Q4,https://www.sec.gov/Archives/edgar/data/1288469/000119312513418632/d621150dex991.htm,31.0,31.5,32.0,range_one_unit,expect revenue in the fourth quarter of 2013 to be between $31 million to $32 million,,True,,,,,
maxlinear,2014-02-06,2013Q4,2014Q1,https://www.sec.gov/Archives/edgar/data/1288469/000119312514038821/d672201dex991.htm,31.0,31.75,32.5,range_one_unit,expect revenue in the first quarter of 2014 to be between $31.0 million and $32.5 million,,True,,,,,
maxlinear,2014-04-30,2014Q1,2014Q2,https://www.sec.gov/Archives/edgar/data/1288469/000128846914000010/mxl2014331-exhibit991.htm,34.5,35.25,36.0,range_one_unit,expect revenue in the second quarter of 2014 to be between $34.5 million and $36 million,,True,,,,,
maxlinear,2014-07-31,2014Q2,2014Q3,https://www.sec.gov/Archives/edgar/data/1288469/000128846914000021/mxl2014630-exhibit991.htm,36.5,37.25,38.0,range_one_unit,expect revenue in the third quarter of 2014 to be between $36.5 million and $38 million,,True,,,,,
maxlinear,2014-10-30,2014Q3,2014Q4,https://www.sec.gov/Archives/edgar/data/1288469/000128846914000030/mxl2014930-exhibit991.htm,32.0,32.5,33.0,range_one_unit,expect revenue in the fourth quarter of 2014 to be between $32 million and $33 million,,True,,,,,
maxlinear,2015-02-09,2014Q4,2015Q1,https://www.sec.gov/Archives/edgar/data/1288469/000119312515039174/d867882dex991.htm,34.0,34.5,35.0,range_one_unit,expect revenue in the first quarter of 2015 to be between $34 million and $35 million,,True,,,,,
maxlinear,2015-04-30,2015Q1,2015Q2,https://www.sec.gov/Archives/edgar/data/1288469/000128846915000014/mxl2015331-exhibit991.htm,37.0,37.5,38.0,range_one_unit,expect revenue in the second quarter of 2015 to be between $37 million and $38 million,,True,,,,,
maxlinear,2015-08-10,2015Q2,2015Q3,https://www.sec.gov/Archives/edgar/data/1288469/000128846915000033/mxl2015630-exhibit991.htm,90.0,92.0,94.0,range_one_unit,expect revenue in the third quarter of 2015 to be between $90 million and $94 million,,True,,,,,
maxlinear,2015-11-03,2015Q3,2015Q4,https://www.sec.gov/Archives/edgar/data/1288469/000128846915000037/mxl2015930-exhibit991.htm,95.0,97.5,100.0,range_one_unit,expect revenue in the fourth quarter of 2015 to be between $95 million and $100 million,,True,,,,,
maxlinear,2016-01-06,2015Q4,2016Q1,https://www.sec.gov/Archives/edgar/data/1288469/000128846916000047/exhibit991.htm,99.0,101.5,104.0,range_one_unit,"expects revenue in the first quarter of 2016 to be flat to up 5%, or $99 million to $104 million",,True,,,,,
maxlinear,2016-04-20,2016Q1,2016Q2,https://www.sec.gov/Archives/edgar/data/1288469/000128846916000062/a8-k20160420exhibit991.htm,,,,,,,False,,,,,
maxlinear,2016-08-08,2016Q2,2016Q3,https://www.sec.gov/Archives/edgar/data/1288469/000128846916000083/a20160630exhibit991.htm,,,,,,,False,,,,,
maxlinear,2017-02-08,2016Q4,2017Q1,https://www.sec.gov/Archives/edgar/data/1288469/000128846917000002/a20161231exhibit991.htm,86.0,88.0,90.0,range_one_unit,expects revenue in the first quarter 2017 to be between $86 million and $90 million,,True,,,,,
maxlinear,2017-05-09,2017Q1,2017Q2,https://www.sec.gov/Archives/edgar/data/1288469/000128846917000018/a2017331exhibit991.htm,90.0,92.0,94.0,range_one_unit,expects revenue in the second quarter 2017 to be between $90 million and $94 million,,True,,,,,
maxlinear,2017-08-08,2017Q2,2017Q3,https://www.sec.gov/Archives/edgar/data/1288469/000128846917000035/a2017630exhibit991.htm,114.0,116.0,118.0,range_one_unit,expects revenue in the third quarter to be in the range of $114 million to $118 million,,True,,,,,
maxlinear,2017-11-07,2017Q3,2017Q4,https://www.sec.gov/Archives/edgar/data/1288469/000128846917000042/a2017930exhibit991.htm,112.0,114.0,116.0,range_one_unit,expects revenue in the fourth quarter to be in the range of $112 million to $116 million,,True,,,,,
maxlinear,2018-02-13,2017Q4,2018Q1,https://www.sec.gov/Archives/edgar/data/1288469/000128846918000003/a20171231exhibit9911.htm,,,,,,,False,,,,,
maxlinear,2018-05-08,2018Q1,2018Q2,https://www.sec.gov/Archives/edgar/data/1288469/000128846918000017/a2018331exhibit991.htm,100.0,105.0,110.0,range_one_unit,expects revenue in the second quarter to be in the range of $100 million to $110 million,,True,,,,,
maxlinear,2018-08-07,2018Q2,2018Q3,https://www.sec.gov/Archives/edgar/data/1288469/000128846918000035/a2018630exhibit991.htm,83.0,85.0,87.0,range_one_unit,expects revenue in the third quarter to be in the range of $83 million to $87 million,,True,,,,,
maxlinear,2018-10-30,2018Q3,2018Q4,https://www.sec.gov/Archives/edgar/data/1288469/000128846918000042/a2018930exhibit991.htm,85.0,87.0,89.0,range_one_unit,expects revenue in the fourth quarter to be in the range of $85 million to $89 million,,True,,,,,
maxlinear,2019-02-05,2018Q4,2019Q1,https://www.sec.gov/Archives/edgar/data/1288469/000128846919000005/a20181231exhibit991.htm,82.0,84.5,87.0,range_one_unit,expects revenue in the first quarter 2019 to be approximately $82 million to $87 million,,True,,,,,
maxlinear,2019-05-01,2019Q1,2019Q2,https://www.sec.gov/Archives/edgar/data/1288469/000128846919000056/a2019331exhibit991.htm,83.0,85.5,88.0,range_one_unit,expects revenue in the second quarter 2019 to be approximately $83 million to $88 million,,True,,,,,
maxlinear,2019-07-25,2019Q2,2019Q3,https://www.sec.gov/Archives/edgar/data/1288469/000128846919000114/a2019630exhibit991.htm,77.0,80.0,83.0,range_one_unit,expects revenue in the third quarter 2019 to be approximately $77 million to $83 million,,True,,,,,
maxlinear,2019-10-24,2019Q3,2019Q4,https://www.sec.gov/Archives/edgar/data/1288469/000128846919000171/a2019930exhibit991.htm,67.0,70.0,73.0,range_one_unit,expects revenue in the fourth quarter 2019 to be approximately $67 million to $73 million,,True,,,,,
maxlinear,2020-02-05,2019Q4,2020Q1,https://www.sec.gov/Archives/edgar/data/1288469/000128846920000012/a20191231exhibit991.htm,65.0,67.5,70.0,range_one_unit,expects revenue in the first quarter 2020 to be approximately $65 million to $70 million,,True,,,,,
maxlinear,2020-04-29,2020Q1,2020Q2,https://www.sec.gov/Archives/edgar/data/1288469/000128846920000083/a2020331exhibit991.htm,60.0,62.0,64.0,range_one_unit,expects revenue in the second quarter 2020 to be approximately $60 million to $64 million,,True,,,,,
maxlinear,2020-07-23,2020Q2,2020Q3,https://www.sec.gov/Archives/edgar/data/1288469/000128846920000153/a2020630exhibit991.htm,72.0,74.0,76.0,range_one_unit,expects revenue in the third quarter 2020 to be approximately $72 million to $76 million,,True,,,,,
maxlinear,2020-11-05,2020Q3,2020Q4,https://www.sec.gov/Archives/edgar/data/1288469/000128846920000223/a2020930exhibit991.htm,185.0,190.0,195.0,range_one_unit,expects revenue in the fourth quarter 2020 to be approximately $185 million to $195 million,,True,,,,,
maxlinear,2021-02-03,2020Q4,2021Q1,https://www.sec.gov/Archives/edgar/data/1288469/000128846921000007/a20201231exhibit991.htm,200.0,205.0,210.0,range_one_unit,expects revenue in the first quarter 2021 to be approximately $200 million to $210 million,,True,,,,,
maxlinear,2021-04-28,2021Q1,2021Q2,https://www.sec.gov/Archives/edgar/data/1288469/000128846921000098/a2021331exhibit991.htm,200.0,205.0,210.0,range_one_unit,expects revenue in the second quarter 2021 to be approximately $200 million to $210 million,,True,,,,,
maxlinear,2021-07-28,2021Q2,2021Q3,https://www.sec.gov/Archives/edgar/data/1288469/000128846921000191/a2021630exhibit991.htm,215.0,220.0,225.0,range_one_unit,expects revenue in the third quarter 2021 to be approximately $215 million to $225 million,,True,,,,,
maxlinear,2021-10-27,2021Q3,2021Q4,https://www.sec.gov/Archives/edgar/data/1288469/000128846921000249/a2021930exhibit991.htm,240.0,245.0,250.0,range_one_unit,expects revenue in the fourth quarter 2021 to be approximately $240 million to $250 million,,True,,,,,
maxlinear,2022-02-02,2021Q4,2022Q1,https://www.sec.gov/Archives/edgar/data/1288469/000128846922000027/a20211231exhibit991.htm,255.0,260.0,265.0,range_one_unit,expects revenue in the first quarter 2022 to be approximately $255 million to $265 million,,True,,,,,
maxlinear,2022-04-27,2022Q1,2022Q2,https://www.sec.gov/Archives/edgar/data/1288469/000128846922000086/a2022331exhibit991.htm,275.0,280.0,285.0,range_one_unit,expects revenue in the second quarter 2022 to be approximately $275 million to $285 million,,True,,,,,
maxlinear,2022-07-27,2022Q2,2022Q3,https://www.sec.gov/Archives/edgar/data/1288469/000128846922000152/a2022630exhibit991.htm,280.0,285.0,290.0,range_one_unit,expects revenue in the third quarter 2022 to be approximately $280 million to $290 million,,True,,,,,
maxlinear,2022-10-25,2022Q3,2022Q4,https://www.sec.gov/Archives/edgar/data/1288469/000128846922000173/a9302022exhibit991.htm,285.0,290.0,295.0,range_one_unit,expects revenue in the fourth quarter 2022 to be approximately $285 million to $295 million,,True,,,,,
maxlinear,2023-02-01,2022Q4,2023Q1,https://www.sec.gov/Archives/edgar/data/1288469/000128846923000007/a12312022exhibit991.htm,240.0,250.0,260.0,range_one_unit,expects revenue in the first quarter 2023 to be approximately $240 million to $260 million,,True,,,,,
maxlinear,2023-04-26,2023Q1,2023Q2,https://www.sec.gov/Archives/edgar/data/1288469/000128846923000092/a3312023exhibit991.htm,175.0,190.0,205.0,range_one_unit,expects net revenue in the second quarter of 2023 to be approximately $175 million to $205 million,,True,,,,,
maxlinear,2023-07-26,2023Q2,2023Q3,https://www.sec.gov/Archives/edgar/data/1288469/000128846923000149/a6302023exhibit991.htm,125.0,140.0,155.0,range_one_unit,expects net revenue in the third quarter of 2023 to be approximately $125 million to $155 million,,True,,,,,
maxlinear,2023-10-25,2023Q3,2023Q4,https://www.sec.gov/Archives/edgar/data/1288469/000128846923000164/a9302023exhibit991.htm,115.0,125.0,135.0,range_one_unit,expects net revenue in the fourth quarter of 2023 to be approximately $115 million to $135 million,,True,,,,,
maxlinear,2024-01-31,2023Q4,2024Q1,https://www.sec.gov/Archives/edgar/data/1288469/000128846924000014/a12312023exhibit991.htm,85.0,95.0,105.0,range_one_unit,expects net revenue in the first quarter of 2024 to be approximately $85 million to $105 million,,True,,,,,
maxlinear,2024-04-24,2024Q1,2024Q2,https://www.sec.gov/Archives/edgar/data/1288469/000128846924000063/a3312024exhibit991.htm,90.0,100.0,110.0,range_one_unit,expects net revenue in the second quarter of 2024 to be approximately $90 million to $110 million,,True,,,,,
maxlinear,2024-07-24,2024Q2,2024Q3,https://www.sec.gov/Archives/edgar/data/1288469/000128846924000111/a6302024exhibit991.htm,70.0,80.0,90.0,range_one_unit,expects net revenue in the third quarter of 2024 to be approximately $70 million to $90 million,,True,,,,,
maxlinear,2024-10-23,2024Q3,2024Q4,https://www.sec.gov/Archives/edgar/data/1288469/000128846924000127/a9302024exhibit991.htm,80.0,90.0,100.0,range_one_unit,expects net revenue in the fourth quarter of 2024 to be approximately $80 million to $100 million,,True,,,,,
maxlinear,2025-01-29,2024Q4,2025Q1,https://www.sec.gov/Archives/edgar/data/1288469/000128846925000007/a12312024exhibit991.htm,85.0,95.0,105.0,range_one_unit,expects net revenue in the first quarter of 2025 to be approximately $85 million to $105 million,,True,,,,,
maxlinear,2025-04-23,2025Q1,2025Q2,https://www.sec.gov/Archives/edgar/data/1288469/000128846925000028/a3312025exhibit991.htm,95.0,105.0,115.0,range_one_unit,expects net revenue in the second quarter of 2025 to be approximately $95 million to $115 million,,True,,,,,
maxlinear,2025-07-23,2025Q2,2025Q3,https://www.sec.gov/Archives/edgar/data/1288469/000128846925000078/a6302025exhibit991.htm,115.0,125.0,135.0,range_one_unit,expects net revenue in the third quarter of 2025 to be approximately $115 million to $135 million,,True,,,,,
maxlinear,2025-10-23,2025Q3,2025Q4,https://www.sec.gov/Archives/edgar/data/1288469/000128846925000095/a9302025exhibit991.htm,130.0,135.0,140.0,range_one_unit,expects net revenue in the fourth quarter of 2025 to be approximately $130 million to $140 million,,True,,,,,
maxlinear,2026-01-29,2025Q4,2026Q1,https://www.sec.gov/Archives/edgar/data/1288469/000128846926000009/a12312025exhibit991.htm,130.0,135.0,140.0,range_one_unit,expects net revenue in the first quarter of 2026 to be approximately $130 million to $140 million,,True,,,,,
maxlinear,2026-04-23,2026Q1,2026Q2,https://www.sec.gov/Archives/edgar/data/1288469/000128846926000027/a03312026exhibit1001.htm,,,,,,,False,,,,,
maxlinear,2026-07-23,2026Q2,2026Q3,https://www.sec.gov/Archives/edgar/data/1288469/000128846926000050/a06302026exhibit991.htm,210.0,215.0,220.0,range_one_unit,Revenue $210 - $220 $210 - $220 Gross Margin,,True,,,,,
monolithic_power,2011-04-28,2011Q1,2011Q2,https://www.sec.gov/Archives/edgar/data/1280452/000143774911002602/ex99-1.htm,,,,,,,False,,,,,
monolithic_power,2011-08-02,2011Q2,2011Q3,https://www.sec.gov/Archives/edgar/data/1280452/000143774911005331/ex99-1.htm,,,,,,,False,,,,,
monolithic_power,2011-10-27,2011Q3,2011Q4,https://www.sec.gov/Archives/edgar/data/1280452/000143774911007794/ex99-1.htm,,,,,,,False,,,,,
monolithic_power,2012-02-09,2011Q4,2012Q1,https://www.sec.gov/Archives/edgar/data/1280452/000143774912001267/ex99-1.htm,,,,,,,False,,,,,
monolithic_power,2012-04-30,2012Q1,2012Q2,https://www.sec.gov/Archives/edgar/data/1280452/000143774912004280/ex99-1.htm,56.0,58.0,60.0,range_one_unit,Revenue in the range of $56 million to $60 million,,True,,,,,
monolithic_power,2012-07-30,2012Q2,2012Q3,https://www.sec.gov/Archives/edgar/data/1280452/000143774912007364/ex99-1.htm,56.0,58.0,60.0,range_one_unit,Revenue in the range of $56 million to $60 million,,True,,,,,
monolithic_power,2012-11-01,2012Q3,2012Q4,https://www.sec.gov/Archives/edgar/data/1280452/000143774912010816/ex99-1.htm,46.0,48.0,50.0,range_one_unit,Revenue in the range of $46.0 million to $50.0 million,,True,,,,,
monolithic_power,2013-02-06,2012Q4,2013Q1,https://www.sec.gov/Archives/edgar/data/1280452/000143774913001171/mpwr20130204b_8kex99-1.htm,49.0,51.0,53.0,range_one_unit,Revenue in the range of $49.0 million to $53.0 million,,True,,,,,
monolithic_power,2013-04-29,2013Q1,2013Q2,https://www.sec.gov/Archives/edgar/data/1280452/000143774913004849/mpwr20130429_8kex99-1.htm,55.0,57.0,59.0,range_one_unit,Revenue in the range of $55 million to $59 million,,True,,,,,
monolithic_power,2013-08-06,2013Q2,2013Q3,https://www.sec.gov/Archives/edgar/data/1280452/000143774913009991/ex99-1.htm,63.0,65.0,67.0,range_one_unit,Revenue in the range of $63 million to $67 million,,True,,,,,
monolithic_power,2013-10-24,2013Q3,2013Q4,https://www.sec.gov/Archives/edgar/data/1280452/000143774913013358/ex99-1.htm,61.0,63.0,65.0,range_one_unit,Revenue in the range of $61 million to $65 million,,True,,,,,
monolithic_power,2014-02-06,2013Q4,2014Q1,https://www.sec.gov/Archives/edgar/data/1280452/000143774914001634/ex99-1.htm,58.0,60.0,62.0,range_one_unit,Revenue in the range of $58 million to $62 million,,True,,,,,
monolithic_power,2014-04-24,2014Q1,2014Q2,https://www.sec.gov/Archives/edgar/data/1280452/000143774914007110/ex99-1.htm,65.0,67.0,69.0,range_one_unit,Revenue in the range of $65 million to $69 million,,True,,,,,
monolithic_power,2014-07-24,2014Q2,2014Q3,https://www.sec.gov/Archives/edgar/data/1280452/000143774914013264/ex99-1.htm,76.0,78.0,80.0,range_one_unit,Revenue in the range of $76 million to $80 million,,True,,,,,
monolithic_power,2014-10-27,2014Q3,2014Q4,https://www.sec.gov/Archives/edgar/data/1280452/000143774914018868/ex99-1.htm,72.0,74.0,76.0,range_one_unit,Revenue in the range of $72 million to $76 million,,True,,,,,
monolithic_power,2015-02-04,2014Q4,2015Q1,https://www.sec.gov/Archives/edgar/data/1280452/000143774915001752/ex99-1.htm,70.0,72.0,74.0,range_one_unit,Revenue in the range of $70 million to $74 million,,True,,,,,
monolithic_power,2015-04-22,2015Q1,2015Q2,https://www.sec.gov/Archives/edgar/data/1280452/000143774915007864/ex99-1.htm,79.0,81.0,83.0,range_one_unit,Revenue in the range of $79 million to $83 million,,True,,,,,
monolithic_power,2015-07-27,2015Q2,2015Q3,https://www.sec.gov/Archives/edgar/data/1280452/000143774915014089/ex99-1.htm,89.0,91.0,93.0,range_one_unit,Revenue in the range of $89 million to $93 million,,True,,,,,
monolithic_power,2015-10-26,2015Q3,2015Q4,https://www.sec.gov/Archives/edgar/data/1280452/000143774915018866/ex99-1.htm,84.0,86.0,88.0,range_one_unit,Revenue in the range of $84 million to $88 million,,True,,,,,
monolithic_power,2016-02-04,2015Q4,2016Q1,https://www.sec.gov/Archives/edgar/data/1280452/000143774916024761/ex99-1.htm,81.0,83.0,85.0,range_one_unit,Revenue in the range of $81 million to $85 million,,True,,,,,
monolithic_power,2016-05-02,2016Q1,2016Q2,https://www.sec.gov/Archives/edgar/data/1280452/000143774916030535/ex99-1.htm,91.0,93.0,95.0,range_one_unit,Revenue in the range of $91 million to $95 million,,True,,,,,
monolithic_power,2016-07-25,2016Q2,2016Q3,https://www.sec.gov/Archives/edgar/data/1280452/000143774916035629/ex99-1.htm,104.0,106.0,108.0,range_one_unit,Revenue in the range of $104 million to $108 million,,True,,,,,
monolithic_power,2016-10-31,2016Q3,2016Q4,https://www.sec.gov/Archives/edgar/data/1280452/000143774916040644/ex99-1.htm,101.0,103.0,105.0,range_one_unit,Revenue in the range of $101 million to $105 million,,True,,,,,
monolithic_power,2017-02-09,2016Q4,2017Q1,https://www.sec.gov/Archives/edgar/data/1280452/000143774917002031/ex99-1.htm,98.0,100.0,102.0,range_one_unit,Revenue in the range of $98 million to $102 million,,True,,,,,
monolithic_power,2017-04-26,2017Q1,2017Q2,https://www.sec.gov/Archives/edgar/data/1280452/000143774917007211/ex99-1.htm,109.0,111.0,113.0,range_one_unit,Revenue in the range of $109 million to $113 million,,True,,,,,
monolithic_power,2017-07-26,2017Q2,2017Q3,https://www.sec.gov/Archives/edgar/data/1280452/000143774917013102/ex99-1.htm,,,,,,,False,,,,,
monolithic_power,2017-10-26,2017Q3,2017Q4,https://www.sec.gov/Archives/edgar/data/1280452/000143774917017667/ex_97388.htm,,,,,,,False,,,,,
monolithic_power,2018-02-08,2017Q4,2018Q1,https://www.sec.gov/Archives/edgar/data/1280452/000143774918002069/ex_104572.htm,122.0,125.0,128.0,range_one_unit,Revenue in the range of $122 million to $128 million,,True,,,,,
monolithic_power,2018-04-30,2018Q1,2018Q2,https://www.sec.gov/Archives/edgar/data/1280452/000143774918008137/ex_111709.htm,135.0,138.0,141.0,range_one_unit,Revenue in the range of $135 million to $141 million,,True,,,,,
monolithic_power,2018-07-25,2018Q2,2018Q3,https://www.sec.gov/Archives/edgar/data/1280452/000143774918013742/ex_118376.htm,155.5,158.5,161.5,range_one_unit,Revenue in the range of $155.5 million to $161.5 million,,True,,,,,
monolithic_power,2018-10-25,2018Q3,2018Q4,https://www.sec.gov/Archives/edgar/data/1280452/000143774918018818/ex_126134.htm,151.0,154.0,157.0,range_one_unit,Revenue in the range of $151 million to $157 million,,True,,,,,
monolithic_power,2019-02-12,2018Q4,2019Q1,https://www.sec.gov/Archives/edgar/data/1280452/000143774919002341/ex_134498.htm,138.0,141.0,144.0,range_one_unit,Revenue in the range of $138 million to $144 million,,True,,,,,
monolithic_power,2019-05-02,2019Q1,2019Q2,https://www.sec.gov/Archives/edgar/data/1280452/000143774919008592/ex_142451.htm,147.5,150.5,153.5,range_one_unit,Revenue in the range of $147.5 million to $153.5 million,,True,,,,,
monolithic_power,2019-07-31,2019Q2,2019Q3,https://www.sec.gov/Archives/edgar/data/1280452/000143774919015046/ex_151349.htm,162.0,165.0,168.0,range_one_unit,Revenue in the range of $162 million to $168 million,,True,,,,,
monolithic_power,2019-10-22,2019Q3,2019Q4,https://www.sec.gov/Archives/edgar/data/1280452/000143774919020436/ex_160601.htm,160.0,163.0,166.0,range_one_unit,Revenue in the range of $160 million to $166 million,,True,,,,,
monolithic_power,2020-02-05,2019Q4,2020Q1,https://www.sec.gov/Archives/edgar/data/1280452/000143774920001797/ex_171286.htm,161.0,164.0,167.0,range_one_unit,Revenue in the range of $161 million to $167 million,,True,,,,,
monolithic_power,2020-04-28,2020Q1,2020Q2,https://www.sec.gov/Archives/edgar/data/1280452/000143774920008695/ex_182526.htm,167.0,170.0,173.0,range_one_unit,Revenue in the range of $167 million to $173 million,,True,,,,,
monolithic_power,2020-07-28,2020Q2,2020Q3,https://www.sec.gov/Archives/edgar/data/1280452/000143774920015872/ex_195245.htm,200.0,205.0,210.0,range_one_unit,Revenue in the range of $200 million to $210 million,,True,,,,,
monolithic_power,2020-10-29,2020Q3,2020Q4,https://www.sec.gov/Archives/edgar/data/1280452/000143774920021991/ex_209041.htm,218.0,224.0,230.0,range_one_unit,Revenue in the range of $218 million to $230 million,,True,,,,,
monolithic_power,2021-02-04,2020Q4,2021Q1,https://www.sec.gov/Archives/edgar/data/1280452/000143774921002011/ex_224051.htm,236.0,242.0,248.0,range_one_unit,Revenue in the range of $236 million to $248 million,,True,,,,,
monolithic_power,2021-05-04,2021Q1,2021Q2,https://www.sec.gov/Archives/edgar/data/1280452/000143774921010752/ex_243972.htm,274.0,280.0,286.0,range_one_unit,Revenue in the range of $274 million to $286 million,,True,,,,,
monolithic_power,2021-07-27,2021Q2,2021Q3,https://www.sec.gov/Archives/edgar/data/1280452/000143774921017661/ex_267124.htm,309.0,315.0,321.0,range_one_unit,Revenue in the range of $309 million to $321 million,,True,,,,,
monolithic_power,2021-10-28,2021Q3,2021Q4,https://www.sec.gov/Archives/edgar/data/1280452/000143774921024533/ex_295620.htm,314.0,320.0,326.0,range_one_unit,Revenue in the range of $314.0 million to $326.0 million,,True,,,,,
monolithic_power,2022-02-10,2021Q4,2022Q1,https://www.sec.gov/Archives/edgar/data/1280452/000143774922003003/ex_333484.htm,354.0,360.0,366.0,range_one_unit,Revenue in the range of $354.0 million to $366.0 million,,True,,,,,
monolithic_power,2022-05-02,2022Q1,2022Q2,https://www.sec.gov/Archives/edgar/data/1280452/000143774922010441/ex_366020.htm,420.0,430.0,440.0,range_one_unit,Revenue in the range of $420.0 million to $440.0 million,,True,,,,,
monolithic_power,2022-08-01,2022Q2,2022Q3,https://www.sec.gov/Archives/edgar/data/1280452/000143774922018260/ex_399654.htm,480.0,490.0,500.0,range_one_unit,Revenue in the range of $480.0 million to $500.0 million,,True,,,,,
monolithic_power,2022-10-27,2022Q3,2022Q4,https://www.sec.gov/Archives/edgar/data/1280452/000143774922024940/ex_435452.htm,450.0,460.0,470.0,range_one_unit,Revenue in the range of $450.0 million to $470.0 million,,True,,,,,
monolithic_power,2023-02-08,2022Q4,2023Q1,https://www.sec.gov/Archives/edgar/data/1280452/000143774923002781/ex_472028.htm,440.0,450.0,460.0,range_one_unit,Revenue in the range of $440.0 million to $460.0 million,,True,,,,,
monolithic_power,2023-05-04,2023Q1,2023Q2,https://www.sec.gov/Archives/edgar/data/1280452/000143774923012554/ex_510172.htm,430.0,440.0,450.0,range_one_unit,Revenue in the range of $430.0 million to $450.0 million,,True,,,,,
monolithic_power,2023-07-31,2023Q2,2023Q3,https://www.sec.gov/Archives/edgar/data/1280452/000143774923021166/ex_546525.htm,464.0,474.0,484.0,range_one_unit,Revenue in the range of $464.0 million to $484.0 million,,True,,,,,
monolithic_power,2023-10-30,2023Q3,2023Q4,https://www.sec.gov/Archives/edgar/data/1280452/000143774923029394/ex_586625.htm,442.0,452.0,462.0,range_one_unit,Revenue in the range of $442.0 million to $462.0 million,,True,,,,,
monolithic_power,2024-02-07,2023Q4,2024Q1,https://www.sec.gov/Archives/edgar/data/1280452/000143774924003353/ex_595905.htm,437.0,447.0,457.0,range_one_unit,Revenue in the range of $437.0 million to $457.0 million,,True,,,,,
monolithic_power,2024-05-01,2024Q1,2024Q2,https://www.sec.gov/Archives/edgar/data/1280452/000143774924014156/ex_637554.htm,480.0,490.0,500.0,range_one_unit,Revenue in the range of $480.0 million to $500.0 million,,True,,,,,
monolithic_power,2024-08-01,2024Q2,2024Q3,https://www.sec.gov/Archives/edgar/data/1280452/000143774924024285/ex_675796.htm,590.0,600.0,610.0,range_one_unit,Revenue in the range of $590.0 million to $610.0 million,,True,,,,,
monolithic_power,2024-10-30,2024Q3,2024Q4,https://www.sec.gov/Archives/edgar/data/1280452/000143774924032609/ex_714035.htm,600.0,610.0,620.0,range_one_unit,Revenue in the range of $600.0 million to $620.0 million,,True,,,,,
monolithic_power,2025-02-06,2024Q4,2025Q1,https://www.sec.gov/Archives/edgar/data/1280452/000143774925003024/ex_746686.htm,610.0,620.0,630.0,range_one_unit,Revenue in the range of $610.0 million to $630.0 million,,True,,,,,
monolithic_power,2025-05-01,2025Q1,2025Q2,https://www.sec.gov/Archives/edgar/data/1280452/000143774925014082/ex_786126.htm,640.0,650.0,660.0,range_one_unit,Revenue in the range of $640 million to $660 million,,True,,,,,
monolithic_power,2025-07-31,2025Q2,2025Q3,https://www.sec.gov/Archives/edgar/data/1280452/000143774925024185/ex_815328.htm,710.0,720.0,730.0,range_one_unit,Revenue in the range of $710.0 million to $730.0 million,,True,,,,,
monolithic_power,2025-10-30,2025Q3,2025Q4,https://www.sec.gov/Archives/edgar/data/1280452/000143774925032411/ex_854756.htm,730.0,740.0,750.0,range_one_unit,Revenue in the range of $730.0 million to $750.0 million,,True,,,,,
monolithic_power,2026-02-05,2025Q4,2026Q1,https://www.sec.gov/Archives/edgar/data/1280452/000143774926003191/ex_886151.htm,770.0,780.0,790.0,range_one_unit,Revenue in the range of $770.0 million to $790.0 million,,True,,,,,
monolithic_power,2026-04-30,2026Q1,2026Q2,https://www.sec.gov/Archives/edgar/data/1280452/000143774926014182/ex_929254.htm,890.0,900.0,910.0,range_one_unit,Revenue in the range of $890 million to $910 million,,True,,,,,
monolithic_power,2026-07-30,2026Q2,2026Q3,https://www.sec.gov/Archives/edgar/data/1280452/000162828026051029/mpwr-20260630xexx991.htm,1140.0,1150.0,1160.0,range_one_unit,"Revenue in the range of $1,140 million to $1,160 million",,True,,,,,
alpha_omega,2011-11-02,2011Q3,2011Q4,https://www.sec.gov/Archives/edgar/data/1387467/000117184311003249/newsrelease.htm,75.0,77.0,79.0,range_one_unit,Revenue is expected to be between $75 million and $79 million,,True,,,,,
alpha_omega,2012-01-25,2011Q4,2012Q1,https://www.sec.gov/Archives/edgar/data/1387467/000117184312000220/newsrelease.htm,80.0,82.0,84.0,range_one_unit,Revenue is expected to be between $80 million and $84 million,,True,,,,,
alpha_omega,2012-04-25,2012Q1,2012Q2,https://www.sec.gov/Archives/edgar/data/1387467/000117184312001423/newsrelease.htm,88.0,90.0,92.0,range_one_unit,Revenue is expected to be between $88.0 million and $92.0 million,,True,,,,,
alpha_omega,2012-08-14,2012Q2,2012Q3,https://www.sec.gov/Archives/edgar/data/1387467/000117184312003128/newsrelease.htm,92.0,94.0,96.0,range_one_unit,Revenue is expected to be between $92 million and $96 million,,True,,,,,
alpha_omega,2012-10-30,2012Q3,2012Q4,https://www.sec.gov/Archives/edgar/data/1387467/000117184312003836/newsrelease.htm,88.0,90.0,92.0,range_one_unit,Revenue is expected to be between $88 million and $92 million,,True,,,,,
alpha_omega,2013-01-30,2012Q4,2013Q1,https://www.sec.gov/Archives/edgar/data/1387467/000117184313000334/newsrelease.htm,76.0,78.0,80.0,range_one_unit,Revenue is expected to be between $76 million and $80 million,,True,,,,,
alpha_omega,2013-04-29,2013Q1,2013Q2,https://www.sec.gov/Archives/edgar/data/1387467/000117184313001614/newsrelease.htm,73.0,75.0,77.0,range_one_unit,Revenue is expected to be between $73 million and $77 million,,True,,,,,
alpha_omega,2013-10-30,2013Q3,2013Q4,https://www.sec.gov/Archives/edgar/data/1387467/000117184313004265/newsrelease.htm,75.0,77.0,79.0,range_one_unit,Revenue is expected to be between $75 million and $79 million,,True,,,,,
alpha_omega,2017-11-02,2017Q3,2017Q4,https://www.sec.gov/Archives/edgar/data/1387467/000117184317006566/exh_992.htm,,,,,,,False,,,,,
alpha_omega,2018-02-07,2017Q4,2018Q1,https://www.sec.gov/Archives/edgar/data/1387467/000117184318000955/exh_992.htm,99.0,101.0,103.0,range_one_unit,Revenue is expected to be in the range of $99 million to $103 million,,True,,,,,
alpha_omega,2018-05-02,2018Q1,2018Q2,https://www.sec.gov/Archives/edgar/data/1387467/000115752318000945/a51799511_ex992.htm,106.0,108.0,110.0,range_one_unit,Revenue is expected to be in the range of $106 million to $110 million,,True,,,,,
alpha_omega,2018-08-08,2018Q2,2018Q3,https://www.sec.gov/Archives/edgar/data/1387467/000115752318001770/a51849827ex99_2.htm,113.0,115.0,117.0,range_one_unit,Revenue to be between $113 million and $117 million,,True,,,,,
alpha_omega,2018-11-01,2018Q3,2018Q4,https://www.sec.gov/Archives/edgar/data/1387467/000115752318002265/a51892619ex99_2.htm,112.0,114.0,116.0,range_one_unit,Revenue to be between $112 million and $116 million,,True,,,,,
alpha_omega,2019-02-06,2018Q4,2019Q1,https://www.sec.gov/Archives/edgar/data/1387467/000115752319000242/a51936679_ex992.htm,109.0,111.0,113.0,range_one_unit,Revenue to be between $109 million and $113 million,,True,,,,,
alpha_omega,2019-05-02,2019Q1,2019Q2,https://www.sec.gov/Archives/edgar/data/1387467/000115752319001055/a51978543ex99_2.htm,110.0,112.0,114.0,range_one_unit,Revenue to be between $110 million and $114 million,,True,,,,,
alpha_omega,2019-08-07,2019Q2,2019Q3,https://www.sec.gov/Archives/edgar/data/1387467/000115752319001751/a52075276_ex991.htm,115.0,117.0,119.0,range_one_unit,Revenue is expected to be in the range of $115 million to $119 million,,True,,,,,
alpha_omega,2019-11-04,2019Q3,2019Q4,https://www.sec.gov/Archives/edgar/data/1387467/000115752319002177/a52122086ex99_2.htm,117.0,119.0,121.0,range_one_unit,Revenue to be between $117 million and $121 million,,True,,,,,
alpha_omega,2020-02-05,2019Q4,2020Q1,https://www.sec.gov/Archives/edgar/data/1387467/000115752320000153/a52168891ex99_2.htm,106.0,108.0,110.0,range_one_unit,revenue to be between $106 million and $110 million,,True,,,,,
alpha_omega,2020-05-05,2020Q1,2020Q2,https://www.sec.gov/Archives/edgar/data/1387467/000115752320000656/a52214770_ex992.htm,117.0,119.0,121.0,range_one_unit,revenue to be between $117 million and $121 million,,True,,,,,
alpha_omega,2020-08-11,2020Q2,2020Q3,https://www.sec.gov/Archives/edgar/data/1387467/000115752320001167/a52264501ex99_1.htm,134.0,136.0,138.0,range_one_unit,Revenue is expected to be in the range of $134 million to $138 million,,True,,,,,
alpha_omega,2020-11-05,2020Q3,2020Q4,https://www.sec.gov/Archives/edgar/data/1387467/000115752320001447/a52320724_ex991.htm,150.0,153.0,156.0,plusminus,"Revenue is expected to be approximately $153 million, plus or minus $3 million",,True,,,,,
alpha_omega,2021-02-04,2020Q4,2021Q1,https://www.sec.gov/Archives/edgar/data/1387467/000115752321000143/a52373650ex99_1.htm,154.0,157.0,160.0,plusminus,"Revenue is expected to be approximately $157 million, plus or minus $3 million",,True,,,,,
alpha_omega,2021-05-05,2021Q1,2021Q2,https://www.sec.gov/Archives/edgar/data/1387467/000115752321000595/a52423343ex99_1.htm,167.0,170.0,173.0,plusminus,"Revenue is expected to be approximately $170 million, plus or minus $3 million",,True,,,,,
alpha_omega,2021-08-11,2021Q2,2021Q3,https://www.sec.gov/Archives/edgar/data/1387467/000115752321001037/a52474977ex99_2.htm,177.0,180.0,183.0,plusminus,"Revenue to be approximately $180 million, plus or minus $3 million",,True,,,,,
alpha_omega,2021-11-04,2021Q3,2021Q4,https://www.sec.gov/Archives/edgar/data/1387467/000115752321001341/a52521884_ex992.htm,185.0,188.0,191.0,plusminus,"Revenue to be approximately $188 million, plus or minus $3 million",,True,,,,,
alpha_omega,2022-02-07,2021Q4,2022Q1,https://www.sec.gov/Archives/edgar/data/1387467/000115752322000153/a52574617ex99_2.htm,191.0,194.0,197.0,plusminus,"Revenue to be approximately $194 million, plus or minus $3 million",,True,,,,,
alpha_omega,2022-05-05,2022Q1,2022Q2,https://www.sec.gov/Archives/edgar/data/1387467/000115752322000569/a52708772ex99_1.htm,180.0,190.0,200.0,plusminus,"Revenue to be approximately $190 million, plus or minus $10 million",,True,,,,,
alpha_omega,2022-08-10,2022Q2,2022Q3,https://www.sec.gov/Archives/edgar/data/1387467/000115752322001096/a52806307_ex991.htm,,,,,,,False,,,,,
alpha_omega,2022-11-03,2022Q3,2022Q4,https://www.sec.gov/Archives/edgar/data/1387467/000115752322001518/a52959342ex99_2.htm,192.0,195.0,198.0,plusminus,"Revenue to be approximately $195 million, plus or minus $3 million",,True,,,,,
alpha_omega,2023-02-06,2022Q4,2023Q1,https://www.sec.gov/Archives/edgar/data/1387467/000115752323000172/a53302166ex99_1.htm,125.0,130.0,135.0,plusminus,"Revenue to be approximately $130 million, plus or minus $5 million",,True,,,,,
alpha_omega,2023-05-04,2023Q1,2023Q2,https://www.sec.gov/Archives/edgar/data/1387467/000115752323000740/a53393401ex99_1.htm,155.0,160.0,165.0,plusminus,"Revenue to be approximately $160 million, plus or minus $5 million",,True,,,,,
alpha_omega,2023-08-09,2023Q2,2023Q3,https://www.sec.gov/Archives/edgar/data/1387467/000115752323001302/a53518786_ex991.htm,,,,,,,False,,,,,
alpha_omega,2023-11-06,2023Q3,2023Q4,https://www.sec.gov/Archives/edgar/data/1387467/000115752323001653/a53748536ex99_1.htm,155.0,165.0,175.0,plusminus,"Revenue to be approximately $165 million, plus or minus $10 million",,True,,,,,
alpha_omega,2024-02-06,2023Q4,2024Q1,https://www.sec.gov/Archives/edgar/data/1387467/000115752324000174/a53892362ex99_1.htm,140.0,150.0,160.0,plusminus,"Revenue to be approximately $150 million, plus or minus $10 million",,True,,,,,
alpha_omega,2024-05-07,2024Q1,2024Q2,https://www.sec.gov/Archives/edgar/data/1387467/000138746724000055/exhibit991earningreleasema.htm,150.0,160.0,170.0,plusminus,"Revenue to be approximately $160 million, plus or minus $10 million",,True,,,,,
alpha_omega,2024-08-07,2024Q2,2024Q3,https://www.sec.gov/Archives/edgar/data/1387467/000138746724000066/exhibit991earningreleaseju.htm,,,,,,,False,,,,,
alpha_omega,2024-11-04,2024Q3,2024Q4,https://www.sec.gov/Archives/edgar/data/1387467/000138746724000091/exhibit991earningreleasese.htm,160.0,170.0,180.0,plusminus,"Revenue to be approximately $170 million, plus or minus $10 million",,True,,,,,
alpha_omega,2025-02-05,2024Q4,2025Q1,https://www.sec.gov/Archives/edgar/data/1387467/000138746725000015/exhibit991earningreleasede.htm,148.0,158.0,168.0,plusminus,"Revenue to be approximately $158 million, plus or minus $10 million",,True,,,,,
alpha_omega,2025-05-07,2025Q1,2025Q2,https://www.sec.gov/Archives/edgar/data/1387467/000138746725000042/exhibit991earningreleasema.htm,160.0,170.0,180.0,plusminus,"Revenue to be approximately $170 million, plus or minus $10 million",,True,,,,,
alpha_omega,2025-08-06,2025Q2,2025Q3,https://www.sec.gov/Archives/edgar/data/1387467/000162828025038309/exhibit991earningreleaseju.htm,,,,,,,False,,,,,
alpha_omega,2025-11-05,2025Q3,2025Q4,https://www.sec.gov/Archives/edgar/data/1387467/000138746725000064/exhibit992earningreleasese.htm,150.0,160.0,170.0,plusminus,"Revenue to be approximately $160 million, plus or minus $10.0 million",,True,,,,,
alpha_omega,2026-02-05,2025Q4,2026Q1,https://www.sec.gov/Archives/edgar/data/1387467/000138746726000012/exhibit991earningreleasede.htm,150.0,160.0,170.0,plusminus,"Revenue to be approximately $160 million, plus or minus $10 million",,True,,,,,
alpha_omega,2026-05-06,2026Q1,2026Q2,https://www.sec.gov/Archives/edgar/data/1387467/000162828026031274/exhibit992earningreleasema.htm,158.0,168.0,178.0,plusminus,"Revenue to be approximately $168 million, plus or minus $10.0 million",,True,,,,,
alpha_omega,2026-08-12,2026Q2,2026Q3,https://www.sec.gov/Archives/edgar/data/1387467/000162828026056197/exhibit991earningreleaseju.htm,,,,,,,False,,,,,
