company,quarter,guide_release,guide_low_usdm,guide_mid_usdm,guide_high_usdm,actual_usdm,beat_pct,above_high,below_low,manual_check,flags,quote,url,actual_source,excluded,exclusion_reason
adi,2011Q1,2011-02-15,730.0,745.0,760.0,790.8,6.14,True,False,False,,revenue to be in the range of $730 million to $760 million,https://www.sec.gov/Archives/edgar/data/6281/000115752311000880/a6612617ex99-1.htm,XBRL first reported,False,
adi,2011Q4,2011-11-21,644.5206000000001,662.4239500000001,680.3273,648.1,-2.17,False,False,False,,Revenue: Down 5% to 10% sequentially,https://www.sec.gov/Archives/edgar/data/6281/000115752311006926/a50080388ex99-1.htm,XBRL first reported,False,
adi,2012Q3,2012-08-21,685.0,700.0,715.0,695.0,-0.72,False,False,False,,revenue in the range of $685 million to $715 million,https://www.sec.gov/Archives/edgar/data/6281/000115752312004619/a50383523ex99_1.htm,XBRL first reported,False,
adi,2012Q4,2012-11-27,611.5683200000001,632.41724,653.26616,622.1,-1.63,False,False,False,,Revenue estimated to decrease in the range of -6% to -12%,https://www.sec.gov/Archives/edgar/data/6281/000115752312006206/a50489639ex99_1.htm,XBRL first reported,False,
adi,2013Q1,2013-02-19,647.01936,659.4620400000001,671.9047200000001,659.2,-0.03,False,False,False,,"revenue growth in our second quarter, in the range of 4-8% sequentially",https://www.sec.gov/Archives/edgar/data/6281/000115752313000865/a50568492ex99-1.htm,XBRL first reported,False,
adi,2013Q2,2013-05-21,655.0,670.0,685.0,674.2,0.62,False,False,False,,Revenue estimated to be in the range of $655 to $685 million,https://www.sec.gov/Archives/edgar/data/6281/000115752313002816/a50637181ex99_1.htm,XBRL first reported,False,
adi,2013Q3,2013-08-20,675.0,687.5,700.0,678.1,-1.36,False,False,False,,Revenue estimated to be in the range of $675 to $700 million,https://www.sec.gov/Archives/edgar/data/6281/000115752313004183/a50694034ex99-1.htm,XBRL first reported,False,
adi,2013Q4,2013-11-26,610.3197,627.273025,644.22635,628.2,0.15,False,False,False,,Revenue estimated to decrease in the range of -5% to -10%,https://www.sec.gov/Archives/edgar/data/6281/000115752313005650/a50758356ex99_1.htm,XBRL first reported,False,
adi,2014Q1,2014-02-18,660.0,670.0,680.0,694.5,3.66,True,False,False,,Revenue estimated to be in the range of $660 to $680 million,https://www.sec.gov/Archives/edgar/data/6281/000115752314000669/a50806262-ex991.htm,XBRL first reported,False,
adi,2014Q2,2014-05-20,701.48136,715.37208,729.2628,727.8,1.73,False,False,False,,Revenue estimated to increase 1% to 5% sequentially,https://www.sec.gov/Archives/edgar/data/6281/000115752314002232/a50869750-ex991.htm,XBRL first reported,False,
adi,2014Q3,2014-08-26,790.0,805.0,820.0,814.2,1.15,False,False,False,,revenue in the fourth quarter to be in the range of $790 million to $820 million,https://www.sec.gov/Archives/edgar/data/6281/000115752314003567/a50930809-ex991.htm,XBRL first reported,False,
adi,2014Q4,2014-11-25,745.0,760.0,775.0,772.0,1.58,False,False,False,,revenue in the first quarter to be in the range of $745 million to $775 million,https://www.sec.gov/Archives/edgar/data/6281/000115752314004679/a50991129ex99_1.htm,XBRL first reported,False,
adi,2015Q2,2015-05-19,825.0,845.0,865.0,863.4,2.17,False,False,False,,revenue to be in the range of $825 million to $865 million,https://www.sec.gov/Archives/edgar/data/6281/000115752315001854/a51106314ex99_1.htm,XBRL first reported,False,
adi,2015Q3,2015-08-18,880.0,910.0,940.0,978.7,7.55,True,False,False,,revenue to be in the range of $880 million to $940 million,https://www.sec.gov/Archives/edgar/data/6281/000115752315002948/a51165183-ex991.htm,XBRL first reported,False,
adi,2015Q4,2015-11-24,805.0,830.0,855.0,769.4,-7.3,False,True,False,,"revenues, profits, and cash flows.” “After a very strong fourth quarter, we are planning for revenue in the seasonally slower first quarter to be in the range of $805 million to $855 million",https://www.sec.gov/Archives/edgar/data/6281/000115752315003925/a51230700ex99_1.htm,XBRL first reported,False,
adi,2016Q1,2016-02-17,754.0404199999999,777.12329,800.20616,778.8,0.21,False,False,False,,revenue in the second quarter to be in the range of -2% to +4% sequentially,https://www.sec.gov/Archives/edgar/data/6281/000115752316004606/a51280963ex99_1.htm,XBRL first reported,False,
adi,2016Q3,2016-08-17,910.0,940.0,970.0,1003.6,6.77,True,False,False,,"revenue to increase sequentially, and be in the range of $910 million to $970 million",https://www.sec.gov/Archives/edgar/data/6281/000115752316006547/a51402954ex99_1.htm,XBRL first reported,False,
adi,2016Q4,2016-11-22,840.0,870.0,900.0,984.4,13.16,True,False,False,,Revenue estimated to be in the range of $840 million to $900 million,https://www.sec.gov/Archives/edgar/data/6281/000115752316007438/a51464721_ex991.htm,XBRL first reported,False,
adi,2017Q1,2017-02-15,870.0,910.0,950.0,1148.0,26.15,True,False,True,,revenue to be in the range of $870 million to $950 million,https://www.sec.gov/Archives/edgar/data/6281/000115752317000493/a51510364_ex991.htm,XBRL first reported,False,
adi,2017Q2,2017-05-31,1340.0,1380.0,1420.0,1433.9,3.91,True,False,False,,"revenue in the third quarter of 2017, our first full quarter with Linear Technology, to be in the range of $1.34 billion to $1.42 billion",https://www.sec.gov/Archives/edgar/data/6281/000115752317001694/a51566930ex99_1.htm,XBRL first reported,True,"Linear Technology acquisition closed 10 Mar 2017, after the Feb guide ($870-950m, ADI standalone)"
adi,2017Q3,2017-08-30,1450.0,1500.0,1550.0,1541.2,2.74,False,False,False,,revenue in the fourth quarter to be in the range of $1.45 billion to $1.55 billion,https://www.sec.gov/Archives/edgar/data/6281/000115752317002422/a51675775ex99_1.htm,XBRL first reported,False,
adi,2017Q4,2017-11-21,1440.0,1490.0,1540.0,1518.6,1.92,False,False,False,,revenue to be in the range of $1.44 billion to $1.54 billion,https://www.sec.gov/Archives/edgar/data/6281/000115752317003137/a51719386ex99_1.htm,XBRL first reported,False,
adi,2018Q1,2018-02-28,1430.0,1470.0,1510.0,1513.1,2.93,True,False,False,,revenue to be in the range of $1.43 billion to $1.51 billion,https://www.sec.gov/Archives/edgar/data/6281/000115752318000442/a51765657ex99_1.htm,XBRL first reported,False,
adi,2018Q2,2018-05-30,1470.0,1510.0,1550.0,1572.7,4.15,True,False,False,,revenue to be in the range of $1.47 billion to $1.55 billion,https://www.sec.gov/Archives/edgar/data/6281/000115752318001211/a51813933_ex991.htm,XBRL first reported,False,
adi,2018Q3,2018-08-22,1530.0,1570.0,1610.0,1596.6,1.69,False,False,False,,Revenue $1.57 billion (+/- $40 million),https://www.sec.gov/Archives/edgar/data/6281/000115752318001858/a51855658ex99_1.htm,XBRL first reported,False,
adi,2018Q4,2018-11-20,1460.0,1510.0,1560.0,1541.1,2.06,False,False,False,,Revenue $1.51 billion (+/- $50 million),https://www.sec.gov/Archives/edgar/data/6281/000115752318002463/a51902441ex99_1.htm,XBRL first reported,False,
adi,2019Q1,2019-02-20,1450.0,1500.0,1550.0,1526.6,1.77,False,False,False,,"forecasting revenue of $1.50 billion, +/- $50 million",https://www.sec.gov/Archives/edgar/data/6281/000115752319000376/a51943031ex99_1.htm,XBRL first reported,False,
adi,2019Q2,2019-05-22,1400.0,1450.0,1500.0,1480.1,2.08,False,False,False,,"forecasting revenue of $1.45 billion, +/- $50 million",https://www.sec.gov/Archives/edgar/data/6281/000000628119000087/adiq219exhibit991.htm,XBRL first reported,False,
adi,2019Q3,2019-08-21,1400.0,1450.0,1500.0,1443.2,-0.47,False,False,False,,"forecasting revenue of $1.45 billion, +/- $50 million",https://www.sec.gov/Archives/edgar/data/6281/000000628119000114/adiq319exhibit991.htm,XBRL first reported,False,
adi,2019Q4,2019-11-26,1250.0,1300.0,1350.0,1303.6,0.27,False,False,False,,"forecasting revenue of $1.30 billion, +/- $50 million",https://www.sec.gov/Archives/edgar/data/6281/000000628119000140/adiq419exhibit991earni.htm,XBRL first reported,False,
adi,2020Q1,2020-02-19,1300.0,1350.0,1400.0,1317.1,-2.44,False,False,False,,"forecasting revenue of $1.35 billion, +/- $50 million",https://www.sec.gov/Archives/edgar/data/6281/000000628120000012/adi1q20exhibit992earni.htm,XBRL first reported,False,
adi,2020Q2,2020-05-20,1250.0,1320.0,1390.0,1456.1,10.31,True,False,False,,"forecasting revenue of $1.32 billion, +/- $70 million",https://www.sec.gov/Archives/edgar/data/6281/000000628120000085/adi2q20exhibit991earni.htm,XBRL first reported,False,
adi,2020Q3,2020-08-19,1370.0,1440.0,1510.0,1526.3,5.99,True,False,False,,"forecasting revenue of $1.44 billion, +/- $70 million",https://www.sec.gov/Archives/edgar/data/6281/000000628120000122/adi3q20exhibit991earni.htm,XBRL first reported,False,
adi,2020Q4,2020-11-24,1430.0,1500.0,1570.0,1558.5,3.9,False,False,False,,"forecasting revenue of $1.50 billion, +/- $70 million",https://www.sec.gov/Archives/edgar/data/6281/000000628120000155/adiq420exhibit991.htm,XBRL first reported,False,
adi,2021Q1,2021-02-17,1550.0,1600.0,1650.0,1661.4,3.84,True,False,False,,"forecasting revenue of $1.60 billion, +/- $50 million",https://www.sec.gov/Archives/edgar/data/6281/000000628121000020/adi1q21exhibit992earnings.htm,XBRL first reported,False,
adi,2021Q2,2021-05-19,1630.0,1700.0,1770.0,1758.9,3.46,False,False,False,,"forecasting revenue of $1.7 billion, +/- $70 million",https://www.sec.gov/Archives/edgar/data/6281/000000628121000167/adi2q21exhibit991earnings.htm,XBRL first reported,False,
adi,2021Q3,2021-08-18,1710.0,1780.0,1850.0,2339.6,31.44,True,False,True,,"forecasting revenue of $1.78 billion, +/- $70 million",https://www.sec.gov/Archives/edgar/data/6281/000000628121000196/adi3q21exhibit991earnings.htm,XBRL first reported,False,
adi,2021Q4,2021-11-23,2500.0,2600.0,2700.0,2684.3,3.24,False,False,False,,"forecasting revenue of $2.60 Billion , +/- $100 Million",https://www.sec.gov/Archives/edgar/data/6281/000000628121000280/adiq421exhibit991.htm,XBRL first reported,True,"Maxim acquisition closed 26 Aug 2021, after the 18 Aug guide ($1.78bn, ADI standalone); actual includes Maxim (+31% 'beat')"
adi,2022Q1,2022-02-16,2700.0,2800.0,2900.0,2972.1,6.15,True,False,False,,"forecasting revenue of $2.80 billion, +/- $100 million",https://www.sec.gov/Archives/edgar/data/6281/000000628122000019/adi1q22exhibit992earnings.htm,XBRL first reported,False,
adi,2022Q2,2022-05-18,2950.0,3050.0,3150.0,3109.9,1.96,False,False,False,,"forecasting revenue of $3.05 billion, +/- $100 million",https://www.sec.gov/Archives/edgar/data/6281/000000628122000167/adi2q22exhibit991earnings.htm,XBRL first reported,False,
adi,2022Q3,2022-08-17,3050.0,3150.0,3250.0,3247.7,3.1,False,False,False,,"forecasting revenue of $3.15 billion, +/- $100 million",https://www.sec.gov/Archives/edgar/data/6281/000000628122000222/adi3q22exhibit991earnings.htm,XBRL first reported,False,
adi,2022Q4,2022-11-22,3050.0,3150.0,3250.0,3249.6,3.16,False,False,False,,"forecasting revenue of $3.15 billion, +/- $100 million",https://www.sec.gov/Archives/edgar/data/6281/000000628122000246/adiq422exhibit991.htm,XBRL first reported,False,
adi,2023Q1,2023-02-15,3100.0,3200.0,3300.0,3262.9,1.97,False,False,False,,"forecasting revenue of $3.20 billion, +/- $100 million",https://www.sec.gov/Archives/edgar/data/6281/000000628123000029/adi1q23exhibit992earnings.htm,XBRL first reported,False,
adi,2023Q2,2023-05-24,3000.0,3100.0,3200.0,3076.5,-0.76,False,False,False,,"forecasting revenue of $3.10 billion, +/- $100 million",https://www.sec.gov/Archives/edgar/data/6281/000000628123000151/adi2q23exhibit991earnings.htm,XBRL first reported,False,
adi,2023Q3,2023-08-23,2600.0,2700.0,2800.0,2716.5,0.61,False,False,False,,"forecasting revenue of $2.70 billion, +/- $100 million",https://www.sec.gov/Archives/edgar/data/6281/000000628123000177/adi3q23exhibit991earnings.htm,XBRL first reported,False,
adi,2023Q4,2023-11-21,2400.0,2500.0,2600.0,2512.7,0.51,False,False,False,,"forecasting revenue of $2.5 billion, +/- $100 million",https://www.sec.gov/Archives/edgar/data/6281/000000628123000200/adiq423exhibit991.htm,XBRL first reported,False,
adi,2024Q1,2024-02-21,2000.0,2100.0,2200.0,2159.0,2.81,False,False,False,,"forecasting revenue of $2.10 billion, +/- $100 million",https://www.sec.gov/Archives/edgar/data/6281/000000628124000032/adi1q24exhibit991earnings.htm,XBRL first reported,False,
adi,2024Q2,2024-05-22,2170.0,2270.0,2370.0,2312.2,1.86,False,False,False,,"forecasting revenue of $2.27 billion, +/- $100 million",https://www.sec.gov/Archives/edgar/data/6281/000000628124000130/adi2q24exhibit991earnings.htm,XBRL first reported,False,
adi,2024Q3,2024-08-21,2300.0,2400.0,2500.0,2443.2,1.8,False,False,False,,"forecasting revenue of $2.40 billion, +/- $100 million",https://www.sec.gov/Archives/edgar/data/6281/000000628124000158/adi3q24exhibit991earnings.htm,XBRL first reported,False,
adi,2024Q4,2024-11-26,2250.0,2350.0,2450.0,2423.2,3.11,False,False,False,,"forecasting revenue of $2.35 billion, +/- $100 million",https://www.sec.gov/Archives/edgar/data/6281/000000628124000202/adiq424exhibit991.htm,XBRL first reported,False,
adi,2025Q1,2025-02-19,2400.0,2500.0,2600.0,2640.1,5.6,True,False,False,,"forecasting revenue of $2.50 billion, +/- $100 million",https://www.sec.gov/Archives/edgar/data/6281/000000628125000022/adi1q25exhibit991earnings.htm,XBRL first reported,False,
adi,2025Q2,2025-05-22,2650.0,2750.0,2850.0,2880.3,4.74,True,False,False,,"forecasting revenue of $2.75 billion, +/- $100 million",https://www.sec.gov/Archives/edgar/data/6281/000000628125000124/adi2q25exhibit991earnings.htm,XBRL first reported,False,
adi,2025Q3,2025-08-20,2900.0,3000.0,3100.0,3076.1,2.54,False,False,False,,"forecasting revenue of $3.0 billion, +/- $100 million",https://www.sec.gov/Archives/edgar/data/6281/000000628125000142/adi3q25exhibit991earnings.htm,XBRL first reported,False,
adi,2025Q4,2025-11-25,3000.0,3100.0,3200.0,3160.3,1.94,False,False,False,,"forecasting revenue of $3.1 billion, +/- $100 million",https://www.sec.gov/Archives/edgar/data/6281/000000628125000151/adiq425exhibit991.htm,XBRL first reported,False,
adi,2026Q1,2026-02-18,3400.0,3500.0,3600.0,3623.5,3.53,True,False,False,,"forecasting revenue of $3.5 billion, +/- $100 million",https://www.sec.gov/Archives/edgar/data/6281/000000628126000015/adi1q26exhibit991earnings.htm,XBRL first reported,False,
adi,2026Q2,2026-05-20,3800.0,3900.0,4000.0,4021.9,3.13,True,False,False,,"forecasting revenue of $3.9 billion, +/- $100 million",https://www.sec.gov/Archives/edgar/data/6281/000000628126000050/adi2q26exhibit991earnings.htm,XBRL first reported,False,
alpha_omega,2011Q4,2011-11-02,75.0,77.0,79.0,80.7,4.82,True,False,False,,Revenue is expected to be between $75 million and $79 million,https://www.sec.gov/Archives/edgar/data/1387467/000117184311003249/newsrelease.htm,XBRL first reported,False,
alpha_omega,2012Q1,2012-01-25,80.0,82.0,84.0,83.9,2.27,False,False,False,,Revenue is expected to be between $80 million and $84 million,https://www.sec.gov/Archives/edgar/data/1387467/000117184312000220/newsrelease.htm,XBRL first reported,False,
alpha_omega,2012Q2,2012-04-25,88.0,90.0,92.0,94.3,4.75,True,False,False,,Revenue is expected to be between $88.0 million and $92.0 million,https://www.sec.gov/Archives/edgar/data/1387467/000117184312001423/newsrelease.htm,XBRL first reported,False,
alpha_omega,2012Q3,2012-08-14,92.0,94.0,96.0,95.8,1.87,False,False,False,,Revenue is expected to be between $92 million and $96 million,https://www.sec.gov/Archives/edgar/data/1387467/000117184312003128/newsrelease.htm,XBRL first reported,False,
alpha_omega,2012Q4,2012-10-30,88.0,90.0,92.0,89.4,-0.61,False,False,False,,Revenue is expected to be between $88 million and $92 million,https://www.sec.gov/Archives/edgar/data/1387467/000117184312003836/newsrelease.htm,XBRL first reported,False,
alpha_omega,2013Q1,2013-01-30,76.0,78.0,80.0,75.0,-3.83,False,True,False,,Revenue is expected to be between $76 million and $80 million,https://www.sec.gov/Archives/edgar/data/1387467/000117184313000334/newsrelease.htm,XBRL first reported,False,
alpha_omega,2018Q1,2018-02-07,99.0,101.0,103.0,102.9,1.88,False,False,False,,Revenue is expected to be in the range of $99 million to $103 million,https://www.sec.gov/Archives/edgar/data/1387467/000117184318000955/exh_992.htm,XBRL first reported,False,
alpha_omega,2018Q2,2018-05-02,106.0,108.0,110.0,109.9,1.76,False,False,False,,Revenue is expected to be in the range of $106 million to $110 million,https://www.sec.gov/Archives/edgar/data/1387467/000115752318000945/a51799511_ex992.htm,XBRL first reported,False,
alpha_omega,2018Q3,2018-08-08,113.0,115.0,117.0,115.1,0.06,False,False,False,,Revenue to be between $113 million and $117 million,https://www.sec.gov/Archives/edgar/data/1387467/000115752318001770/a51849827ex99_2.htm,XBRL first reported,False,
alpha_omega,2018Q4,2018-11-01,112.0,114.0,116.0,114.9,0.81,False,False,False,,Revenue to be between $112 million and $116 million,https://www.sec.gov/Archives/edgar/data/1387467/000115752318002265/a51892619ex99_2.htm,XBRL first reported,False,
alpha_omega,2019Q1,2019-02-06,109.0,111.0,113.0,109.1,-1.74,False,False,False,,Revenue to be between $109 million and $113 million,https://www.sec.gov/Archives/edgar/data/1387467/000115752319000242/a51936679_ex992.htm,XBRL first reported,False,
alpha_omega,2019Q2,2019-05-02,110.0,112.0,114.0,111.9,-0.13,False,False,False,,Revenue to be between $110 million and $114 million,https://www.sec.gov/Archives/edgar/data/1387467/000115752319001055/a51978543ex99_2.htm,XBRL first reported,False,
alpha_omega,2019Q3,2019-08-07,115.0,117.0,119.0,117.8,0.69,False,False,False,,Revenue is expected to be in the range of $115 million to $119 million,https://www.sec.gov/Archives/edgar/data/1387467/000115752319001751/a52075276_ex991.htm,XBRL first reported,False,
alpha_omega,2019Q4,2019-11-04,117.0,119.0,121.0,117.9,-0.96,False,False,False,,Revenue to be between $117 million and $121 million,https://www.sec.gov/Archives/edgar/data/1387467/000115752319002177/a52122086ex99_2.htm,XBRL first reported,False,
alpha_omega,2020Q1,2020-02-05,106.0,108.0,110.0,106.9,-1.06,False,False,False,,revenue to be between $106 million and $110 million,https://www.sec.gov/Archives/edgar/data/1387467/000115752320000153/a52168891ex99_2.htm,XBRL first reported,False,
alpha_omega,2020Q2,2020-05-05,117.0,119.0,121.0,122.4,2.85,True,False,False,,revenue to be between $117 million and $121 million,https://www.sec.gov/Archives/edgar/data/1387467/000115752320000656/a52214770_ex992.htm,XBRL first reported,False,
alpha_omega,2020Q3,2020-08-11,134.0,136.0,138.0,151.6,11.43,True,False,False,,Revenue is expected to be in the range of $134 million to $138 million,https://www.sec.gov/Archives/edgar/data/1387467/000115752320001167/a52264501ex99_1.htm,XBRL first reported,False,
alpha_omega,2020Q4,2020-11-05,150.0,153.0,156.0,158.8,3.81,True,False,False,,"Revenue is expected to be approximately $153 million, plus or minus $3 million",https://www.sec.gov/Archives/edgar/data/1387467/000115752320001447/a52320724_ex991.htm,XBRL first reported,False,
alpha_omega,2021Q1,2021-02-04,154.0,157.0,160.0,169.2,7.78,True,False,False,,"Revenue is expected to be approximately $157 million, plus or minus $3 million",https://www.sec.gov/Archives/edgar/data/1387467/000115752321000143/a52373650ex99_1.htm,XBRL first reported,False,
alpha_omega,2021Q2,2021-05-05,167.0,170.0,173.0,177.3,4.3,True,False,False,,"Revenue is expected to be approximately $170 million, plus or minus $3 million",https://www.sec.gov/Archives/edgar/data/1387467/000115752321000595/a52423343ex99_1.htm,XBRL first reported,False,
alpha_omega,2021Q3,2021-08-11,177.0,180.0,183.0,187.0,3.91,True,False,False,,"Revenue to be approximately $180 million, plus or minus $3 million",https://www.sec.gov/Archives/edgar/data/1387467/000115752321001037/a52474977ex99_2.htm,XBRL first reported,False,
alpha_omega,2021Q4,2021-11-04,185.0,188.0,191.0,193.3,2.83,True,False,False,,"Revenue to be approximately $188 million, plus or minus $3 million",https://www.sec.gov/Archives/edgar/data/1387467/000115752321001341/a52521884_ex992.htm,XBRL first reported,False,
alpha_omega,2022Q1,2022-02-07,191.0,194.0,197.0,203.2,4.76,True,False,False,,"Revenue to be approximately $194 million, plus or minus $3 million",https://www.sec.gov/Archives/edgar/data/1387467/000115752322000153/a52574617ex99_2.htm,XBRL first reported,False,
alpha_omega,2022Q2,2022-05-05,180.0,190.0,200.0,194.0,2.08,False,False,False,,"Revenue to be approximately $190 million, plus or minus $10 million",https://www.sec.gov/Archives/edgar/data/1387467/000115752322000569/a52708772ex99_1.htm,XBRL first reported,False,
alpha_omega,2022Q4,2022-11-03,192.0,195.0,198.0,188.8,-3.2,False,True,False,,"Revenue to be approximately $195 million, plus or minus $3 million",https://www.sec.gov/Archives/edgar/data/1387467/000115752322001518/a52959342ex99_2.htm,XBRL first reported,False,
alpha_omega,2023Q1,2023-02-06,125.0,130.0,135.0,132.6,1.97,False,False,False,,"Revenue to be approximately $130 million, plus or minus $5 million",https://www.sec.gov/Archives/edgar/data/1387467/000115752323000172/a53302166ex99_1.htm,XBRL first reported,False,
alpha_omega,2023Q2,2023-05-04,155.0,160.0,165.0,161.5,0.95,False,False,False,,"Revenue to be approximately $160 million, plus or minus $5 million",https://www.sec.gov/Archives/edgar/data/1387467/000115752323000740/a53393401ex99_1.htm,XBRL first reported,False,
alpha_omega,2023Q4,2023-11-06,155.0,165.0,175.0,165.3,0.17,False,False,False,,"Revenue to be approximately $165 million, plus or minus $10 million",https://www.sec.gov/Archives/edgar/data/1387467/000115752323001653/a53748536ex99_1.htm,XBRL first reported,False,
alpha_omega,2024Q1,2024-02-06,140.0,150.0,160.0,150.1,0.04,False,False,False,,"Revenue to be approximately $150 million, plus or minus $10 million",https://www.sec.gov/Archives/edgar/data/1387467/000115752324000174/a53892362ex99_1.htm,XBRL first reported,False,
alpha_omega,2024Q2,2024-05-07,150.0,160.0,170.0,161.3,0.81,False,False,False,,"Revenue to be approximately $160 million, plus or minus $10 million",https://www.sec.gov/Archives/edgar/data/1387467/000138746724000055/exhibit991earningreleasema.htm,XBRL first reported,False,
alpha_omega,2024Q4,2024-11-04,160.0,170.0,180.0,173.2,1.86,False,False,False,,"Revenue to be approximately $170 million, plus or minus $10 million",https://www.sec.gov/Archives/edgar/data/1387467/000138746724000091/exhibit991earningreleasese.htm,XBRL first reported,False,
alpha_omega,2025Q1,2025-02-05,148.0,158.0,168.0,164.6,4.2,False,False,False,,"Revenue to be approximately $158 million, plus or minus $10 million",https://www.sec.gov/Archives/edgar/data/1387467/000138746725000015/exhibit991earningreleasede.htm,XBRL first reported,False,
alpha_omega,2025Q2,2025-05-07,160.0,170.0,180.0,176.5,3.81,False,False,False,,"Revenue to be approximately $170 million, plus or minus $10 million",https://www.sec.gov/Archives/edgar/data/1387467/000138746725000042/exhibit991earningreleasema.htm,XBRL first reported,False,
alpha_omega,2025Q4,2025-11-05,150.0,160.0,170.0,162.3,1.41,False,False,False,,"Revenue to be approximately $160 million, plus or minus $10.0 million",https://www.sec.gov/Archives/edgar/data/1387467/000138746725000064/exhibit992earningreleasese.htm,XBRL first reported,False,
alpha_omega,2026Q1,2026-02-05,150.0,160.0,170.0,163.8,2.37,False,False,False,,"Revenue to be approximately $160 million, plus or minus $10 million",https://www.sec.gov/Archives/edgar/data/1387467/000138746726000012/exhibit991earningreleasede.htm,XBRL first reported,False,
alpha_omega,2026Q2,2026-05-06,158.0,168.0,178.0,170.4,1.41,False,False,False,,"Revenue to be approximately $168 million, plus or minus $10.0 million",https://www.sec.gov/Archives/edgar/data/1387467/000162828026031274/exhibit992earningreleasema.htm,XBRL first reported,False,
lattice,2011Q2,2011-04-21,82.615,84.680375,86.74575,83.9,-0.97,False,False,False,,Revenue is expected to be flat to up 5% on a sequential basis,https://www.sec.gov/Archives/edgar/data/855658/000085565811000045/a2011q1exh991earningsrelea.htm,XBRL first reported,False,
lattice,2011Q3,2011-07-21,83.861,85.957525,88.05405,81.7,-4.93,False,True,False,,Revenue is expected to be flat to up 5% on a sequential basis,https://www.sec.gov/Archives/edgar/data/855658/000085565811000068/a2011q2exh991earningsrelea.htm,XBRL first reported,False,
lattice,2011Q4,2011-10-20,74.3652,76.4082,78.4512,70.2,-8.16,False,True,False,,Revenue is expected to decline 4% to 9% on a sequential basis,https://www.sec.gov/Archives/edgar/data/855658/000085565811000103/a2011q3exh991earningsrelea.htm,XBRL first reported,False,
lattice,2012Q1,2012-01-26,70.8717,72.27510000000001,73.6785,71.7,-0.8,False,False,False,,Revenue is expected to increase approximately 1% to 5% on a sequential basis,https://www.sec.gov/Archives/edgar/data/855658/000085565812000004/a2011q4exh991earningsrelea.htm,XBRL first reported,False,
lattice,2012Q2,2012-04-19,71.7,73.13400000000001,74.56800000000001,70.8,-3.2,False,True,False,,Revenue is expected to increase approximately flat to up 4% on a sequential basis,https://www.sec.gov/Archives/edgar/data/855658/000085565812000052/a2012q1exh991earningsrelea.htm,XBRL first reported,False,
lattice,2012Q3,2012-07-19,69.37616,70.792,72.20784,70.9,0.14,False,False,False,,Revenue is expected to be approximately flat plus or minus 2% on a sequential basis,https://www.sec.gov/Archives/edgar/data/855658/000085565812000114/a2012q2exh991earningsrelea.htm,XBRL first reported,False,
lattice,2012Q4,2012-10-18,69.47121999999999,70.889,72.30678,65.9,-7.07,False,True,False,,Revenue is expected to be approximately flat plus or minus 2% on a sequential basis,https://www.sec.gov/Archives/edgar/data/855658/000085565812000136/a2012q3exh991earningsrelea.htm,XBRL first reported,False,
lattice,2013Q1,2013-01-24,63.239999999999995,63.89875,64.5575,71.2,11.36,True,False,False,,Revenue is expected to decline approximately 2% to 4% on a sequential basis,https://www.sec.gov/Archives/edgar/data/855658/000085565813000005/a2012q4exh991earningsrelea.htm,XBRL first reported,False,
lattice,2013Q2,2013-04-18,81.8317,83.61064999999999,85.3896,84.7,1.3,False,False,False,,Revenue is expected to increase approximately 15% to 20% on a sequential basis,https://www.sec.gov/Archives/edgar/data/855658/000085565813000046/a2013q1exh991earningsrelea.htm,XBRL first reported,False,
lattice,2013Q3,2013-07-25,83.00012,84.694,86.38788000000001,87.2,2.9,True,False,False,,Revenue is expected to be flat plus or minus 2% on a sequential basis,https://www.sec.gov/Archives/edgar/data/855658/000085565813000097/a2013q2exh991earningsrelea.htm,XBRL first reported,False,
lattice,2013Q4,2013-10-24,79.31014,81.05322,82.79629999999999,89.5,10.44,True,False,False,,revenue is expected to be minus 5% to 9% on a sequential basis,https://www.sec.gov/Archives/edgar/data/855658/000085565813000123/a2013q3exh991earningsrelea.htm,XBRL first reported,False,
lattice,2014Q1,2014-02-06,87.72862,89.519,91.30938,96.6,7.95,True,False,False,,revenue is expected to be flat to plus or minus 2% on a sequential basis,https://www.sec.gov/Archives/edgar/data/855658/000085565814000019/a2013q4exh991earningsrelea.htm,XBRL first reported,False,
lattice,2014Q2,2014-04-24,96.637,98.56974,100.50248,99.3,0.76,False,False,False,,Revenue is expected to be flat to plus 4% on a sequential basis,https://www.sec.gov/Archives/edgar/data/855658/000085565814000060/a2014q1ex-991earningsrelea.htm,XBRL first reported,False,
lattice,2014Q3,2014-07-24,87.40159999999999,89.38799999999999,91.3744,86.6,-3.15,False,True,False,,Revenue is expected to be 8% to 12% lower on a sequential basis,https://www.sec.gov/Archives/edgar/data/855658/000085565814000137/a2014q2ex-991earningsrelea.htm,XBRL first reported,False,
lattice,2014Q4,2014-10-23,83.10719999999999,84.83859999999999,86.57,83.6,-1.46,False,False,False,,Revenue is expected to be approximately flat to down 4%,https://www.sec.gov/Archives/edgar/data/855658/000085565814000169/a2014q3ex-991earningsrelea.htm,XBRL first reported,False,
lattice,2015Q1,2015-01-27,80.25599999999999,81.928,83.6,88.6,8.14,True,False,False,,Revenue is expected to be approximately flat to down 4%,https://www.sec.gov/Archives/edgar/data/855658/000119312515020965/d860368dex991.htm,XBRL first reported,True,"Feb-2015 outlook 'Excluding the effects of our recently announced intent to acquire Silicon Image'; Silicon Image closed 11 Mar 2015, inside the quarter"
lattice,2015Q4,2015-10-29,106.42355,109.715,113.00645,101.2,-7.77,False,True,False,,Revenue for the fourth quarter of 2015 is expected to be approximately flat to plus or minus 3%,https://www.sec.gov/Archives/edgar/data/855658/000085565815000142/a2015q3ex-991earningsrelea.htm,XBRL first reported,False,
lattice,2016Q1,2016-02-17,95.0,98.0,101.0,96.5,-1.52,False,False,False,,Revenue for the first quarter of 2016 is expected to be between approximately $95 million and $101 million,https://www.sec.gov/Archives/edgar/data/855658/000085565816000178/a2015q4ex-991earningsrelea.htm,XBRL first reported,False,
lattice,2016Q2,2016-05-09,97.0,100.0,103.0,99.2,-0.79,False,False,False,,Revenue for the second quarter of 2016 is expected to be between approximately $97 million and $103 million,https://www.sec.gov/Archives/edgar/data/855658/000085565816000211/a2016q1ex-991earningsrelea.htm,XBRL first reported,False,
lattice,2016Q3,2016-08-09,110.0,113.0,116.0,113.2,0.2,False,False,False,,Revenue for the third quarter of 2016 is expected to be between approximately $110 million and $116 million,https://www.sec.gov/Archives/edgar/data/855658/000085565816000276/lscc2016q2ex-991er.htm,XBRL first reported,False,
lattice,2017Q4,2017-11-07,92.0,94.5,97.0,95.3,0.81,False,False,False,,Revenue for the fourth quarter of 2017 is expected to be between approximately $92 million and $97 million,https://www.sec.gov/Archives/edgar/data/855658/000085565817000122/lscc2017q3ex-991earningsre.htm,XBRL first reported,False,
lattice,2018Q1,2018-02-13,95.0,97.5,100.0,98.6,1.15,False,False,False,,Revenue for the first quarter of 2018 is expected to be between approximately $95 million and $100 million,https://www.sec.gov/Archives/edgar/data/855658/000085565818000012/lscc2017q4ex-991earningsre.htm,XBRL first reported,False,
lattice,2018Q2,2018-04-26,98.0,100.0,102.0,102.7,2.72,True,False,False,,Revenue for the second quarter of 2018 is expected to be between approximately $98 million and $102 million,https://www.sec.gov/Archives/edgar/data/855658/000085565818000047/lscc2018q1ex-991earningsre.htm,XBRL first reported,False,
lattice,2018Q3,2018-07-26,100.0,101.5,103.0,101.5,-0.02,False,False,False,,Revenue for the third quarter of 2018 is expected to be between approximately $100 million and $103 million,https://www.sec.gov/Archives/edgar/data/855658/000085565818000111/lscc2018q2ex-991earningsre.htm,XBRL first reported,False,
lattice,2018Q4,2018-10-25,93.0,95.0,97.0,96.0,1.03,False,False,False,,Revenue for the fourth quarter of 2018 is expected to be between approximately $93 million and $97 million,https://www.sec.gov/Archives/edgar/data/855658/000085565818000155/lscc2018q3ex-991earningsre.htm,XBRL first reported,False,
lattice,2019Q1,2019-02-12,94.0,96.0,98.0,98.1,2.18,True,False,False,,Revenue for the first quarter of 2019 is expected to be between approximately $94 million and $98 million,https://www.sec.gov/Archives/edgar/data/855658/000085565819000014/lscc2018q4ex-991earningsre.htm,XBRL first reported,False,
lattice,2019Q2,2019-04-30,98.0,100.0,102.0,102.3,2.3,True,False,False,,Revenue for the second quarter of 2019 is expected to be between approximately $98 million and $102 million,https://www.sec.gov/Archives/edgar/data/855658/000085565819000029/lscc2019q1ex-991earningsre.htm,XBRL first reported,False,
lattice,2019Q3,2019-07-30,101.0,103.0,105.0,103.5,0.46,False,False,False,,Revenue for the third quarter of 2019 is expected to be between $101 million and $105 million,https://www.sec.gov/Archives/edgar/data/855658/000085565819000061/lscc2019q2ex-991earningsre.htm,XBRL first reported,False,
lattice,2019Q4,2019-10-29,97.0,100.0,103.0,100.2,0.24,False,False,False,,Revenue for the fourth quarter of 2019 is expected to be between $97 million and $103 million,https://www.sec.gov/Archives/edgar/data/855658/000085565819000110/lscc2019q3ex-991earningsre.htm,XBRL first reported,False,
lattice,2020Q1,2020-02-11,96.0,100.0,104.0,97.3,-2.68,False,False,False,,Revenue for the first quarter of 2020 is expected to be between $96 million and $104 million,https://www.sec.gov/Archives/edgar/data/855658/000085565820000015/lscc2019q4ex-991earningsre.htm,XBRL first reported,False,
lattice,2020Q2,2020-04-28,95.0,100.0,105.0,100.6,0.59,False,False,False,,Revenue for the second quarter of 2020 is expected to be between $95 million and $105 million,https://www.sec.gov/Archives/edgar/data/855658/000143774920008692/ex_175973.htm,XBRL first reported,False,
lattice,2020Q3,2020-07-28,96.0,101.0,106.0,103.0,2.02,False,False,False,,Revenue for the third quarter of 2020 is expected to be between $96 million and $106 million,https://www.sec.gov/Archives/edgar/data/855658/000143774920015863/ex_187511.htm,XBRL first reported,False,
lattice,2020Q4,2020-10-27,99.0,103.0,107.0,107.2,4.05,True,False,False,,Revenue for the fourth quarter of 2020 is expected to be between $99 million and $107 million,https://www.sec.gov/Archives/edgar/data/855658/000143774920021703/ex_201648.htm,XBRL first reported,False,
lattice,2021Q1,2021-02-16,106.0,110.0,114.0,115.7,5.2,True,False,False,,Revenue for the first quarter of 2021 is expected to be between $106 million and $114 million,https://www.sec.gov/Archives/edgar/data/855658/000143774921002978/ex_220166.htm,XBRL first reported,False,
lattice,2021Q2,2021-05-04,116.0,120.0,124.0,125.9,4.92,True,False,False,,Revenue for the second quarter of 2021 is expected to be between $116 million and $124 million,https://www.sec.gov/Archives/edgar/data/855658/000143774921010745/ex_231817.htm,XBRL first reported,False,
lattice,2021Q3,2021-08-03,124.0,128.0,132.0,131.9,3.06,False,False,False,,Revenue for the third quarter of 2021 is expected to be between $124 million and $132 million,https://www.sec.gov/Archives/edgar/data/855658/000143774921018321/ex_251638.htm,XBRL first reported,False,
lattice,2021Q4,2021-11-02,129.0,134.0,139.0,141.8,5.82,True,False,False,,Revenue for the fourth quarter of 2021 is expected to be between $129 million and $139 million,https://www.sec.gov/Archives/edgar/data/855658/000143774921024935/ex_282359.htm,XBRL first reported,False,
lattice,2022Q1,2022-02-15,141.0,146.0,151.0,150.5,3.09,False,False,False,,Revenue for the first quarter of 2022 is expected to be between $141 million and $151 million,https://www.sec.gov/Archives/edgar/data/855658/000143774922003409/ex_309843.htm,XBRL first reported,False,
lattice,2022Q2,2022-05-03,153.0,158.0,163.0,161.4,2.13,False,False,False,,Revenue for the second quarter of 2022 is expected to be between $153 million and $163 million,https://www.sec.gov/Archives/edgar/data/855658/000143774922010665/ex_348820.htm,XBRL first reported,False,
lattice,2022Q3,2022-08-01,161.0,166.0,171.0,172.5,3.92,True,False,False,,Revenue for the third quarter of 2022 is expected to be between $161 million and $171 million,https://www.sec.gov/Archives/edgar/data/855658/000143774922018261/ex_381840.htm,XBRL first reported,False,
lattice,2022Q4,2022-10-31,170.0,175.0,180.0,176.0,0.55,False,False,False,,Revenue for the fourth quarter of 2022 is expected to be between $170 million and $180 million,https://www.sec.gov/Archives/edgar/data/855658/000143774922025164/ex_418174.htm,XBRL first reported,False,
lattice,2023Q1,2023-02-13,175.0,180.0,185.0,184.3,2.39,False,False,False,,Revenue for the first quarter of 2023 is expected to be between $175 million and $185 million,https://www.sec.gov/Archives/edgar/data/855658/000143774923003146/ex_454502.htm,XBRL first reported,False,
lattice,2023Q2,2023-05-01,183.0,188.0,193.0,190.1,1.11,False,False,False,,Revenue for the second quarter of 2023 is expected to be between $183 million and $193 million,https://www.sec.gov/Archives/edgar/data/855658/000143774923011879/ex_477998.htm,XBRL first reported,False,
lattice,2023Q3,2023-07-31,187.0,192.0,197.0,192.2,0.09,False,False,False,,Revenue for the third quarter of 2023 is expected to be between $187 million and $197 million,https://www.sec.gov/Archives/edgar/data/855658/000143774923021167/ex_512748.htm,XBRL first reported,False,
lattice,2023Q4,2023-10-30,166.0,176.0,186.0,170.6,-3.07,False,False,False,,Revenue for the fourth quarter of 2023 is expected to be between $166 million and $186 million,https://www.sec.gov/Archives/edgar/data/855658/000143774923029395/ex_565340.htm,XBRL first reported,False,
lattice,2024Q1,2024-02-12,130.0,140.0,150.0,140.8,0.58,False,False,False,,Revenue for the first quarter of 2024 is expected to be between $130 million and $150 million,https://www.sec.gov/Archives/edgar/data/855658/000143774924003754/ex_603819.htm,XBRL first reported,False,
lattice,2024Q2,2024-04-29,120.0,130.0,140.0,124.1,-4.56,False,False,False,,Revenue for the second quarter of 2024 is expected to be between $120 million and $140 million,https://www.sec.gov/Archives/edgar/data/855658/000143774924013682/ex_632933.htm,XBRL first reported,False,
lattice,2024Q3,2024-07-29,117.0,127.0,137.0,127.1,0.07,False,False,False,,Revenue for the third quarter of 2024 is expected to be between $117 million and $137 million,https://www.sec.gov/Archives/edgar/data/855658/000143774924023731/ex_669979.htm,XBRL first reported,False,
lattice,2024Q4,2024-11-04,112.0,117.0,122.0,117.4,0.36,False,False,False,,Revenue for the fourth quarter of 2024 is expected to be between $112 million and $122 million,https://www.sec.gov/Archives/edgar/data/855658/000143774924033132/ex_705799.htm,XBRL first reported,False,
lattice,2025Q2,2025-05-05,118.5,123.5,128.5,124.0,0.38,False,False,False,,Revenue for the second quarter of 2025 is expected to be between $118.5 million and $128.5 million,https://www.sec.gov/Archives/edgar/data/855658/000143774925014533/ex_792673.htm,XBRL first reported,False,
lattice,2025Q3,2025-08-04,128.0,133.0,138.0,133.3,0.26,False,False,False,,Revenue for the third quarter of 2025 is expected to be between $128 million and $138 million,https://www.sec.gov/Archives/edgar/data/855658/000143774925024604/ex_832560.htm,XBRL first reported,False,
lattice,2025Q4,2025-11-03,138.0,143.0,148.0,145.8,1.95,False,False,False,,Revenue for the fourth quarter of 2025 is expected to be between $138 million and $148 million,https://www.sec.gov/Archives/edgar/data/855658/000143774925032775/ex_857387.htm,XBRL first reported,False,
lattice,2026Q1,2026-02-10,158.0,165.0,172.0,170.9,3.57,False,False,False,,Revenue for the first quarter of 2026 is expected to be between $158 million and $172 million,https://www.sec.gov/Archives/edgar/data/855658/000143774926003634/ex_882667.htm,XBRL first reported,False,
lattice,2026Q2,2026-05-04,175.0,185.0,195.0,201.1,8.69,True,False,False,,Revenue for the second quarter of 2026 is expected to be between $175 million and $195 million,https://www.sec.gov/Archives/edgar/data/855658/000143774926014654/ex_943286.htm,XBRL first reported,False,
maxlinear,2013Q1,2013-02-05,26.0,26.5,27.0,26.5,0.13,False,False,False,,expect revenue in the first quarter of 2013 to increase approximately 5% to 10% sequentially to $26 to $27 million,https://www.sec.gov/Archives/edgar/data/1288469/000119312513038801/d479726dex991.htm,XBRL first reported,False,
maxlinear,2013Q2,2013-04-30,28.0,28.5,29.0,29.8,4.47,True,False,False,,expect revenue in the second quarter of 2013 to increase approximately 6% to 10% sequentially to $28 to $29 million,https://www.sec.gov/Archives/edgar/data/1288469/000119312513187401/d527587dex991.htm,XBRL first reported,False,
maxlinear,2013Q3,2013-08-01,31.0,31.5,32.0,31.8,0.84,False,False,False,,expect revenue in the third quarter of 2013 to increase approximately 4 percent to 7 percent sequentially to $31 million to $32 million,https://www.sec.gov/Archives/edgar/data/1288469/000119312513315079/d577751dex991.htm,XBRL first reported,False,
maxlinear,2013Q4,2013-10-30,31.0,31.5,32.0,31.6,0.23,False,False,False,,expect revenue in the fourth quarter of 2013 to be between $31 million to $32 million,https://www.sec.gov/Archives/edgar/data/1288469/000119312513418632/d621150dex991.htm,XBRL first reported,False,
maxlinear,2014Q1,2014-02-06,31.0,31.75,32.5,32.5,2.37,True,False,False,,expect revenue in the first quarter of 2014 to be between $31.0 million and $32.5 million,https://www.sec.gov/Archives/edgar/data/1288469/000119312514038821/d672201dex991.htm,XBRL first reported,False,
maxlinear,2014Q2,2014-04-30,34.5,35.25,36.0,35.6,0.97,False,False,False,,expect revenue in the second quarter of 2014 to be between $34.5 million and $36 million,https://www.sec.gov/Archives/edgar/data/1288469/000128846914000010/mxl2014331-exhibit991.htm,XBRL first reported,False,
maxlinear,2014Q3,2014-07-31,36.5,37.25,38.0,32.5,-12.64,False,True,False,,expect revenue in the third quarter of 2014 to be between $36.5 million and $38 million,https://www.sec.gov/Archives/edgar/data/1288469/000128846914000021/mxl2014630-exhibit991.htm,XBRL first reported,False,
maxlinear,2014Q4,2014-10-30,32.0,32.5,33.0,32.5,-0.07,False,False,False,,expect revenue in the fourth quarter of 2014 to be between $32 million and $33 million,https://www.sec.gov/Archives/edgar/data/1288469/000128846914000030/mxl2014930-exhibit991.htm,XBRL first reported,False,
maxlinear,2015Q1,2015-02-09,34.0,34.5,35.0,35.4,2.6,True,False,False,,expect revenue in the first quarter of 2015 to be between $34 million and $35 million,https://www.sec.gov/Archives/edgar/data/1288469/000119312515039174/d867882dex991.htm,XBRL first reported,False,
maxlinear,2015Q2,2015-04-30,37.0,37.5,38.0,70.8,88.86,True,False,True,,expect revenue in the second quarter of 2015 to be between $37 million and $38 million,https://www.sec.gov/Archives/edgar/data/1288469/000128846915000014/mxl2015331-exhibit991.htm,XBRL first reported,True,Entropic acquisition: the 30 Apr 2015 release still calls it 'our proposed acquisition'; Q2 is 'our first quarterly results reflecting contribution from the acquisition of Entropic' (+89% 'beat')
maxlinear,2015Q3,2015-08-10,90.0,92.0,94.0,95.2,3.47,True,False,False,,expect revenue in the third quarter of 2015 to be between $90 million and $94 million,https://www.sec.gov/Archives/edgar/data/1288469/000128846915000033/mxl2015630-exhibit991.htm,XBRL first reported,False,
maxlinear,2015Q4,2015-11-03,95.0,97.5,100.0,98.9,1.49,False,False,False,,expect revenue in the fourth quarter of 2015 to be between $95 million and $100 million,https://www.sec.gov/Archives/edgar/data/1288469/000128846915000037/mxl2015930-exhibit991.htm,XBRL first reported,False,
maxlinear,2016Q1,2016-01-06,99.0,101.5,104.0,102.7,1.17,False,False,False,,"expects revenue in the first quarter of 2016 to be flat to up 5%, or $99 million to $104 million",https://www.sec.gov/Archives/edgar/data/1288469/000128846916000047/exhibit991.htm,XBRL first reported,False,
maxlinear,2017Q1,2017-02-08,86.0,88.0,90.0,88.8,0.96,False,False,False,,expects revenue in the first quarter 2017 to be between $86 million and $90 million,https://www.sec.gov/Archives/edgar/data/1288469/000128846917000002/a20161231exhibit991.htm,XBRL first reported,False,
maxlinear,2017Q2,2017-05-09,90.0,92.0,94.0,104.2,13.23,True,False,False,,expects revenue in the second quarter 2017 to be between $90 million and $94 million,https://www.sec.gov/Archives/edgar/data/1288469/000128846917000018/a2017331exhibit991.htm,XBRL first reported,False,
maxlinear,2017Q3,2017-08-08,114.0,116.0,118.0,113.6,-2.09,False,True,False,,expects revenue in the third quarter to be in the range of $114 million to $118 million,https://www.sec.gov/Archives/edgar/data/1288469/000128846917000035/a2017630exhibit991.htm,XBRL first reported,False,
maxlinear,2017Q4,2017-11-07,112.0,114.0,116.0,113.7,-0.24,False,False,False,,expects revenue in the fourth quarter to be in the range of $112 million to $116 million,https://www.sec.gov/Archives/edgar/data/1288469/000128846917000042/a2017930exhibit991.htm,XBRL first reported,False,
maxlinear,2018Q2,2018-05-08,100.0,105.0,110.0,101.5,-3.3,False,False,False,,expects revenue in the second quarter to be in the range of $100 million to $110 million,https://www.sec.gov/Archives/edgar/data/1288469/000128846918000017/a2018331exhibit991.htm,XBRL first reported,False,
maxlinear,2018Q3,2018-08-07,83.0,85.0,87.0,85.0,0.01,False,False,False,,expects revenue in the third quarter to be in the range of $83 million to $87 million,https://www.sec.gov/Archives/edgar/data/1288469/000128846918000035/a2018630exhibit991.htm,XBRL first reported,False,
maxlinear,2018Q4,2018-10-30,85.0,87.0,89.0,87.6,0.72,False,False,False,,expects revenue in the fourth quarter to be in the range of $85 million to $89 million,https://www.sec.gov/Archives/edgar/data/1288469/000128846918000042/a2018930exhibit991.htm,XBRL first reported,False,
maxlinear,2019Q1,2019-02-05,82.0,84.5,87.0,84.6,0.16,False,False,False,,expects revenue in the first quarter 2019 to be approximately $82 million to $87 million,https://www.sec.gov/Archives/edgar/data/1288469/000128846919000005/a20181231exhibit991.htm,XBRL first reported,False,
maxlinear,2019Q2,2019-05-01,83.0,85.5,88.0,82.5,-3.5,False,True,False,,expects revenue in the second quarter 2019 to be approximately $83 million to $88 million,https://www.sec.gov/Archives/edgar/data/1288469/000128846919000056/a2019331exhibit991.htm,XBRL first reported,False,
maxlinear,2019Q3,2019-07-25,77.0,80.0,83.0,80.0,0.02,False,False,False,,expects revenue in the third quarter 2019 to be approximately $77 million to $83 million,https://www.sec.gov/Archives/edgar/data/1288469/000128846919000114/a2019630exhibit991.htm,XBRL first reported,False,
maxlinear,2019Q4,2019-10-24,67.0,70.0,73.0,70.0,0.03,False,False,False,,expects revenue in the fourth quarter 2019 to be approximately $67 million to $73 million,https://www.sec.gov/Archives/edgar/data/1288469/000128846919000171/a2019930exhibit991.htm,XBRL first reported,False,
maxlinear,2020Q1,2020-02-05,65.0,67.5,70.0,62.0,-8.11,False,True,False,,expects revenue in the first quarter 2020 to be approximately $65 million to $70 million,https://www.sec.gov/Archives/edgar/data/1288469/000128846920000012/a20191231exhibit991.htm,XBRL first reported,False,
maxlinear,2020Q2,2020-04-29,60.0,62.0,64.0,65.2,5.19,True,False,False,,expects revenue in the second quarter 2020 to be approximately $60 million to $64 million,https://www.sec.gov/Archives/edgar/data/1288469/000128846920000083/a2020331exhibit991.htm,XBRL first reported,False,
maxlinear,2020Q3,2020-07-23,72.0,74.0,76.0,156.6,111.67,True,False,True,,expects revenue in the third quarter 2020 to be approximately $72 million to $76 million,https://www.sec.gov/Archives/edgar/data/1288469/000128846920000153/a2020630exhibit991.htm,XBRL first reported,True,"Intel Home Gateway Platform Division acquisition 'on track to close during the current quarter ending September 30, 2020' - guide given before it closed (+112% 'beat')"
maxlinear,2020Q4,2020-11-05,185.0,190.0,195.0,194.7,2.48,False,False,False,,expects revenue in the fourth quarter 2020 to be approximately $185 million to $195 million,https://www.sec.gov/Archives/edgar/data/1288469/000128846920000223/a2020930exhibit991.htm,XBRL first reported,False,
maxlinear,2021Q1,2021-02-03,200.0,205.0,210.0,209.4,2.13,False,False,False,,expects revenue in the first quarter 2021 to be approximately $200 million to $210 million,https://www.sec.gov/Archives/edgar/data/1288469/000128846921000007/a20201231exhibit991.htm,XBRL first reported,False,
maxlinear,2021Q2,2021-04-28,200.0,205.0,210.0,205.4,0.18,False,False,False,,expects revenue in the second quarter 2021 to be approximately $200 million to $210 million,https://www.sec.gov/Archives/edgar/data/1288469/000128846921000098/a2021331exhibit991.htm,XBRL first reported,False,
maxlinear,2021Q3,2021-07-28,215.0,220.0,225.0,229.8,4.44,True,False,False,,expects revenue in the third quarter 2021 to be approximately $215 million to $225 million,https://www.sec.gov/Archives/edgar/data/1288469/000128846921000191/a2021630exhibit991.htm,XBRL first reported,False,
maxlinear,2021Q4,2021-10-27,240.0,245.0,250.0,247.9,1.18,False,False,False,,expects revenue in the fourth quarter 2021 to be approximately $240 million to $250 million,https://www.sec.gov/Archives/edgar/data/1288469/000128846921000249/a2021930exhibit991.htm,XBRL first reported,False,
maxlinear,2022Q1,2022-02-02,255.0,260.0,265.0,263.9,1.51,False,False,False,,expects revenue in the first quarter 2022 to be approximately $255 million to $265 million,https://www.sec.gov/Archives/edgar/data/1288469/000128846922000027/a20211231exhibit991.htm,XBRL first reported,False,
maxlinear,2022Q2,2022-04-27,275.0,280.0,285.0,280.0,0.0,False,False,False,,expects revenue in the second quarter 2022 to be approximately $275 million to $285 million,https://www.sec.gov/Archives/edgar/data/1288469/000128846922000086/a2022331exhibit991.htm,XBRL first reported,False,
maxlinear,2022Q3,2022-07-27,280.0,285.0,290.0,285.7,0.26,False,False,False,,expects revenue in the third quarter 2022 to be approximately $280 million to $290 million,https://www.sec.gov/Archives/edgar/data/1288469/000128846922000152/a2022630exhibit991.htm,XBRL first reported,False,
maxlinear,2022Q4,2022-10-25,285.0,290.0,295.0,290.6,0.2,False,False,False,,expects revenue in the fourth quarter 2022 to be approximately $285 million to $295 million,https://www.sec.gov/Archives/edgar/data/1288469/000128846922000173/a9302022exhibit991.htm,XBRL first reported,False,
maxlinear,2023Q1,2023-02-01,240.0,250.0,260.0,248.4,-0.62,False,False,False,,expects revenue in the first quarter 2023 to be approximately $240 million to $260 million,https://www.sec.gov/Archives/edgar/data/1288469/000128846923000007/a12312022exhibit991.htm,XBRL first reported,False,
maxlinear,2023Q2,2023-04-26,175.0,190.0,205.0,183.9,-3.19,False,False,False,,expects net revenue in the second quarter of 2023 to be approximately $175 million to $205 million,https://www.sec.gov/Archives/edgar/data/1288469/000128846923000092/a3312023exhibit991.htm,XBRL first reported,False,
maxlinear,2023Q3,2023-07-26,125.0,140.0,155.0,135.5,-3.19,False,False,False,,expects net revenue in the third quarter of 2023 to be approximately $125 million to $155 million,https://www.sec.gov/Archives/edgar/data/1288469/000128846923000149/a6302023exhibit991.htm,XBRL first reported,False,
maxlinear,2023Q4,2023-10-25,115.0,125.0,135.0,125.4,0.28,False,False,False,,expects net revenue in the fourth quarter of 2023 to be approximately $115 million to $135 million,https://www.sec.gov/Archives/edgar/data/1288469/000128846923000164/a9302023exhibit991.htm,XBRL first reported,False,
maxlinear,2024Q1,2024-01-31,85.0,95.0,105.0,95.3,0.28,False,False,False,,expects net revenue in the first quarter of 2024 to be approximately $85 million to $105 million,https://www.sec.gov/Archives/edgar/data/1288469/000128846924000014/a12312023exhibit991.htm,XBRL first reported,False,
maxlinear,2024Q2,2024-04-24,90.0,100.0,110.0,92.0,-8.01,False,False,False,,expects net revenue in the second quarter of 2024 to be approximately $90 million to $110 million,https://www.sec.gov/Archives/edgar/data/1288469/000128846924000063/a3312024exhibit991.htm,XBRL first reported,False,
maxlinear,2024Q3,2024-07-24,70.0,80.0,90.0,81.1,1.38,False,False,False,,expects net revenue in the third quarter of 2024 to be approximately $70 million to $90 million,https://www.sec.gov/Archives/edgar/data/1288469/000128846924000111/a6302024exhibit991.htm,XBRL first reported,False,
maxlinear,2024Q4,2024-10-23,80.0,90.0,100.0,92.2,2.41,False,False,False,,expects net revenue in the fourth quarter of 2024 to be approximately $80 million to $100 million,https://www.sec.gov/Archives/edgar/data/1288469/000128846924000127/a9302024exhibit991.htm,XBRL first reported,False,
maxlinear,2025Q1,2025-01-29,85.0,95.0,105.0,95.9,0.98,False,False,False,,expects net revenue in the first quarter of 2025 to be approximately $85 million to $105 million,https://www.sec.gov/Archives/edgar/data/1288469/000128846925000007/a12312024exhibit991.htm,XBRL first reported,False,
maxlinear,2025Q2,2025-04-23,95.0,105.0,115.0,108.8,3.63,False,False,False,,expects net revenue in the second quarter of 2025 to be approximately $95 million to $115 million,https://www.sec.gov/Archives/edgar/data/1288469/000128846925000028/a3312025exhibit991.htm,XBRL first reported,False,
maxlinear,2025Q3,2025-07-23,115.0,125.0,135.0,126.5,1.17,False,False,False,,expects net revenue in the third quarter of 2025 to be approximately $115 million to $135 million,https://www.sec.gov/Archives/edgar/data/1288469/000128846925000078/a6302025exhibit991.htm,XBRL first reported,False,
maxlinear,2025Q4,2025-10-23,130.0,135.0,140.0,136.4,1.06,False,False,False,,expects net revenue in the fourth quarter of 2025 to be approximately $130 million to $140 million,https://www.sec.gov/Archives/edgar/data/1288469/000128846925000095/a9302025exhibit991.htm,XBRL first reported,False,
maxlinear,2026Q1,2026-01-29,130.0,135.0,140.0,137.2,1.62,False,False,False,,expects net revenue in the first quarter of 2026 to be approximately $130 million to $140 million,https://www.sec.gov/Archives/edgar/data/1288469/000128846926000009/a12312025exhibit991.htm,XBRL first reported,False,
microchip,2011Q1,2011-01-27,367.8,373.35,378.9,416.3,11.51,True,False,False,,Net Sales $367.8 to $378.9 million,https://www.sec.gov/Archives/edgar/data/827054/000082705411000016/ex99_1.htm,XBRL first reported,False,
microchip,2011Q2,2011-05-05,383.8,393.3,402.8,374.5,-4.78,False,True,False,,Net Sales $383.8 to $402.8 million,https://www.sec.gov/Archives/edgar/data/827054/000082705411000115/ex99_1.htm,XBRL first reported,False,
microchip,2011Q3,2011-08-04,352.0,361.4,370.8,340.6,-5.75,False,True,False,,Net Sales $352.0 to $370.8 million,https://www.sec.gov/Archives/edgar/data/827054/000082705411000206/ex99_1.htm,XBRL first reported,False,
microchip,2011Q4,2011-11-03,316.8,328.70000000000005,340.6,329.2,0.14,False,False,False,,Net Sales $316.8 to $340.6 million,https://www.sec.gov/Archives/edgar/data/827054/000082705411000301/exhibit991-11x3x11.htm,XBRL first reported,False,
microchip,2012Q1,2012-02-02,332.4,339.0,345.6,338.9,-0.03,False,False,False,,Net Sales $332.4 to $345.6 million,https://www.sec.gov/Archives/edgar/data/827054/000082705412000018/ex9912-2x2012.htm,XBRL first reported,False,
microchip,2012Q2,2012-05-02,349.1,355.85,362.6,352.1,-1.04,False,False,False,,Net Sales $349.1 to $362.6 million,https://www.sec.gov/Archives/edgar/data/827054/000082705412000107/ex992earningsrelease.htm,XBRL first reported,False,
microchip,2012Q3,2012-08-02,412.0,421.0,430.0,383.3,-8.96,False,True,False,,Net Sales $412 to $430 million,https://www.sec.gov/Archives/edgar/data/827054/000082705412000223/exhibit991.htm,XBRL first reported,False,
microchip,2012Q4,2012-11-08,396.0,411.0,426.0,416.0,1.23,False,False,False,,Net Sales $396 to $426 million,https://www.sec.gov/Archives/edgar/data/827054/000082705412000339/ex991.htm,XBRL first reported,False,
microchip,2013Q1,2013-02-07,420.2,426.45,432.7,430.1,0.87,False,False,False,,Net Sales $420.2 to $432.7 million,https://www.sec.gov/Archives/edgar/data/827054/000082705413000048/ex991.htm,XBRL first reported,False,
microchip,2013Q2,2013-05-02,438.7,447.35,456.0,462.8,3.45,True,False,False,,Net Sales $438.7 to $456 million,https://www.sec.gov/Archives/edgar/data/827054/000082705413000131/exhibit991_5-2x2013.htm,XBRL first reported,False,
microchip,2013Q3,2013-07-31,472.0,481.3,490.6,492.7,2.36,True,False,False,,Net Sales $472.0 to $490.6 million,https://www.sec.gov/Archives/edgar/data/827054/000082705413000196/exhibit991filed7-31x2013.htm,XBRL first reported,False,
microchip,2013Q4,2013-10-30,463.1,477.9,492.7,482.4,0.94,False,False,False,,Net Sales $463.1 to $492.7 million,https://www.sec.gov/Archives/edgar/data/827054/000082705413000306/exhibit991filed10-30x2013.htm,XBRL first reported,False,
microchip,2014Q1,2014-01-30,482.4,489.6,496.8,493.4,0.77,False,False,False,,Net Sales $482.4 to $496.8 million,https://www.sec.gov/Archives/edgar/data/827054/000082705414000019/exhibit991.htm,XBRL first reported,False,
microchip,2014Q4,2014-10-09,560.0,567.95,575.9,528.7,-6.91,False,True,False,,net sales to be $560.0 million to $575.9 million,https://www.sec.gov/Archives/edgar/data/827054/000082705414000242/ex99110-9x2014.htm,XBRL first reported,False,
microchip,2015Q1,2015-01-29,537.2,542.55,547.9,543.2,0.12,False,False,False,,Net Sales $537.2 to $547.9 million,https://www.sec.gov/Archives/edgar/data/827054/000082705415000015/exhibit9911-29x2015.htm,XBRL first reported,False,
microchip,2015Q2,2015-05-07,547.0,555.5,564.0,534.0,-3.88,False,True,False,,Net Sales $547 to $564 million,https://www.sec.gov/Archives/edgar/data/827054/000082705415000071/exhibit9915-7x2015.htm,XBRL first reported,False,
microchip,2015Q4,2015-11-04,539.7,551.6,563.5,540.3,-2.04,False,False,False,,net sales for Microchip for the December quarter to be between $539.7 million and $563.5 million,https://www.sec.gov/Archives/edgar/data/827054/000082705415000215/exhibit99111-4x2015.htm,XBRL first reported,False,
microchip,2016Q2,2016-04-04,250.0,251.5,253.0,799.4,217.86,True,False,True,,net sales are expected to be between $250 million to $253 million,https://www.sec.gov/Archives/edgar/data/827054/000119312516529460/d174903dex991.htm,XBRL first reported,True,guide was 'net sales without Atmel' (Atmel acquisition closed 4 Apr 2016); actual includes Atmel
microchip,2017Q1,2017-02-07,872.0,890.0,908.0,902.7,1.42,False,False,False,,Net Sales $872 to $908 million,https://www.sec.gov/Archives/edgar/data/827054/000082705417000016/exhibit991feb72017.htm,XBRL first reported,False,
microchip,2017Q2,2017-05-09,920.7,943.3,965.9,972.1,3.06,True,False,False,,Net Sales $920.7 to $965.9 million,https://www.sec.gov/Archives/edgar/data/827054/000082705417000074/exhibit991may92017.htm,XBRL first reported,False,
microchip,2017Q3,2017-08-03,943.3,950.05,956.8,1012.1,6.54,True,False,False,,net sales of $943.3 million to $956.8 million,https://www.sec.gov/Archives/edgar/data/827054/000082705417000128/exhibit991august32017.htm,XBRL first reported,False,
microchip,2017Q4,2017-11-07,971.7,991.9000000000001,1012.1,994.2,0.23,False,False,False,,"Net Sales $971.7 to $1,012.1 million",https://www.sec.gov/Archives/edgar/data/827054/000082705417000200/exhibit991november62017.htm,XBRL first reported,False,
microchip,2018Q1,2018-02-06,964.4,984.25,1004.1,1002.3,1.84,False,False,False,,"Net Sales $964.4 to $1,004.1 million",https://www.sec.gov/Archives/edgar/data/827054/000082705418000017/exhibit991february62018.htm,XBRL first reported,False,
microchip,2018Q2,2018-05-08,1012.0,1037.0,1062.0,1212.5,16.92,True,False,True,,Net Sales $1.012 to $1.062 billion,https://www.sec.gov/Archives/edgar/data/827054/000082705418000084/exhibit991may82018.htm,XBRL first reported,True,"Microsemi acquisition closed 29 May 2018, inside the guided quarter; guide $1.012-1.062bn excluded it"
microchip,2018Q3,2018-08-09,1474.0,1512.0,1550.0,1432.5,-5.26,False,True,False,,Net Sales $1.474 to $1.550 billion,https://www.sec.gov/Archives/edgar/data/827054/000082705418000142/exhibit991q1fy19.htm,XBRL first reported,False,
microchip,2018Q4,2018-11-07,1362.0,1400.0,1438.0,1374.7,-1.81,False,False,False,,Net Sales $1.362 to $1.438 billion,https://www.sec.gov/Archives/edgar/data/827054/000082705418000247/exhibit991q2fy19.htm,XBRL first reported,False,
microchip,2019Q1,2019-02-05,1251.0,1327.0,1403.0,1329.8,0.21,False,False,False,,Net Sales $1.251 to $1.403 billion,https://www.sec.gov/Archives/edgar/data/827054/000082705419000016/exhibit991q3fy19.htm,XBRL first reported,False,
microchip,2019Q2,2019-05-08,1260.0,1330.0,1400.0,1322.6,-0.56,False,False,False,,Net Sales $1.26 to $1.40 billion,https://www.sec.gov/Archives/edgar/data/827054/000082705419000112/exhibit991q4fy19.htm,XBRL first reported,False,
microchip,2019Q3,2019-08-06,1323.0,1349.0,1375.0,1337.8,-0.83,False,False,False,,Net Sales $1.323 to $1.375 billion,https://www.sec.gov/Archives/edgar/data/827054/000082705419000193/exhibit991q1fy20.htm,XBRL first reported,False,
microchip,2019Q4,2019-11-05,1204.0,1257.5,1311.0,1287.4,2.38,False,False,False,,Consolidated Guidance Net Sales $1.204 to $1.311 billion,https://www.sec.gov/Archives/edgar/data/827054/000082705419000286/exhibit991q2fy20.htm,XBRL first reported,False,
microchip,2020Q1,2020-01-07,1244.0,1271.0,1298.0,1326.4,4.36,True,False,False,,net sales to be $1.244 billion to $1.298 billion,https://www.sec.gov/Archives/edgar/data/827054/000082705420000017/ex991.htm,XBRL first reported,False,
microchip,2020Q2,2020-05-07,1194.0,1247.0,1300.0,1309.7,5.03,True,False,False,,Consolidated Guidance Net Sales $1.194 to $1.300 billion,https://www.sec.gov/Archives/edgar/data/827054/000082705420000100/exhibit991q4fy20.htm,XBRL first reported,False,
microchip,2020Q3,2020-08-04,1205.0,1257.5,1310.0,1309.5,4.14,False,False,False,,Consolidated Guidance Net Sales $1.205 to $1.310 billion,https://www.sec.gov/Archives/edgar/data/827054/000082705420000183/exhibit991q1fy21.htm,XBRL first reported,False,
microchip,2020Q4,2020-11-05,1310.0,1342.5,1375.0,1352.1,0.72,False,False,False,,Consolidated Guidance Net Sales $1.310 to $1.375 billion,https://www.sec.gov/Archives/edgar/data/827054/000119312520286863/d71746dex991.htm,XBRL first reported,False,
microchip,2021Q1,2021-02-04,1420.0,1453.5,1487.0,1467.1,0.94,False,False,False,,Consolidated Guidance Net Sales $1.420 to $1.487 billion,https://www.sec.gov/Archives/edgar/data/827054/000082705421000024/exhibit991q3fy21.htm,XBRL first reported,False,
microchip,2021Q2,2021-05-06,1519.0,1548.0,1577.0,1569.4,1.38,False,False,False,,Consolidated Guidance Net Sales $1.519 to $1.577 billion,https://www.sec.gov/Archives/edgar/data/827054/000082705421000097/exhibit991q4fy21.htm,XBRL first reported,False,
microchip,2021Q3,2021-08-03,1616.0,1647.5,1679.0,1649.8,0.14,False,False,False,,Consolidated Guidance Net Sales $1.616 to $1.679 billion,https://www.sec.gov/Archives/edgar/data/827054/000082705421000186/exhibit991q1fy22.htm,XBRL first reported,False,
microchip,2021Q4,2021-11-04,1716.0,1749.0,1782.0,1757.5,0.49,False,False,False,,Consolidated Guidance Net Sales $1.716 to $1.782 billion,https://www.sec.gov/Archives/edgar/data/827054/000082705421000279/exhibit991q2fy22.htm,XBRL first reported,False,
microchip,2022Q1,2022-02-03,1793.0,1819.0,1845.0,1844.2,1.39,False,False,False,,Consolidated Guidance Net Sales $1.793 to $1.845 billion,https://www.sec.gov/Archives/edgar/data/827054/000082705422000024/exhibit991q3fy22.htm,XBRL first reported,False,
microchip,2022Q2,2022-05-09,1918.0,1955.0,1992.0,1963.6,0.44,False,False,False,,Consolidated Guidance Net Sales $1.918 to $1.992 billion,https://www.sec.gov/Archives/edgar/data/827054/000082705422000076/exhibit991q4fy22.htm,XBRL first reported,False,
microchip,2022Q3,2022-08-02,2023.0000000000002,2062.0,2101.0,2073.2,0.54,False,False,False,,Consolidated Guidance Net Sales $2.023 to $2.101 billion,https://www.sec.gov/Archives/edgar/data/827054/000082705422000146/exhibit991q1fy23.htm,XBRL first reported,False,
microchip,2022Q4,2022-11-03,2135.0,2156.0,2177.0,2169.2,0.61,False,False,False,,Consolidated Guidance Net Sales $2.135 to $2.177 billion,https://www.sec.gov/Archives/edgar/data/827054/000082705422000192/exhibit991q2fy23.htm,XBRL first reported,False,
microchip,2023Q1,2023-02-02,2191.0,2223.5,2256.0,2232.7,0.41,False,False,False,,Consolidated Guidance Net Sales $2.191 to $2.256 billion,https://www.sec.gov/Archives/edgar/data/827054/000082705423000019/exhibit991q3fy23.htm,XBRL first reported,False,
microchip,2023Q2,2023-05-04,2255.0,2288.5,2322.0,2288.6,0.0,False,False,False,,Consolidated Guidance Net Sales $2.255 to $2.322 billion,https://www.sec.gov/Archives/edgar/data/827054/000082705423000060/exhibit991q4fy23.htm,XBRL first reported,False,
microchip,2023Q3,2023-08-03,2220.0,2266.0,2312.0,2254.3,-0.52,False,False,False,,Consolidated Guidance Net Sales $2.220 to $2.312 billion,https://www.sec.gov/Archives/edgar/data/827054/000082705423000131/exhibit991q1fy24.htm,XBRL first reported,False,
microchip,2023Q4,2023-11-02,1803.0,1859.5,1916.0,1765.7,-5.04,False,True,False,,Consolidated Guidance Net Sales $1.803 to $1.916 billion,https://www.sec.gov/Archives/edgar/data/827054/000082705423000183/exhibit991q2fy24.htm,XBRL first reported,False,
microchip,2024Q1,2024-02-01,1225.0,1325.0,1425.0,1325.8,0.06,False,False,False,,Consolidated Guidance Net Sales $1.225 to $1.425 billion,https://www.sec.gov/Archives/edgar/data/827054/000082705424000022/exhibit991q3fy24.htm,XBRL first reported,False,
microchip,2024Q2,2024-05-06,1220.0,1240.0,1260.0,1241.3,0.1,False,False,False,,Consolidated Guidance Net Sales $1.22 to $1.26 billion,https://www.sec.gov/Archives/edgar/data/827054/000082705424000078/exhibit991q4fy24.htm,XBRL first reported,False,
microchip,2024Q3,2024-08-01,1120.0,1150.0,1180.0,1163.8,1.2,False,False,False,backward_mid_usdm: unit typo in filing corrected (/1000),Consolidated Guidance Net Sales $1.12 to $1.18 billion,https://www.sec.gov/Archives/edgar/data/827054/000082705424000138/exhibit991q1fy25.htm,XBRL first reported,False,
microchip,2024Q4,2024-11-05,1025.0,1060.0,1095.0,1026.0,-3.21,False,False,False,,Consolidated Guidance Net Sales $1.025 to $1.095 billion,https://www.sec.gov/Archives/edgar/data/827054/000082705424000205/exhibit991q2fy25.htm,XBRL first reported,False,
microchip,2025Q2,2025-05-08,1020.0,1045.0,1070.0,1075.5,2.92,True,False,False,,Consolidated Guidance Net Sales $1.020 to $1.070 billion,https://www.sec.gov/Archives/edgar/data/827054/000082705425000061/exhibit991q4fy25.htm,XBRL first reported,False,
microchip,2025Q3,2025-08-07,1110.0,1130.0,1150.0,1140.4,0.92,False,False,False,,Consolidated Guidance Net Sales $1.110 to $1.150 billion,https://www.sec.gov/Archives/edgar/data/827054/000082705425000132/exhibit991q1fy26.htm,XBRL first reported,False,
microchip,2025Q4,2025-11-06,1109.0,1129.0,1149.0,1186.0,5.05,True,False,False,,Consolidated Guidance Net Sales $1.109 to $1.149 billion,https://www.sec.gov/Archives/edgar/data/827054/000082705425000182/exhibit991q2fy26.htm,XBRL first reported,False,
microchip,2026Q1,2026-02-05,1240.0,1260.0,1280.0,1311.2,4.06,True,False,False,,Consolidated Guidance Net Sales $1.240 to $1.280 billion,https://www.sec.gov/Archives/edgar/data/827054/000082705426000008/exhibit991q3fy26.htm,XBRL first reported,False,
microchip,2026Q2,2026-05-07,1442.0,1455.5,1469.0,1484.7,2.01,True,False,False,,Consolidated Guidance Net Sales $1.442 to $1.469 billion,https://www.sec.gov/Archives/edgar/data/827054/000082705426000012/exhibit991q4fy26.htm,XBRL first reported,False,
monolithic_power,2012Q2,2012-04-30,56.0,58.0,60.0,58.6,1.05,False,False,False,,Revenue in the range of $56 million to $60 million,https://www.sec.gov/Archives/edgar/data/1280452/000143774912004280/ex99-1.htm,XBRL first reported,False,
monolithic_power,2012Q3,2012-07-30,56.0,58.0,60.0,56.5,-2.57,False,False,False,,Revenue in the range of $56 million to $60 million,https://www.sec.gov/Archives/edgar/data/1280452/000143774912007364/ex99-1.htm,XBRL first reported,False,
monolithic_power,2012Q4,2012-11-01,46.0,48.0,50.0,48.2,0.45,False,False,False,,Revenue in the range of $46.0 million to $50.0 million,https://www.sec.gov/Archives/edgar/data/1280452/000143774912010816/ex99-1.htm,XBRL first reported,False,
monolithic_power,2013Q1,2013-02-06,49.0,51.0,53.0,51.5,0.92,False,False,False,,Revenue in the range of $49.0 million to $53.0 million,https://www.sec.gov/Archives/edgar/data/1280452/000143774913001171/mpwr20130204b_8kex99-1.htm,XBRL first reported,False,
monolithic_power,2013Q2,2013-04-29,55.0,57.0,59.0,57.7,1.25,False,False,False,,Revenue in the range of $55 million to $59 million,https://www.sec.gov/Archives/edgar/data/1280452/000143774913004849/mpwr20130429_8kex99-1.htm,XBRL first reported,False,
monolithic_power,2013Q3,2013-08-06,63.0,65.0,67.0,65.3,0.53,False,False,False,,Revenue in the range of $63 million to $67 million,https://www.sec.gov/Archives/edgar/data/1280452/000143774913009991/ex99-1.htm,XBRL first reported,False,
monolithic_power,2013Q4,2013-10-24,61.0,63.0,65.0,63.6,0.89,False,False,False,,Revenue in the range of $61 million to $65 million,https://www.sec.gov/Archives/edgar/data/1280452/000143774913013358/ex99-1.htm,XBRL first reported,False,
monolithic_power,2014Q1,2014-02-06,58.0,60.0,62.0,60.1,0.1,False,False,False,,Revenue in the range of $58 million to $62 million,https://www.sec.gov/Archives/edgar/data/1280452/000143774914001634/ex99-1.htm,XBRL first reported,False,
monolithic_power,2014Q2,2014-04-24,65.0,67.0,69.0,68.4,2.14,False,False,False,,Revenue in the range of $65 million to $69 million,https://www.sec.gov/Archives/edgar/data/1280452/000143774914007110/ex99-1.htm,XBRL first reported,False,
monolithic_power,2014Q3,2014-07-24,76.0,78.0,80.0,78.3,0.43,False,False,False,,Revenue in the range of $76 million to $80 million,https://www.sec.gov/Archives/edgar/data/1280452/000143774914013264/ex99-1.htm,XBRL first reported,False,
monolithic_power,2014Q4,2014-10-27,72.0,74.0,76.0,75.7,2.3,False,False,False,,Revenue in the range of $72 million to $76 million,https://www.sec.gov/Archives/edgar/data/1280452/000143774914018868/ex99-1.htm,XBRL first reported,False,
monolithic_power,2015Q1,2015-02-04,70.0,72.0,74.0,73.5,2.14,False,False,False,,Revenue in the range of $70 million to $74 million,https://www.sec.gov/Archives/edgar/data/1280452/000143774915001752/ex99-1.htm,XBRL first reported,False,
monolithic_power,2015Q2,2015-04-22,79.0,81.0,83.0,81.4,0.51,False,False,False,,Revenue in the range of $79 million to $83 million,https://www.sec.gov/Archives/edgar/data/1280452/000143774915007864/ex99-1.htm,XBRL first reported,False,
monolithic_power,2015Q3,2015-07-27,89.0,91.0,93.0,91.2,0.21,False,False,False,,Revenue in the range of $89 million to $93 million,https://www.sec.gov/Archives/edgar/data/1280452/000143774915014089/ex99-1.htm,XBRL first reported,False,
monolithic_power,2015Q4,2015-10-26,84.0,86.0,88.0,86.9,1.07,False,False,False,,Revenue in the range of $84 million to $88 million,https://www.sec.gov/Archives/edgar/data/1280452/000143774915018866/ex99-1.htm,XBRL first reported,False,
monolithic_power,2016Q1,2016-02-04,81.0,83.0,85.0,84.5,1.82,False,False,False,,Revenue in the range of $81 million to $85 million,https://www.sec.gov/Archives/edgar/data/1280452/000143774916024761/ex99-1.htm,XBRL first reported,False,
monolithic_power,2016Q2,2016-05-02,91.0,93.0,95.0,94.1,1.16,False,False,False,,Revenue in the range of $91 million to $95 million,https://www.sec.gov/Archives/edgar/data/1280452/000143774916030535/ex99-1.htm,XBRL first reported,False,
monolithic_power,2016Q3,2016-07-25,104.0,106.0,108.0,106.5,0.43,False,False,False,,Revenue in the range of $104 million to $108 million,https://www.sec.gov/Archives/edgar/data/1280452/000143774916035629/ex99-1.htm,XBRL first reported,False,
monolithic_power,2016Q4,2016-10-31,101.0,103.0,105.0,103.6,0.6,False,False,False,,Revenue in the range of $101 million to $105 million,https://www.sec.gov/Archives/edgar/data/1280452/000143774916040644/ex99-1.htm,XBRL first reported,False,
monolithic_power,2017Q1,2017-02-09,98.0,100.0,102.0,100.4,0.36,False,False,False,,Revenue in the range of $98 million to $102 million,https://www.sec.gov/Archives/edgar/data/1280452/000143774917002031/ex99-1.htm,XBRL first reported,False,
monolithic_power,2017Q2,2017-04-26,109.0,111.0,113.0,112.2,1.08,False,False,False,,Revenue in the range of $109 million to $113 million,https://www.sec.gov/Archives/edgar/data/1280452/000143774917007211/ex99-1.htm,XBRL first reported,False,
monolithic_power,2018Q1,2018-02-08,122.0,125.0,128.0,129.2,3.32,True,False,False,,Revenue in the range of $122 million to $128 million,https://www.sec.gov/Archives/edgar/data/1280452/000143774918002069/ex_104572.htm,XBRL first reported,False,
monolithic_power,2018Q2,2018-04-30,135.0,138.0,141.0,139.8,1.28,False,False,False,,Revenue in the range of $135 million to $141 million,https://www.sec.gov/Archives/edgar/data/1280452/000143774918008137/ex_111709.htm,XBRL first reported,False,
monolithic_power,2018Q3,2018-07-25,155.5,158.5,161.5,160.0,0.93,False,False,False,,Revenue in the range of $155.5 million to $161.5 million,https://www.sec.gov/Archives/edgar/data/1280452/000143774918013742/ex_118376.htm,XBRL first reported,False,
monolithic_power,2018Q4,2018-10-25,151.0,154.0,157.0,153.5,-0.33,False,False,False,,Revenue in the range of $151 million to $157 million,https://www.sec.gov/Archives/edgar/data/1280452/000143774918018818/ex_126134.htm,XBRL first reported,False,
monolithic_power,2019Q1,2019-02-12,138.0,141.0,144.0,141.4,0.26,False,False,False,,Revenue in the range of $138 million to $144 million,https://www.sec.gov/Archives/edgar/data/1280452/000143774919002341/ex_134498.htm,XBRL first reported,False,
monolithic_power,2019Q2,2019-05-02,147.5,150.5,153.5,151.0,0.34,False,False,False,,Revenue in the range of $147.5 million to $153.5 million,https://www.sec.gov/Archives/edgar/data/1280452/000143774919008592/ex_142451.htm,XBRL first reported,False,
monolithic_power,2019Q3,2019-07-31,162.0,165.0,168.0,168.8,2.31,True,False,False,,Revenue in the range of $162 million to $168 million,https://www.sec.gov/Archives/edgar/data/1280452/000143774919015046/ex_151349.htm,XBRL first reported,False,
monolithic_power,2019Q4,2019-10-22,160.0,163.0,166.0,166.7,2.29,True,False,False,,Revenue in the range of $160 million to $166 million,https://www.sec.gov/Archives/edgar/data/1280452/000143774919020436/ex_160601.htm,XBRL first reported,False,
monolithic_power,2020Q1,2020-02-05,161.0,164.0,167.0,165.8,1.08,False,False,False,,Revenue in the range of $161 million to $167 million,https://www.sec.gov/Archives/edgar/data/1280452/000143774920001797/ex_171286.htm,XBRL first reported,False,
monolithic_power,2020Q2,2020-04-28,167.0,170.0,173.0,186.2,9.53,True,False,False,,Revenue in the range of $167 million to $173 million,https://www.sec.gov/Archives/edgar/data/1280452/000143774920008695/ex_182526.htm,XBRL first reported,False,
monolithic_power,2020Q3,2020-07-28,200.0,205.0,210.0,259.4,26.55,True,False,True,,Revenue in the range of $200 million to $210 million,https://www.sec.gov/Archives/edgar/data/1280452/000143774920015872/ex_195245.htm,XBRL first reported,False,
monolithic_power,2020Q4,2020-10-29,218.0,224.0,230.0,233.0,4.04,True,False,False,,Revenue in the range of $218 million to $230 million,https://www.sec.gov/Archives/edgar/data/1280452/000143774920021991/ex_209041.htm,XBRL first reported,False,
monolithic_power,2021Q1,2021-02-04,236.0,242.0,248.0,254.5,5.15,True,False,False,,Revenue in the range of $236 million to $248 million,https://www.sec.gov/Archives/edgar/data/1280452/000143774921002011/ex_224051.htm,XBRL first reported,False,
monolithic_power,2021Q2,2021-05-04,274.0,280.0,286.0,293.3,4.76,True,False,False,,Revenue in the range of $274 million to $286 million,https://www.sec.gov/Archives/edgar/data/1280452/000143774921010752/ex_243972.htm,XBRL first reported,False,
monolithic_power,2021Q3,2021-07-27,309.0,315.0,321.0,323.5,2.71,True,False,False,,Revenue in the range of $309 million to $321 million,https://www.sec.gov/Archives/edgar/data/1280452/000143774921017661/ex_267124.htm,XBRL first reported,False,
monolithic_power,2021Q4,2021-10-28,314.0,320.0,326.0,336.5,5.16,True,False,False,,Revenue in the range of $314.0 million to $326.0 million,https://www.sec.gov/Archives/edgar/data/1280452/000143774921024533/ex_295620.htm,XBRL first reported,False,
monolithic_power,2022Q1,2022-02-10,354.0,360.0,366.0,377.7,4.92,True,False,False,,Revenue in the range of $354.0 million to $366.0 million,https://www.sec.gov/Archives/edgar/data/1280452/000143774922003003/ex_333484.htm,XBRL first reported,False,
monolithic_power,2022Q2,2022-05-02,420.0,430.0,440.0,461.0,7.21,True,False,False,,Revenue in the range of $420.0 million to $440.0 million,https://www.sec.gov/Archives/edgar/data/1280452/000143774922010441/ex_366020.htm,XBRL first reported,False,
monolithic_power,2022Q3,2022-08-01,480.0,490.0,500.0,495.4,1.11,False,False,False,,Revenue in the range of $480.0 million to $500.0 million,https://www.sec.gov/Archives/edgar/data/1280452/000143774922018260/ex_399654.htm,XBRL first reported,False,
monolithic_power,2022Q4,2022-10-27,450.0,460.0,470.0,460.0,0.0,False,False,False,,Revenue in the range of $450.0 million to $470.0 million,https://www.sec.gov/Archives/edgar/data/1280452/000143774922024940/ex_435452.htm,XBRL first reported,False,
monolithic_power,2023Q1,2023-02-08,440.0,450.0,460.0,451.1,0.24,False,False,False,,Revenue in the range of $440.0 million to $460.0 million,https://www.sec.gov/Archives/edgar/data/1280452/000143774923002781/ex_472028.htm,XBRL first reported,False,
monolithic_power,2023Q2,2023-05-04,430.0,440.0,450.0,441.1,0.26,False,False,False,,Revenue in the range of $430.0 million to $450.0 million,https://www.sec.gov/Archives/edgar/data/1280452/000143774923012554/ex_510172.htm,XBRL first reported,False,
monolithic_power,2023Q3,2023-07-31,464.0,474.0,484.0,474.9,0.18,False,False,False,,Revenue in the range of $464.0 million to $484.0 million,https://www.sec.gov/Archives/edgar/data/1280452/000143774923021166/ex_546525.htm,XBRL first reported,False,
monolithic_power,2023Q4,2023-10-30,442.0,452.0,462.0,454.0,0.45,False,False,False,,Revenue in the range of $442.0 million to $462.0 million,https://www.sec.gov/Archives/edgar/data/1280452/000143774923029394/ex_586625.htm,XBRL first reported,False,
monolithic_power,2024Q1,2024-02-07,437.0,447.0,457.0,457.9,2.44,True,False,False,,Revenue in the range of $437.0 million to $457.0 million,https://www.sec.gov/Archives/edgar/data/1280452/000143774924003353/ex_595905.htm,XBRL first reported,False,
monolithic_power,2024Q2,2024-05-01,480.0,490.0,500.0,507.4,3.56,True,False,False,,Revenue in the range of $480.0 million to $500.0 million,https://www.sec.gov/Archives/edgar/data/1280452/000143774924014156/ex_637554.htm,XBRL first reported,False,
monolithic_power,2024Q3,2024-08-01,590.0,600.0,610.0,620.1,3.35,True,False,False,,Revenue in the range of $590.0 million to $610.0 million,https://www.sec.gov/Archives/edgar/data/1280452/000143774924024285/ex_675796.htm,XBRL first reported,False,
monolithic_power,2024Q4,2024-10-30,600.0,610.0,620.0,621.7,1.91,True,False,False,,Revenue in the range of $600.0 million to $620.0 million,https://www.sec.gov/Archives/edgar/data/1280452/000143774924032609/ex_714035.htm,XBRL first reported,False,
monolithic_power,2025Q1,2025-02-06,610.0,620.0,630.0,637.6,2.83,True,False,False,,Revenue in the range of $610.0 million to $630.0 million,https://www.sec.gov/Archives/edgar/data/1280452/000143774925003024/ex_746686.htm,XBRL first reported,False,
monolithic_power,2025Q2,2025-05-01,640.0,650.0,660.0,664.6,2.24,True,False,False,,Revenue in the range of $640 million to $660 million,https://www.sec.gov/Archives/edgar/data/1280452/000143774925014082/ex_786126.htm,XBRL first reported,False,
monolithic_power,2025Q3,2025-07-31,710.0,720.0,730.0,737.2,2.39,True,False,False,,Revenue in the range of $710.0 million to $730.0 million,https://www.sec.gov/Archives/edgar/data/1280452/000143774925024185/ex_815328.htm,XBRL first reported,False,
monolithic_power,2025Q4,2025-10-30,730.0,740.0,750.0,751.2,1.51,True,False,False,,Revenue in the range of $730.0 million to $750.0 million,https://www.sec.gov/Archives/edgar/data/1280452/000143774925032411/ex_854756.htm,XBRL first reported,False,
monolithic_power,2026Q1,2026-02-05,770.0,780.0,790.0,804.2,3.1,True,False,False,,Revenue in the range of $770.0 million to $790.0 million,https://www.sec.gov/Archives/edgar/data/1280452/000143774926003191/ex_886151.htm,XBRL first reported,False,
monolithic_power,2026Q2,2026-04-30,890.0,900.0,910.0,980.6,8.96,True,False,False,,Revenue in the range of $890 million to $910 million,https://www.sec.gov/Archives/edgar/data/1280452/000143774926014182/ex_929254.htm,XBRL first reported,False,
nxp,2019Q4,2019-10-29,2240.0,2270.0,2300.0,2301.0,1.37,True,False,False,,"Guidance for the Fourth Quarter 2019 : ($ millions) (1) Guidance Range GAAP Reconciliation non-GAAP Low Mid High Low Mid High Total Revenue $ 2,240 $ 2,270 $ 2,300",https://www.sec.gov/Archives/edgar/data/1413447/000141344719000033/nxp3q19earningsrelease.htm,XBRL first reported,False,
nxp,2020Q1,2020-02-04,2195.0,2225.0,2255.0,2021.0,-9.17,False,True,False,,"Guidance for the First Quarter 2020: ($ millions) (1) Guidance Range GAAP Reconciliation non-GAAP Low Mid High Low Mid High Total Revenue $ 2,195 $ 2,225 $ 2,255",https://www.sec.gov/Archives/edgar/data/1413447/000141344720000005/nxp4q19earningsrelease.htm,XBRL first reported,False,
nxp,2020Q2,2020-04-28,1700.0,1800.0,1900.0,1817.0,0.94,False,False,False,,"Guidance for the Second Quarter 2020: ($ millions) (1) Guidance Range GAAP Reconciliation non-GAAP Low Mid High Low Mid High Total Revenue $ 1,700 $ 1,800 $ 1,900",https://www.sec.gov/Archives/edgar/data/1413447/000141344720000028/nxp1q20earningsrelease.htm,XBRL first reported,False,
nxp,2020Q3,2020-07-28,1900.0,2000.0,2100.0,2267.0,13.35,True,False,False,,"Guidance for the Third Quarter 2020: ($ millions) (1) Guidance Range GAAP Reconciliation non-GAAP Low Mid High Low Mid High Total Revenue $ 1,900 $ 2,000 $ 2,100",https://www.sec.gov/Archives/edgar/data/1413447/000141344720000054/nxpi-20200727.htm,XBRL first reported,False,
nxp,2020Q4,2020-10-27,2375.0,2450.0,2525.0,2507.0,2.33,False,False,False,,"Guidance for the Fourth Quarter 2020: ($ millions) (1) Guidance Range GAAP Reconciliation non-GAAP Low Mid High Low Mid High Total Revenue $ 2,375 $ 2,450 $ 2,525",https://www.sec.gov/Archives/edgar/data/1413447/000141344720000086/nxpi-20201027.htm,XBRL first reported,False,
nxp,2021Q1,2021-02-02,2475.0,2550.0,2625.0,2567.0,0.67,False,False,False,,"Guidance for the First Quarter 2021: ($ millions) (1) Guidance Range GAAP Reconciliation non-GAAP Low Mid High Low Mid High Total Revenue $ 2,475 $ 2,550 $ 2,625",https://www.sec.gov/Archives/edgar/data/1413447/000141344721000004/exhibit991.htm,XBRL first reported,False,
nxp,2021Q2,2021-04-27,2500.0,2570.0,2640.0,2596.0,1.01,False,False,False,,"Guidance for the Second Quarter 2021: ($ millions) (1) Guidance Range GAAP Reconciliation non-GAAP Low Mid High Low Mid High Total Revenue $ 2,500 $ 2,570 $ 2,640",https://www.sec.gov/Archives/edgar/data/1413447/000141344721000030/nxp1q21exhibit991.htm,XBRL first reported,False,
nxp,2021Q3,2021-08-03,2775.0,2850.0,2925.0,2861.0,0.39,False,False,False,,"Guidance for the Third Quarter 2021: ($ millions) (1) Guidance Range GAAP Reconciliation non-GAAP Low Mid High Low Mid High Total Revenue $2,775 $2,850 $2,925",https://www.sec.gov/Archives/edgar/data/1413447/000141344721000064/nxp2q21exhibit991.htm,XBRL first reported,False,
nxp,2021Q4,2021-11-02,2925.0,3000.0,3075.0,3039.0,1.3,False,False,False,,"Guidance for the Fourth Quarter 2021: ($ millions) (1) Guidance Range GAAP Reconciliation non-GAAP Low Mid High Low Mid High Total Revenue $2,925 $3,000 $3,075",https://www.sec.gov/Archives/edgar/data/1413447/000141344721000092/nxp3q21exhibit991.htm,XBRL first reported,False,
nxp,2022Q1,2022-02-01,3025.0,3100.0,3175.0,3136.0,1.16,False,False,False,,"Guidance for the First Quarter 2022: ($ millions) (1) Guidance Range GAAP Reconciliation non-GAAP Low Mid High Low Mid High Total Revenue $3,025 $3,100 $3,175",https://www.sec.gov/Archives/edgar/data/1413447/000141344722000004/nxp4q21exhibit991.htm,XBRL first reported,False,
nxp,2022Q2,2022-05-03,3175.0,3275.0,3375.0,3312.0,1.13,False,False,False,,"Guidance for the Second Quarter 2022: ($ millions) (1) Guidance Range GAAP Reconciliation non-GAAP Low Mid High Low Mid High Total Revenue $3,175 $3,275 $3,375",https://www.sec.gov/Archives/edgar/data/1413447/000141344722000015/nxp1q22exhibit991.htm,XBRL first reported,False,
nxp,2022Q3,2022-07-26,3350.0,3425.0,3500.0,3445.0,0.58,False,False,False,,"Guidance for the Third Quarter 2022: ($ millions) (1) Guidance Range GAAP Reconciliation non-GAAP Low Mid High Low Mid High Total Revenue $3,350 $3,425 $3,500",https://www.sec.gov/Archives/edgar/data/1413447/000141344722000048/nxp2q22exhibit991.htm,XBRL first reported,False,
nxp,2022Q4,2022-11-01,3200.0,3300.0,3400.0,3312.0,0.36,False,False,False,,"Guidance for the Fourth Quarter 2022: ($ millions) (1) Guidance Range GAAP Reconciliation non-GAAP Low Mid High Low Mid High Total Revenue $3,200 $3,300 $3,400",https://www.sec.gov/Archives/edgar/data/1413447/000141344722000066/nxp3q22exhibit991.htm,XBRL first reported,False,
nxp,2023Q1,2023-01-31,2900.0,3000.0,3100.0,3121.0,4.03,True,False,False,,"Guidance for the First Quarter 2023: ($ millions, except Per Share data) (1) Guidance Range GAAP Reconciliation non-GAAP Low Mid High Low Mid High Total Revenue $2,900 $3,000 $3,100",https://www.sec.gov/Archives/edgar/data/1413447/000141344723000002/nxp4q22exhibit991.htm,XBRL first reported,False,
nxp,2023Q2,2023-05-02,3100.0,3200.0,3300.0,3299.0,3.09,False,False,False,,"Guidance for the Second Quarter 2023: ($ millions, except Per Share data) (1) Guidance Range GAAP Reconciliation non-GAAP Low Mid High Low Mid High Total Revenue $3,100 $3,200 $3,300",https://www.sec.gov/Archives/edgar/data/1413447/000141344723000022/nxp1q23exhibit991.htm,XBRL first reported,False,
nxp,2023Q3,2023-07-25,3300.0,3400.0,3500.0,3434.0,1.0,False,False,False,,"Guidance for the Third Quarter 2023: ($ millions, except Per Share data) (1) Guidance Range GAAP Reconciliation non-GAAP Low Mid High Low Mid High Total Revenue $3,300 $3,400 $3,500",https://www.sec.gov/Archives/edgar/data/1413447/000141344723000057/nxp2q23exhibit991.htm,XBRL first reported,False,
nxp,2023Q4,2023-11-07,3300.0,3400.0,3500.0,3422.0,0.65,False,False,False,,"Guidance for the Fourth Quarter 2023: ($ millions, except Per Share data) (1) Guidance Range GAAP Reconciliation non-GAAP Low Mid High Low Mid High Total Revenue $3,300 $3,400 $3,500",https://www.sec.gov/Archives/edgar/data/1413447/000141344723000105/nxp3q23exhibit991.htm,XBRL first reported,False,
nxp,2024Q1,2024-02-06,3025.0,3125.0,3225.0,3126.0,0.03,False,False,False,,"Guidance for the First Quarter 2024: ($ millions, except Per Share data) (1) Guidance Range GAAP Reconciliation non-GAAP Low Mid High Low Mid High Total Revenue $3,025 $3,125 $3,225",https://www.sec.gov/Archives/edgar/data/1413447/000141344724000008/nxp4q23exhibit991.htm,XBRL first reported,False,
nxp,2024Q2,2024-04-30,3025.0,3125.0,3225.0,3127.0,0.06,False,False,False,,"Guidance for the Second Quarter 2024: ($ millions, except Per Share data) (1) Guidance Range GAAP Reconciliation non-GAAP Low Mid High Low Mid High Total Revenue $3,025 $3,125 $3,225",https://www.sec.gov/Archives/edgar/data/1413447/000141344724000040/nxp1q24exhibit991.htm,XBRL first reported,False,
nxp,2024Q3,2024-07-23,3150.0,3250.0,3350.0,3250.0,0.0,False,False,False,,"Guidance for the Third Quarter 2024: ($ millions, except Per Share data) (1) Guidance Range GAAP Reconciliation non-GAAP Low Mid High Low Mid High Total Revenue $3,150 $3,250 $3,350",https://www.sec.gov/Archives/edgar/data/1413447/000141344724000074/s4nxp2q24exhibit991.htm,XBRL first reported,False,
nxp,2024Q4,2024-11-05,3000.0,3100.0,3200.0,3111.0,0.35,False,False,False,,"Guidance for the Fourth Quarter 2024: ($ millions, except Per Share data) (1) Guidance Range GAAP Reconciliation non-GAAP Low Mid High Low Mid High Total Revenue $3,000 $3,100 $3,200",https://www.sec.gov/Archives/edgar/data/1413447/000141344724000087/nxp3q24exhibit991.htm,XBRL first reported,False,
nxp,2025Q1,2025-02-04,2725.0,2825.0,2925.0,2835.0,0.35,False,False,False,,"Guidance for the First Quarter 2025: ($ millions, except Per Share data) (1) Guidance Range GAAP Reconciliation non-GAAP Low Mid High Low Mid High Total Revenue $2,725 $2,825 $2,925",https://www.sec.gov/Archives/edgar/data/1413447/000141344725000009/nxp4q24exhibit991.htm,XBRL first reported,False,
nxp,2025Q2,2025-04-28,2800.0,2900.0,3000.0,2926.0,0.9,False,False,False,,"Guidance for the Second Quarter 2025: ($ millions, except Per Share data) (1) GAAP Reconciliation non-GAAP Low Mid High Low Mid High Total Revenue $2,800 $2,900 $3,000",https://www.sec.gov/Archives/edgar/data/1413447/000141344725000027/nxp1q25exhibit991.htm,XBRL first reported,False,
nxp,2025Q3,2025-07-22,3050.0,3150.0,3250.0,3173.0,0.73,False,False,False,,"Guidance for the Third Quarter 2025: ($ millions, except Per Share data) (1) GAAP Reconciliation non-GAAP Low Mid High Low Mid High Total Revenue $3,050 $3,150 $3,250",https://www.sec.gov/Archives/edgar/data/1413447/000141344725000103/nxp2q25exhibit991.htm,XBRL first reported,False,
nxp,2025Q4,2025-10-28,3200.0,3300.0,3400.0,3335.0,1.06,False,False,False,,"Guidance for the Fourth Quarter 2025: ($ millions, except Per Share data) (1) GAAP Reconciliation non-GAAP Low Mid High Low Mid High Total Revenue $3,200 $3,300 $3,400",https://www.sec.gov/Archives/edgar/data/1413447/000141344725000118/nxp3q25exhibit991.htm,XBRL first reported,False,
nxp,2026Q1,2026-02-03,3050.0,3150.0,3250.0,3181.0,0.98,False,False,False,,"Guidance for the First Quarter 2026: ($ millions, except Per Share data) (1) GAAP Reconciliation non-GAAP Low Mid High Low Mid High Total Revenue $3,050 $3,150 $3,250",https://www.sec.gov/Archives/edgar/data/1413447/000141344726000003/nxp4q25exhibit991.htm,XBRL first reported,False,
onsemi,2011Q1,2011-02-03,570.0,580.0,590.0,870.6,50.1,True,False,True,,outlook (excluding the expected results of SANYO Semiconductor). ON SEMICONDUCTOR Q1 2011 BUSINESS OUTLOOK (Excludes expected results of SANYO Semiconductor) GAAP Special Items *** Non-GAAP**** Revenue $570 to $590 million,https://www.sec.gov/Archives/edgar/data/1097864/000119312511022476/dex991.htm,XBRL first reported,True,guide explicitly 'Excludes expected results of SANYO Semiconductor' (acquired 1 Jan 2011); actual includes it
onsemi,2011Q2,2011-05-05,860.0,880.0,900.0,905.8,2.93,True,False,False,,outlook. ON Semiconductor Reports First Quarter 2011 Results 3 – 3 – 3 – 3 ON SEMICONDUCTOR Q2 2011 BUSINESS OUTLOOK Total ON Semiconductor GAAP Special Items *** Total ON Semiconductor Non-GAAP**** Revenue $860 to $900 million,https://www.sec.gov/Archives/edgar/data/1097864/000119312511127049/dex991.htm,XBRL first reported,False,
onsemi,2011Q3,2011-08-03,895.0,910.0,925.0,898.0,-1.32,False,False,False,,outlook. ON SEMICONDUCTOR Q3 2011 BUSINESS OUTLOOK Total ON Semiconductor GAAP Special Items *** Total ON Semiconductor Non-GAAP**** Revenue $895 to $925 million,https://www.sec.gov/Archives/edgar/data/1097864/000119312511208176/dex991.htm,XBRL first reported,False,
onsemi,2011Q4,2011-11-02,800.0,820.0,840.0,767.9,-6.35,False,True,False,,"outlook, subject to the qualifications above. THAILAND FLOOD IMPACT TO ON SEMICONDUCTOR Q4 2011 REVENUES Revenue Guidance Prior to Flood Impact Impact From The Flood Revenue Guidance After Flood Impact Revenue $800 to $840 million",https://www.sec.gov/Archives/edgar/data/1097864/000119312511292779/d250815dex991.htm,XBRL first reported,False,
onsemi,2012Q1,2012-02-08,720.0,740.0,760.0,744.4,0.59,False,False,False,,outlook. ON SEMICONDUCTOR Q1 2012 BUSINESS OUTLOOK Total ON Semiconductor GAAP Special Items *** Total ON Semiconductor Non-GAAP**** Revenue $720 to $760 million,https://www.sec.gov/Archives/edgar/data/1097864/000119312512046577/d296292dex991.htm,XBRL first reported,False,
onsemi,2012Q2,2012-05-02,745.0,765.0,785.0,744.8,-2.64,False,True,False,,outlook. ON SEMICONDUCTOR Q2 2012 BUSINESS OUTLOOK Total ON Semiconductor Special Total ON Semiconductor GAAP Items *** Non-GAAP**** Revenue $745 to $785 million,https://www.sec.gov/Archives/edgar/data/1097864/000119312512204548/d344405dex991.htm,XBRL first reported,False,
onsemi,2012Q3,2012-08-02,725.0,745.0,765.0,725.5,-2.62,False,False,False,,outlook. ON SEMICONDUCTOR Q3 2012 BUSINESS OUTLOOK Total ON Semiconductor GAAP Special Items *** Total ON Semiconductor Non-GAAP**** Revenue $725 to $765 million,https://www.sec.gov/Archives/edgar/data/1097864/000119312512331881/d390656dex991.htm,XBRL first reported,False,
onsemi,2012Q4,2012-11-01,650.0,670.0,690.0,680.2,1.52,False,False,False,,outlook. ON SEMICONDUCTOR Q4 2012 BUSINESS OUTLOOK Total ON Semiconductor GAAP Special Items *** Total ON Semiconductor Non-GAAP**** Revenue $650 to $690 million,https://www.sec.gov/Archives/edgar/data/1097864/000119312512446631/d430806dex991.htm,XBRL first reported,False,
onsemi,2013Q1,2013-02-07,645.0,665.0,685.0,661.0,-0.6,False,False,False,,outlook. ON SEMICONDUCTOR Q1 2013 BUSINESS OUTLOOK 2 Total ON Semiconductor GAAP Special Items *** Total ON Semiconductor Non-GAAP**** Revenue $645 to $685 million,https://www.sec.gov/Archives/edgar/data/1097864/000119312513042233/d479041dex991.htm,XBRL first reported,False,
onsemi,2013Q2,2013-05-02,675.0,695.0,715.0,688.3,-0.96,False,False,False,,outlook. ON SEMICONDUCTOR Q2 2013 BUSINESS OUTLOOK Total ON Semiconductor GAAP Special Items *** Total ON Semiconductor Non-GAAP**** Revenue $675 to $715 million,https://www.sec.gov/Archives/edgar/data/1097864/000119312513196124/d531207dex991.htm,XBRL first reported,False,
onsemi,2013Q3,2013-08-02,700.0,715.0,730.0,715.4,0.06,False,False,False,,outlook. ON SEMICONDUCTOR Q3 2013 BUSINESS OUTLOOK Total ON Semiconductor GAAP Special Items *** Total ON Semiconductor Non-GAAP**** Revenue $700 to $730 million,https://www.sec.gov/Archives/edgar/data/1097864/000119312513315349/d576919dex991.htm,XBRL first reported,False,
onsemi,2013Q4,2013-10-31,675.0,690.0,705.0,718.0,4.06,True,False,False,,outlook. ON SEMICONDUCTOR Q4 2013 BUSINESS OUTLOOK Total ON Semiconductor GAAP Special Items *** Total ON Semiconductor Non-GAAP**** Revenue $675 to $705 million,https://www.sec.gov/Archives/edgar/data/1097864/000119312513420851/d620867dex991.htm,XBRL first reported,False,
onsemi,2014Q1,2014-02-06,695.0,710.0,725.0,706.5,-0.49,False,False,False,,outlook. ON SEMICONDUCTOR Q1 2014 BUSINESS OUTLOOK Total ON Semiconductor GAAP Special Items *** Total ON Semiconductor Non-GAAP**** Revenue $695 to $725 million,https://www.sec.gov/Archives/edgar/data/1097864/000119312514038827/d664412dex991.htm,XBRL first reported,False,
onsemi,2014Q2,2014-05-01,738.0,753.0,768.0,757.6,0.61,False,False,False,,outlook. ON SEMICONDUCTOR Q2 2014 BUSINESS OUTLOOK Total ON Semiconductor GAAP Special Items *** Total ON Semiconductor Non-GAAP**** Revenue $738 to $768 million,https://www.sec.gov/Archives/edgar/data/1097864/000119312514177142/d716645dex991.htm,XBRL first reported,False,
onsemi,2014Q3,2014-07-31,765.0,780.0,795.0,833.5,6.86,True,False,False,,outlook. ON SEMICONDUCTOR Q3 2014 BUSINESS OUTLOOK Total ON Semiconductor GAAP Special Items *** Total ON Semiconductor Non-GAAP**** Revenue $765 to $795 million,https://www.sec.gov/Archives/edgar/data/1097864/000119312514289632/d764084dex991.htm,XBRL first reported,False,
onsemi,2014Q4,2014-10-30,835.0,855.0,875.0,864.2,1.08,False,False,False,,outlook. ON SEMICONDUCTOR Q4 2014 BUSINESS OUTLOOK Total ON Semiconductor GAAP Special Items *** Total ON Semiconductor Non-GAAP**** Revenue $835 to $875 million,https://www.sec.gov/Archives/edgar/data/1097864/000119312514389663/d807687dex991.htm,XBRL first reported,False,
onsemi,2015Q1,2015-02-05,840.0,860.0,880.0,870.8,1.26,False,False,False,,outlook. ON SEMICONDUCTOR Q1 2015 BUSINESS OUTLOOK Total ON Semiconductor GAAP Special Items *** Total ON Semiconductor Non-GAAP**** Revenue $840 to $880 million,https://www.sec.gov/Archives/edgar/data/1097864/000119312515035483/d864539dex991.htm,XBRL first reported,False,
onsemi,2015Q2,2015-05-04,876.0,896.0,916.0,880.5,-1.73,False,False,False,,outlook. ON SEMICONDUCTOR Q2 2015 BUSINESS OUTLOOK Total ON Semiconductor GAAP Special Items *** Total ON Semiconductor Non-GAAP**** Revenue $876 to $916 million,https://www.sec.gov/Archives/edgar/data/1097864/000119312515167237/d920039dex991.htm,XBRL first reported,False,
onsemi,2015Q3,2015-08-03,890.0,910.0,930.0,904.2,-0.64,False,False,False,,outlook. ON SEMICONDUCTOR Q3 2015 BUSINESS OUTLOOK Total ON Semiconductor GAAP Special Items *** Total ON Semiconductor Non-GAAP**** Revenue $890 to $930 million,https://www.sec.gov/Archives/edgar/data/1097864/000119312515273806/d59957dex991.htm,XBRL first reported,False,
onsemi,2015Q4,2015-10-29,830.0,850.0,870.0,840.3,-1.14,False,False,False,,outlook. ON SEMICONDUCTOR Q4 2015 BUSINESS OUTLOOK Total ON Semiconductor GAAP Special Items *** Total ON Semiconductor Non-GAAP**** Revenue $830 to $870 million,https://www.sec.gov/Archives/edgar/data/1097864/000119312515358101/d86684dex991.htm,XBRL first reported,False,
onsemi,2016Q1,2016-02-08,800.0,820.0,840.0,817.2,-0.34,False,False,False,,outlook. ON SEMICONDUCTOR Q1 2016 BUSINESS OUTLOOK Total ON Semiconductor GAAP Special Items *** Total ON Semiconductor Non-GAAP**** Revenue $800 to $840 million,https://www.sec.gov/Archives/edgar/data/1097864/000119312516452993/d127365dex991.htm,XBRL first reported,False,
onsemi,2016Q2,2016-05-09,835.0,855.0,875.0,877.8,2.67,True,False,False,,outlook. ON SEMICONDUCTOR Q2 2016 BUSINESS OUTLOOK Total ON Semiconductor GAAP Special Items *** Total ON Semiconductor Non-GAAP**** Revenue $835 to $875 million,https://www.sec.gov/Archives/edgar/data/1097864/000119312516582666/d178541dex991.htm,XBRL first reported,False,
onsemi,2016Q3,2016-08-08,885.0,905.0,925.0,950.9,5.07,True,False,False,,outlook. ON SEMICONDUCTOR Q3 2016 BUSINESS OUTLOOK Total ON Semiconductor GAAP Special Items *** Total ON Semiconductor Non-GAAP**** Revenue $885 to $925 million,https://www.sec.gov/Archives/edgar/data/1097864/000119312516674180/d230513dex991.htm,XBRL first reported,False,
onsemi,2016Q4,2016-11-07,1190.0,1215.0,1240.0,1261.0,3.79,True,False,False,,"outlook. ON SEMICONDUCTOR FOURTH QUARTER 2016 BUSINESS OUTLOOK Total ON Semiconductor GAAP Special Items *** Total ON Semiconductor Non-GAAP**** Revenue $1,190 to $1,240 million",https://www.sec.gov/Archives/edgar/data/1097864/000119312516760786/d282989dex991.htm,XBRL first reported,False,
onsemi,2017Q1,2017-02-13,1215.0,1240.0,1265.0,1281.6,3.35,True,False,False,,"outlook. ON SEMICONDUCTOR Q1 2017 BUSINESS OUTLOOK Total ON Semiconductor GAAP Special Items *** Total ON Semiconductor Non-GAAP**** Revenue $1,215 to $1,265 million",https://www.sec.gov/Archives/edgar/data/1097864/000119312517039258/d340559dex991.htm,release (override),False,
onsemi,2017Q2,2017-05-08,1285.0,1310.0,1335.0,1338.0,2.14,True,False,False,,"outlook. Total ON Semiconductor GAAP Special Items*** Total ON Semiconductor Non-GAAP**** Revenue $1,285 to $1,335 million",https://www.sec.gov/Archives/edgar/data/1097864/000119312517161645/d359276dex991.htm,XBRL first reported,False,
onsemi,2017Q3,2017-08-07,1340.0,1365.0,1390.0,1390.9,1.9,True,False,False,,"outlook. Total ON Semiconductor GAAP Special Items*** Total ON Semiconductor Non-GAAP**** Revenue $1,340 to $1,390 million",https://www.sec.gov/Archives/edgar/data/1097864/000119312517249195/d428801dex991.htm,XBRL first reported,False,
onsemi,2017Q4,2017-11-06,1325.0,1350.0,1375.0,1377.5,2.04,True,False,False,,"outlook. Total ON Semiconductor GAAP Special Items** Total ON Semiconductor Non-GAAP*** Revenue $1,325 to $1,375 million",https://www.sec.gov/Archives/edgar/data/1097864/000119312517333495/d488410dex991.htm,XBRL first reported,False,
onsemi,2018Q1,2018-02-05,1340.0,1365.0,1390.0,1377.6,0.92,False,False,False,,"outlook. Total ON Semiconductor GAAP Special Items*** Total ON Semiconductor Non-GAAP**** Revenue $1,340 to $1,390 million",https://www.sec.gov/Archives/edgar/data/1097864/000119312518031428/d524388dex991.htm,XBRL first reported,False,
onsemi,2018Q2,2018-04-30,1405.0,1430.0,1455.0,1455.9,1.81,True,False,False,,"outlook. Total ON Semiconductor GAAP Special Items*** Total ON Semiconductor Non-GAAP**** Revenue $1,405 to $1,455 million",https://www.sec.gov/Archives/edgar/data/1097864/000119312518140580/d553620dex991.htm,XBRL first reported,False,
onsemi,2018Q3,2018-07-30,1485.0,1510.0,1535.0,1541.7,2.1,True,False,False,,"outlook. Total ON Semiconductor GAAP Special Items*** Total ON Semiconductor Non-GAAP**** Revenue $1,485 to $1,535 million",https://www.sec.gov/Archives/edgar/data/1097864/000119312518230311/d550526dex991.htm,XBRL first reported,False,
onsemi,2018Q4,2018-10-29,1480.0,1505.0,1530.0,1503.1,-0.13,False,False,False,,"outlook. Total ON Semiconductor GAAP Special Items*** Total ON Semiconductor Non-GAAP**** Revenue $1,480 to $1,530 million",https://www.sec.gov/Archives/edgar/data/1097864/000119312518309770/d643639dex991.htm,XBRL first reported,False,
onsemi,2019Q1,2019-02-01,1365.0,1390.0,1415.0,1386.6,-0.24,False,False,False,,"outlook. Total ON Semiconductor GAAP Special Items*** Total ON Semiconductor Non-GAAP**** Revenue $1,365 to $1,415 million",https://www.sec.gov/Archives/edgar/data/1097864/000119312519025997/d697997dex991.htm,XBRL first reported,False,
onsemi,2019Q3,2019-08-05,1355.0,1380.0,1405.0,1381.8,0.13,False,False,False,,"outlook. Total ON Semiconductor GAAP Special Items*** Total ON Semiconductor Non-GAAP**** Revenue $1,355 to $1,405 million",https://www.sec.gov/Archives/edgar/data/1097864/000119312519212446/d734027dex991.htm,XBRL first reported,False,
onsemi,2019Q4,2019-10-28,1350.0,1375.0,1400.0,1401.8,1.95,True,False,False,,"outlook. Total ON Semiconductor GAAP Special Items*** Total ON Semiconductor Non-GAAP**** Revenue $1,350 to $1,400 million",https://www.sec.gov/Archives/edgar/data/1097864/000119312519275401/d807889dex991.htm,XBRL first reported,False,
onsemi,2020Q1,2020-02-03,1355.0,1380.0,1405.0,1277.9,-7.4,False,True,False,,"outlook. Total ON Semiconductor GAAP Special Items*** Total ON Semiconductor Non-GAAP**** Revenue $1,355 to $1,405 million",https://www.sec.gov/Archives/edgar/data/1097864/000119312520022088/d857912dex991.htm,XBRL first reported,False,
onsemi,2020Q2,2020-05-11,1100.0,1180.0,1260.0,1213.5,2.84,False,False,False,,"outlook. Total ON Semiconductor GAAP Special Items*** Total ON Semiconductor Non-GAAP**** Revenue $1,100 to $1,260 million",https://www.sec.gov/Archives/edgar/data/1097864/000119312520138151/d909622dex991.htm,XBRL first reported,False,
onsemi,2020Q3,2020-08-10,1200.0,1265.0,1330.0,1317.3,4.13,False,False,False,,"outlook. Total ON Semiconductor GAAP Special Items*** Total ON Semiconductor Non-GAAP**** Revenue $1,200 to $1,330 million",https://www.sec.gov/Archives/edgar/data/1097864/000119312520214042/d20382dex991.htm,XBRL first reported,False,
onsemi,2020Q4,2020-11-02,1300.0,1350.0,1400.0,1446.3,7.13,True,False,False,,"outlook. Total ON Semiconductor GAAP Special Items*** Total ON Semiconductor Non-GAAP**** Revenue $1,300 to $1,400 million",https://www.sec.gov/Archives/edgar/data/1097864/000119312520283270/d63090dex991.htm,XBRL first reported,False,
onsemi,2021Q1,2021-02-01,1410.0,1460.0,1510.0,1481.7,1.49,False,False,False,,"outlook. Total ON Semiconductor GAAP Special Items*** Total ON Semiconductor Non-GAAP**** Revenue $1,410 to $1,510 million",https://www.sec.gov/Archives/edgar/data/1097864/000119312521023795/d97605dex991.htm,XBRL first reported,False,
onsemi,2021Q2,2021-05-03,1570.0,1620.0,1670.0,1669.9,3.08,False,False,False,,"OUTLOOK The following table outlines ON Semiconductor's projected second quarter of 2021 GAAP and non-GAAP outlook. Total ON Semiconductor GAAP Special Items*** Total ON Semiconductor Non-GAAP**** Revenue $1,570 to $1,670 million",https://www.sec.gov/Archives/edgar/data/1097864/000119312521146697/d175220dex991.htm,XBRL first reported,False,
onsemi,2021Q3,2021-08-02,1660.0,1710.0,1760.0,1742.1,1.88,False,False,False,,"OUTLOOK The following table outlines ON Semiconductor's projected third quarter of 2021 GAAP and non-GAAP outlook. Total ON Semiconductor GAAP Special Items*** Total ON Semiconductor Non-GAAP**** Revenue $1,660 to $1,760 million",https://www.sec.gov/Archives/edgar/data/1097864/000119312521232323/d188483dex991.htm,XBRL first reported,False,
onsemi,2021Q4,2021-11-01,1740.0,1790.0,1840.0,1846.1,3.13,True,False,False,,"OUTLOOK The following table outlines onsemi's projected fourth quarter of 2021 GAAP and non-GAAP outlook. Total onsemi GAAP Special Items*** Total onsemi Non-GAAP**** Revenue $1,740 to $1,840 million",https://www.sec.gov/Archives/edgar/data/1097864/000119312521314537/d246938dex991.htm,XBRL first reported,False,
onsemi,2022Q1,2022-02-07,1850.0,1900.0,1950.0,1945.0,2.37,False,False,False,,"OUTLOOK The following table outlines onsemi's projected first quarter of 2022 GAAP and non-GAAP outlook. Total onsemi GAAP Special Items** Total onsemi Non-GAAP*** Revenue $1,850 to $1,950 million",https://www.sec.gov/Archives/edgar/data/1097864/000119312522029095/d309948dex991.htm,XBRL first reported,False,
onsemi,2022Q2,2022-05-02,1965.0,2015.0,2065.0,2085.0,3.47,True,False,False,,"OUTLOOK The following table outlines onsemi's projected second quarter of 2022 GAAP and non-GAAP outlook. Total onsemi GAAP Special Items ** Total onsemi Non-GAAP*** Revenue $1,965 to $2,065 million",https://www.sec.gov/Archives/edgar/data/1097864/000119312522135409/d354712dex991.htm,XBRL first reported,False,
onsemi,2022Q3,2022-08-01,2070.0,2120.0,2170.0,2192.6,3.42,True,False,False,,"OUTLOOK The following table outlines onsemi's projected third quarter of 2022 GAAP and non-GAAP outlook. Total onsemi GAAP Special Items ** Total onsemi Non-GAAP*** Revenue $2,070 to $2,170 million",https://www.sec.gov/Archives/edgar/data/1097864/000119312522207793/d357844dex991.htm,XBRL first reported,False,
onsemi,2022Q4,2022-10-31,2010.0,2075.0,2140.0,2103.6,1.38,False,False,False,,"OUTLOOK The following table outlines onsemi's projected fourth quarter of 2022 GAAP and non-GAAP outlook. Total onsemi GAAP Special Items ** Total onsemi Non-GAAP*** Revenue $2,010 to $2,140 million",https://www.sec.gov/Archives/edgar/data/1097864/000119312522273174/d388878dex991.htm,XBRL first reported,False,
onsemi,2023Q1,2023-02-06,1870.0,1920.0,1970.0,1959.7,2.07,False,False,False,,"OUTLOOK The following table outlines onsemi's projected first quarter of 2023 GAAP and non-GAAP outlook. Total onsemi GAAP Special Items ** Total onsemi Non-GAAP*** Revenue $1,870 to $1,970 million",https://www.sec.gov/Archives/edgar/data/1097864/000119312523024908/d406586dex991.htm,XBRL first reported,False,
onsemi,2023Q2,2023-05-01,1975.0,2025.0,2075.0,2094.4,3.43,True,False,False,,"OUTLOOK The following table outlines onsemi's projected second quarter of 2023 GAAP and non-GAAP outlook. Total onsemi GAAP Special Items ** Total onsemi Non-GAAP*** Revenue $1,975 to $2,075 million",https://www.sec.gov/Archives/edgar/data/1097864/000119312523128806/d461890dex991.htm,XBRL first reported,False,
onsemi,2023Q3,2023-07-31,2095.0,2145.0,2195.0,2180.8,1.67,False,False,False,,"OUTLOOK The following table outlines onsemi's projected third quarter of 2023 GAAP and non-GAAP outlook. Total onsemi GAAP Special Items** Total onsemi Non-GAAP*** Revenue $2,095 to $2,195 million",https://www.sec.gov/Archives/edgar/data/1097864/000119312523198583/d473828dex991.htm,XBRL first reported,False,
onsemi,2023Q4,2023-10-30,1950.0,2000.0,2050.0,2018.1,0.91,False,False,False,,"OUTLOOK The following table outlines onsemi's projected fourth quarter of 2023 GAAP and non-GAAP outlook. Total onsemi GAAP Special Items ** Total onsemi Non-GAAP*** Revenue $1,950 to $2,050 million",https://www.sec.gov/Archives/edgar/data/1097864/000119312523265690/d539978dex991.htm,XBRL first reported,False,
onsemi,2024Q1,2024-02-05,1800.0,1850.0,1900.0,1862.7,0.69,False,False,False,,"OUTLOOK The following table outlines onsemi's projected first quarter of 2024 GAAP and non-GAAP outlook. Total onsemi GAAP Special Items** Total onsemi Non-GAAP*** Revenue $1,800 to $1,900 million",https://www.sec.gov/Archives/edgar/data/1097864/000119312524023485/d610011dex991.htm,XBRL first reported,False,
onsemi,2024Q2,2024-04-29,1680.0,1730.0,1780.0,1735.2,0.3,False,False,False,,"OUTLOOK The following table outlines onsemi's projected second quarter of 2024 GAAP and non-GAAP outlook. Total onsemi GAAP Special Items** Total onsemi Non-GAAP*** Revenue $1,680 to $1,780 million",https://www.sec.gov/Archives/edgar/data/1097864/000119312524120128/d806921dex991.htm,XBRL first reported,False,
onsemi,2024Q3,2024-07-29,1700.0,1750.0,1800.0,1761.9,0.68,False,False,False,,"OUTLOOK The following table outlines onsemi's projected third quarter of 2024 GAAP and non-GAAP outlook. Total onsemi GAAP Special Items ** Total onsemi Non-GAAP*** Revenue $1,700 to $1,800 million",https://www.sec.gov/Archives/edgar/data/1097864/000119312524186735/d858048dex991.htm,XBRL first reported,False,
onsemi,2024Q4,2024-10-28,1710.0,1760.0,1810.0,1722.5,-2.13,False,False,False,,"OUTLOOK The following table outlines onsemi's projected fourth quarter of 2024 GAAP and non-GAAP outlook. Total onsemi GAAP Special Items ** Total onsemi Non-GAAP*** Revenue $1,710 to $1,810 million",https://www.sec.gov/Archives/edgar/data/1097864/000119312524244677/d901571dex991.htm,XBRL first reported,False,
onsemi,2025Q1,2025-02-10,1350.0,1400.0,1450.0,1445.7,3.26,False,False,False,,"OUTLOOK The following table outlines onsemi's projected first quarter of 2025 GAAP and non-GAAP outlook. Total onsemi GAAP Special Items ** Total onsemi Non-GAAP *** Revenue $1,350 to $1,450 million",https://www.sec.gov/Archives/edgar/data/1097864/000119312525023201/d926041dex991.htm,XBRL first reported,False,
onsemi,2025Q2,2025-05-05,1400.0,1450.0,1500.0,1468.7,1.29,False,False,False,,"OUTLOOK The following table outlines onsemi's projected second quarter of 2025 GAAP and non-GAAP outlook. Total onsemi GAAP Special Items ** Total onsemi Non-GAAP*** Revenue $1,400 to $1,500 million",https://www.sec.gov/Archives/edgar/data/1097864/000114036125017228/ef20048379_ex99-1.htm,XBRL first reported,False,
onsemi,2025Q3,2025-08-04,1465.0,1515.0,1565.0,1550.9,2.37,False,False,False,,"OUTLOOK The following table outlines onsemi's projected third quarter of 2025 GAAP and non-GAAP outlook. Total onsemi GAAP Special Items ** Total onsemi Non-GAAP*** Revenue $1,465 to $1,565 million",https://www.sec.gov/Archives/edgar/data/1097864/000114036125028492/ef20053137_ex99-1.htm,XBRL first reported,False,
onsemi,2025Q4,2025-11-03,1480.0,1530.0,1580.0,1530.1,0.01,False,False,False,,"OUTLOOK The following table outlines onsemi's projected fourth quarter of 2025 GAAP and non-GAAP outlook. Total onsemi GAAP Special Items ** Total onsemi Non-GAAP*** Revenue $1,480 to $1,580 million",https://www.sec.gov/Archives/edgar/data/1097864/000114036125040094/ef20058125_ex99-1.htm,XBRL first reported,False,
onsemi,2026Q1,2026-02-09,1435.0,1485.0,1535.0,1513.3,1.91,False,False,False,,"OUTLOOK The following table outlines onsemi's projected first quarter of 2026 GAAP and non-GAAP outlook. Total onsemi GAAP Special Items ** Total onsemi Non-GAAP*** Revenue $1,435 to $1,535 million",https://www.sec.gov/Archives/edgar/data/1097864/000114036126004405/ef20065070_ex99-1.htm,XBRL first reported,False,
onsemi,2026Q2,2026-05-04,1535.0,1585.0,1635.0,1603.5,1.17,False,False,False,,"OUTLOOK The following table outlines onsemi's projected second quarter of 2026 GAAP and non-GAAP outlook. Total onsemi GAAP Special Items ** Total onsemi Non-GAAP*** Revenue $1,535 to $1,635 million",https://www.sec.gov/Archives/edgar/data/1097864/000114036126018868/ef20072220_ex99-1.htm,XBRL first reported,False,
power_integrations,2011Q1,2011-02-03,71.0,74.0,77.0,76.8,3.73,False,False,False,,Revenues are expected to be between $71 million and $77 million,https://www.sec.gov/Archives/edgar/data/833640/000117184311000308/newsrelease.htm,XBRL first reported,False,
power_integrations,2011Q2,2011-05-02,76.0,79.0,82.0,80.2,1.5,False,False,False,,Revenues are expected to be between $76 million and $82 million,https://www.sec.gov/Archives/edgar/data/833640/000115752311002557/a6705412-ex991.htm,XBRL first reported,False,
power_integrations,2011Q3,2011-08-02,74.0,77.0,80.0,75.1,-2.52,False,False,False,,Revenues are expected to be between $74 million and $80 million,https://www.sec.gov/Archives/edgar/data/833640/000115752311004578/a6816651ex99_1.htm,XBRL first reported,False,
power_integrations,2011Q4,2011-11-03,63.0,66.0,69.0,66.7,1.11,False,False,False,,Revenues are expected to be between $63 million and $69 million,https://www.sec.gov/Archives/edgar/data/833640/000115752311006446/a50056797ex99-1.htm,XBRL first reported,False,
power_integrations,2012Q1,2012-02-02,64.0,67.0,70.0,71.8,7.12,True,False,False,,Revenues are expected to be between $64 million and $70 million,https://www.sec.gov/Archives/edgar/data/833640/000115752312000472/a50155987_ex991.htm,XBRL first reported,False,
power_integrations,2012Q2,2012-05-03,78.0,81.0,84.0,76.4,-5.7,False,True,False,,revenues are expected to be between $78 million and $84 million,https://www.sec.gov/Archives/edgar/data/833640/000115752312002492/a50264911ex99-1.htm,XBRL first reported,False,
power_integrations,2012Q3,2012-08-06,76.0,79.0,82.0,78.0,-1.21,False,False,False,,revenues are expected to be between $76 million and $82 million,https://www.sec.gov/Archives/edgar/data/833640/000115752312004283/a50368046_ex991.htm,XBRL first reported,False,
power_integrations,2012Q4,2012-10-25,71.0,74.0,77.0,79.2,6.99,True,False,False,,revenues are expected to be between $71 million and $77 million,https://www.sec.gov/Archives/edgar/data/833640/000115752312005406/a50455268-ex991.htm,XBRL first reported,False,
power_integrations,2013Q1,2013-02-04,76.0,79.0,82.0,77.0,-2.48,False,False,False,,revenues are expected to be between $76 million and $82 million,https://www.sec.gov/Archives/edgar/data/833640/000115752313000457/a50552898ex99_1.htm,XBRL first reported,False,
power_integrations,2013Q2,2013-05-02,79.0,82.0,85.0,87.9,7.22,True,False,False,,revenues are expected to be between $79 million and $85 million,https://www.sec.gov/Archives/edgar/data/833640/000115752313002302/a50624132ex99_1.htm,XBRL first reported,False,
power_integrations,2013Q3,2013-07-30,89.0,91.5,94.0,91.7,0.23,False,False,False,,revenues are expected to be between $89 million and $94 million,https://www.sec.gov/Archives/edgar/data/833640/000115752313003684/a50681208-ex991.htm,XBRL first reported,False,
power_integrations,2013Q4,2013-10-30,86.0,89.0,92.0,90.4,1.59,False,False,False,,revenues are expected to be between $86 million and $92 million,https://www.sec.gov/Archives/edgar/data/833640/000115752313005127/a50740550ex99-1.htm,XBRL first reported,False,
power_integrations,2014Q1,2014-02-03,86.0,89.0,92.0,83.1,-6.66,False,True,False,,revenues are expected to be between $86 million and $92 million,https://www.sec.gov/Archives/edgar/data/833640/000115752314000358/a50796066-ex991.htm,XBRL first reported,False,
power_integrations,2014Q2,2014-04-29,86.0,89.0,92.0,89.0,-0.02,False,False,False,,"revenues are expected to be $89 million, plus or minus $3 million",https://www.sec.gov/Archives/edgar/data/833640/000115752314001680/a50854009-ex991.htm,XBRL first reported,False,
power_integrations,2014Q3,2014-07-29,92.0,94.5,97.0,90.1,-4.61,False,True,False,,revenues are expected to be between $92 million and $97 million,https://www.sec.gov/Archives/edgar/data/833640/000115752314003073/a50914795ex99_1.htm,XBRL first reported,False,
power_integrations,2014Q4,2014-10-30,83.0,86.0,89.0,86.6,0.69,False,False,False,,revenues are expected to be $86 million plus or minus $3 million,https://www.sec.gov/Archives/edgar/data/833640/000115752314004233/a50973610-ex991.htm,XBRL first reported,False,
power_integrations,2015Q1,2015-02-04,82.0,85.0,88.0,82.6,-2.87,False,False,False,,revenues are expected to be between $82 million and $88 million,https://www.sec.gov/Archives/edgar/data/833640/000115752315000364/a51033429_ex991.htm,XBRL first reported,False,
power_integrations,2015Q4,2015-10-28,86.0,89.0,92.0,87.3,-1.92,False,False,False,,"Revenues are expected to be in a range of $89 million, plus or minus $3 million",https://www.sec.gov/Archives/edgar/data/833640/000115752315003497/a51211793ex99_1.htm,XBRL first reported,False,
power_integrations,2016Q1,2016-02-04,81.0,84.0,87.0,85.3,1.58,False,False,False,,Revenues are expected to be in a range of $84 million plus or minus $3 million,https://www.sec.gov/Archives/edgar/data/833640/000115752316004468/a51273753ex99_1.htm,XBRL first reported,False,
power_integrations,2016Q2,2016-04-28,88.0,91.0,94.0,97.2,6.78,True,False,False,,Revenues are expected to be in a range of $88 million to $94 million,https://www.sec.gov/Archives/edgar/data/833640/000115752316005312/a51331425ex99_1.htm,XBRL first reported,False,
power_integrations,2016Q3,2016-07-28,96.0,99.0,102.0,103.8,4.84,True,False,False,,Revenues are expected to be in a range of $96 million to $102 million,https://www.sec.gov/Archives/edgar/data/833640/000115752316006293/a51391494ex99_1.htm,XBRL first reported,False,
power_integrations,2016Q4,2016-10-27,98.0,101.0,104.0,101.1,0.11,False,False,False,,Revenues are expected to be in a range of $101 million plus or minus $3 million,https://www.sec.gov/Archives/edgar/data/833640/000115752316007075/a51448943ex99_1.htm,XBRL first reported,False,
power_integrations,2017Q2,2017-04-27,104.0,107.0,110.0,107.6,0.53,False,False,False,,Revenues are expected to be $107 million plus or minus $3 million,https://www.sec.gov/Archives/edgar/data/833640/000115752317001250/a51549252ex99_1.htm,XBRL first reported,False,
power_integrations,2017Q3,2017-07-27,108.0,111.0,114.0,111.3,0.23,False,False,False,,Revenues are expected to be $111 million plus or minus $3 million,https://www.sec.gov/Archives/edgar/data/833640/000115752317002138/a51598342ex99_1.htm,XBRL first reported,False,
power_integrations,2017Q4,2017-10-26,107.0,110.0,113.0,108.2,-1.59,False,False,False,,Revenues are expected to be $110 million plus or minus $3 million,https://www.sec.gov/Archives/edgar/data/833640/000115752317002827/a51706219ex99_1.htm,XBRL first reported,False,
power_integrations,2018Q1,2018-02-01,100.0,103.0,106.0,103.1,0.08,False,False,False,,Revenues are expected to be $103 million plus or minus $3 million,https://www.sec.gov/Archives/edgar/data/833640/000115752318000194/a51752695ex99_1.htm,XBRL first reported,False,
power_integrations,2018Q2,2018-04-26,106.0,109.0,112.0,109.5,0.44,False,False,False,,Revenues are expected to be $109 million plus or minus $3 million,https://www.sec.gov/Archives/edgar/data/833640/000115752318000832/a51796412ex99_1.htm,XBRL first reported,False,
power_integrations,2018Q3,2018-07-26,111.0,114.0,117.0,110.1,-3.43,False,True,False,,Revenues are expected to be $114 million plus or minus $3 million,https://www.sec.gov/Archives/edgar/data/833640/000115752318001550/a51843807ex99_1.htm,XBRL first reported,False,
power_integrations,2018Q4,2018-10-25,94.0,97.0,100.0,93.3,-3.81,False,True,False,,Revenues are expected to be $97 million plus or minus $3 million,https://www.sec.gov/Archives/edgar/data/833640/000115752318002153/a51889382ex99_1.htm,XBRL first reported,False,
power_integrations,2019Q1,2019-02-07,87.0,90.0,93.0,89.2,-0.9,False,False,False,,Revenues are expected to be $90 million plus or minus $3 million,https://www.sec.gov/Archives/edgar/data/833640/000115752319000261/a51937753ex99_1.htm,XBRL first reported,False,
power_integrations,2019Q2,2019-04-25,97.0,100.0,103.0,102.9,2.86,False,False,False,,Revenues are expected to be $100 million plus or minus $3 million,https://www.sec.gov/Archives/edgar/data/833640/000115752319000896/a51974942ex99_1.htm,XBRL first reported,False,
power_integrations,2019Q3,2019-07-25,111.0,114.0,117.0,114.2,0.14,False,False,False,,Revenues are expected to be $114 million plus or minus $3 million,https://www.sec.gov/Archives/edgar/data/833640/000115752319001586/a52019029ex99_1.htm,XBRL first reported,False,
power_integrations,2019Q4,2019-10-24,111.0,114.0,117.0,114.5,0.4,False,False,False,,Revenues are expected to be $114 million plus or minus $3 million,https://www.sec.gov/Archives/edgar/data/833640/000115752319002099/a52117393ex99_1.htm,XBRL first reported,False,
power_integrations,2020Q1,2020-01-30,107.0,110.0,113.0,109.7,-0.31,False,False,False,,Revenues are expected to be $110 million plus or minus $3 million,https://www.sec.gov/Archives/edgar/data/833640/000115752320000127/a52166310ex99_1.htm,XBRL first reported,False,
power_integrations,2020Q2,2020-05-07,101.0,106.0,111.0,106.8,0.78,False,False,False,,Revenues are expected to be $106 million plus or minus $5 million,https://www.sec.gov/Archives/edgar/data/833640/000115752320000699/a52216992ex99_1.htm,XBRL first reported,False,
power_integrations,2020Q3,2020-07-30,110.0,115.0,120.0,121.1,5.33,True,False,False,,Revenues are expected to be $115 million plus or minus $5 million,https://www.sec.gov/Archives/edgar/data/833640/000115752320001076/a52258962ex99_1.htm,XBRL first reported,False,
power_integrations,2020Q4,2020-10-29,125.0,130.0,135.0,150.7,15.92,True,False,True,,Revenues are expected to be $130 million plus or minus $5 million,https://www.sec.gov/Archives/edgar/data/833640/000115752320001383/a52317065ex99_1.htm,XBRL first reported,False,
power_integrations,2021Q1,2021-02-02,143.15835,150.693,158.22765,173.7,15.29,True,False,True,,"Revenues are expected to be flat compared to the fourth quarter of 2020, plus or minus five percent",https://www.sec.gov/Archives/edgar/data/833640/000115752321000125/a52372604ex99_1.htm,XBRL first reported,False,
power_integrations,2021Q2,2021-04-29,165.05014999999997,173.737,182.42385000000002,180.1,3.67,False,False,False,,"Revenues are expected to be flat compared to the first quarter of 2021, plus or minus five percent",https://www.sec.gov/Archives/edgar/data/833640/000115752321000543/a52420953ex99_1.htm,XBRL first reported,False,
power_integrations,2021Q3,2021-07-29,165.70120000000003,174.7067,183.71220000000002,176.8,1.18,False,False,False,,"Revenues are expected to decrease by three percent compared to the second quarter of 2021, plus or minus five percent",https://www.sec.gov/Archives/edgar/data/833640/000115752321000949/a52468614ex99_1.htm,XBRL first reported,False,
power_integrations,2021Q4,2021-10-28,165.0,170.0,175.0,172.7,1.56,False,False,False,,Revenues are expected to be $170 million plus or minus $5 million,https://www.sec.gov/Archives/edgar/data/833640/000115752321001281/a52517741ex99_1.htm,XBRL first reported,False,
power_integrations,2022Q1,2022-02-03,175.0,180.0,185.0,182.1,1.19,False,False,False,,Revenues are expected to be $180 million plus or minus $5 million,https://www.sec.gov/Archives/edgar/data/833640/000115752322000147/a52573897ex99_1.htm,XBRL first reported,False,
power_integrations,2022Q2,2022-04-28,185.0,190.0,195.0,184.0,-3.17,False,True,False,,Revenues are expected to be $190 million plus or minus $5 million,https://www.sec.gov/Archives/edgar/data/833640/000115752322000499/a52701084ex99_1.htm,XBRL first reported,False,
power_integrations,2022Q4,2022-11-02,120.0,125.0,130.0,124.8,-0.18,False,False,False,,Revenues are expected to be $125 million plus or minus $5 million,https://www.sec.gov/Archives/edgar/data/833640/000115752322001481/a52959283ex99_1.htm,XBRL first reported,False,
power_integrations,2023Q1,2023-02-06,100.0,105.0,110.0,106.3,1.24,False,False,False,,Revenues are expected to be $105 million plus or minus $5 million,https://www.sec.gov/Archives/edgar/data/833640/000115752323000173/a53303740ex99_1.htm,XBRL first reported,False,
power_integrations,2023Q2,2023-05-04,117.0,122.0,127.0,123.2,1.0,False,False,False,,Revenues are expected to be $122 million plus or minus $5 million,https://www.sec.gov/Archives/edgar/data/833640/000115752323000742/a53394165ex99_1.htm,XBRL first reported,False,
power_integrations,2023Q3,2023-08-03,125.0,130.0,135.0,125.5,-3.45,False,False,False,,Revenues are expected to be $130 million plus or minus $5 million,https://www.sec.gov/Archives/edgar/data/833640/000115752323001253/a53507368ex99_1.htm,XBRL first reported,False,
power_integrations,2023Q4,2023-11-07,85.0,90.0,95.0,89.5,-0.55,False,False,False,,Revenues are expected to be $90 million plus or minus $5 million,https://www.sec.gov/Archives/edgar/data/833640/000115752323001668/a53773360ex99_1.htm,XBRL first reported,False,
power_integrations,2024Q1,2024-02-08,85.0,90.0,95.0,91.7,1.88,False,False,False,,Revenues are expected to be $90 million plus or minus $5 million,https://www.sec.gov/Archives/edgar/data/833640/000115752324000203/a53894244ex99_1.htm,XBRL first reported,False,
power_integrations,2024Q2,2024-05-07,100.0,105.0,110.0,106.2,1.14,False,False,False,,Revenues are expected to be $105 million plus or minus $5 million,https://www.sec.gov/Archives/edgar/data/833640/000083364024000105/powi-20240507xex99d1.htm,XBRL first reported,False,
power_integrations,2024Q3,2024-08-06,110.0,115.0,120.0,115.8,0.73,False,False,False,,Revenues are expected to be $115 million plus or minus $5 million,https://www.sec.gov/Archives/edgar/data/833640/000083364024000145/powi-20240806xex99d1.htm,XBRL first reported,False,
power_integrations,2024Q4,2024-11-06,100.0,105.0,110.0,105.2,0.24,False,False,False,,Revenues are expected to be $105 million plus or minus $5 million,https://www.sec.gov/Archives/edgar/data/833640/000083364024000169/powi-20241106xex99d1.htm,XBRL first reported,False,
power_integrations,2025Q1,2025-02-06,99.9875,105.25,110.5125,105.5,0.27,False,False,False,,"Revenues are expected to be flat compared to the fourth quarter of 2024, plus or minus five percent",https://www.sec.gov/Archives/edgar/data/833640/000083364025000022/powi-20250206xex99d1.htm,XBRL first reported,False,
power_integrations,2025Q2,2025-05-12,110.0,115.0,120.0,115.9,0.74,False,False,False,,"Revenues are expected to be $115 million, plus or minus $5 million",https://www.sec.gov/Archives/edgar/data/833640/000083364025000118/powi-20250512xex99d1.htm,XBRL first reported,False,
power_integrations,2025Q3,2025-08-06,113.0,118.0,123.0,118.9,0.78,False,False,False,,Revenues are expected to be in a range of $118 million plus or minus $5 million,https://www.sec.gov/Archives/edgar/data/833640/000083364025000155/powi-20250806xex99d1.htm,XBRL first reported,False,
power_integrations,2025Q4,2025-11-05,100.0,102.5,105.0,103.2,0.69,False,False,False,,Revenues are expected to be in a range of $100 million to $105 million,https://www.sec.gov/Archives/edgar/data/833640/000083364025000188/powi-20251105xex99d1.htm,XBRL first reported,False,
power_integrations,2026Q2,2026-05-07,115.0,117.5,120.0,118.9,1.22,False,False,False,,Revenue is expected to be in a range of $115 million to $120 million,https://www.sec.gov/Archives/edgar/data/833640/000083364026000076/powi-20260504xex99d1.htm,XBRL first reported,False,
semtech,2011Q1,2011-03-09,117.0,119.0,121.0,122.4,2.83,True,False,False,,Net sales are expected to be in the range of $117.0 million to $121.0 million,https://www.sec.gov/Archives/edgar/data/88941/000115752311001482/a6641490ex99-1.htm,XBRL first reported,False,
semtech,2011Q2,2011-05-25,127.0,129.0,131.0,130.3,0.97,False,False,False,,Net sales are expected to be in the range of $127.0 million to $131.0 million,https://www.sec.gov/Archives/edgar/data/88941/000115752311003380/a6738088ex991.htm,XBRL first reported,False,
semtech,2011Q3,2011-08-24,120.0,124.0,128.0,123.9,-0.05,False,False,False,,Net sales are expected to be in the range of $120.0 million to $128.0 million,https://www.sec.gov/Archives/edgar/data/88941/000115752311005184/a6840180-ex991.htm,XBRL first reported,False,
semtech,2011Q4,2011-11-30,102.0,105.0,108.0,104.0,-0.92,False,False,False,,Net sales are expected to be in the range of $102 million to $108 million,https://www.sec.gov/Archives/edgar/data/88941/000115752311007011/a50089091-ex991.htm,XBRL first reported,False,
semtech,2012Q1,2012-03-07,102.0,105.0,108.0,116.6,11.09,True,False,False,,Net sales are expected to be in the range of $102.0 million to $108.0 million,https://www.sec.gov/Archives/edgar/data/88941/000115752312001273/a50196224ex99_1.htm,XBRL first reported,False,
semtech,2012Q2,2012-05-24,146.0,150.0,154.0,150.7,0.47,False,False,False,,Net sales are expected to be in the range of $146.0 million to $154.0 million,https://www.sec.gov/Archives/edgar/data/88941/000115752312003093/a50289993ex99_1.htm,XBRL first reported,False,
semtech,2012Q3,2012-08-22,148.0,151.0,154.0,160.9,6.54,True,False,False,,Net sales are expected to be in the range of $148.0 million to $154.0 million,https://www.sec.gov/Archives/edgar/data/88941/000115752312004632/a50385233ex99_1.htm,XBRL first reported,False,
semtech,2012Q4,2012-11-28,146.0,149.0,152.0,150.6,1.08,False,False,False,,Net sales are expected to be in the range of $146.0 million to $152.0 million,https://www.sec.gov/Archives/edgar/data/88941/000115752312006215/a50491464ex99_1.htm,XBRL first reported,False,
semtech,2013Q1,2013-03-06,154.0,158.0,162.0,162.4,2.79,True,False,False,,Net sales are expected to be in the range of $154.0 million to $162.0 million,https://www.sec.gov/Archives/edgar/data/88941/000115752313001256/a50585518_ex991.htm,XBRL first reported,False,
semtech,2013Q2,2013-05-22,164.0,168.0,172.0,165.0,-1.78,False,False,False,,Net sales are expected to be in the range of $164.0 million to $172.0 million,https://www.sec.gov/Archives/edgar/data/88941/000115752313002847/a50638582ex99-1.htm,XBRL first reported,False,
semtech,2013Q3,2013-08-21,135.0,140.0,145.0,141.0,0.73,False,False,False,,Net sales are expected to be in the range of $135.0 million to $145.0 million,https://www.sec.gov/Archives/edgar/data/88941/000115752313004203/a50695250ex99-1.htm,XBRL first reported,False,
semtech,2013Q4,2013-11-18,132.0,138.0,144.0,126.5,-8.31,False,True,False,,Net sales are expected to be in the range of $132.0 million to $144.0 million,https://www.sec.gov/Archives/edgar/data/88941/000115752313005539/a50753345ex99_1.htm,XBRL first reported,False,
semtech,2014Q1,2014-03-05,127.0,130.0,133.0,132.9,2.2,False,False,False,,Net sales are expected to be in the range of $127.0 million to $133.0 million,https://www.sec.gov/Archives/edgar/data/88941/000110465914016502/a14-7486_1ex99d1.htm,XBRL first reported,False,
semtech,2014Q2,2014-05-21,138.0,142.0,146.0,145.7,2.64,False,False,False,,Net sales are expected to be in the range of $138.0 million to $146.0 million,https://www.sec.gov/Archives/edgar/data/88941/000115752314002255/a50871100ex991.htm,XBRL first reported,False,
semtech,2014Q3,2014-08-20,142.0,147.0,152.0,148.9,1.29,False,False,False,,Net sales are expected to be in the range of $142 million to $152 million,https://www.sec.gov/Archives/edgar/data/88941/000115752314003531/a50928177ex99_1.htm,XBRL first reported,False,
semtech,2014Q4,2014-11-19,128.0,130.0,132.0,130.4,0.3,False,False,False,,Net sales are expected to be in the range of $128.0 million to $132.0 million,https://www.sec.gov/Archives/edgar/data/88941/000115752314004621/a50987909_ex991.htm,XBRL first reported,False,
semtech,2015Q1,2015-03-04,130.0,133.0,136.0,130.1,-2.19,False,False,False,,Net sales are expected to be in the range of $130 million to $136 million,https://www.sec.gov/Archives/edgar/data/88941/000115752315000830/a51052638ex99_1.htm,XBRL first reported,False,
semtech,2015Q2,2015-05-27,120.0,125.0,130.0,125.7,0.57,False,False,False,,Net sales are expected to be in the range of $120 million to $130 million,https://www.sec.gov/Archives/edgar/data/88941/000115752315001915/a51111418ex991.htm,XBRL first reported,False,
semtech,2015Q3,2015-08-19,110.0,115.0,120.0,115.8,0.7,False,False,False,,Net sales are expected to be in the range of $110 million to $120 million,https://www.sec.gov/Archives/edgar/data/88941/000115752315002958/a51166231ex99_1.htm,XBRL first reported,False,
semtech,2015Q4,2015-11-18,113.0,116.0,119.0,118.6,2.25,False,False,False,,Net sales are expected to be in the range of $113 million to $119 million,https://www.sec.gov/Archives/edgar/data/88941/000115752315003893/a51227862ex99_1.htm,XBRL first reported,False,
semtech,2016Q1,2016-03-02,124.0,128.0,132.0,131.1,2.46,False,False,False,,Net sales are expected to be in the range of $124 million to $132 million,https://www.sec.gov/Archives/edgar/data/88941/000115752316004814/a51292557ex99_1.htm,XBRL first reported,False,
semtech,2016Q2,2016-06-01,130.0,135.0,140.0,135.9,0.67,False,False,False,,Net sales are expected to be in the range of $130 million to $140 million,https://www.sec.gov/Archives/edgar/data/88941/000117184316010419/exh_991.htm,XBRL first reported,False,
semtech,2016Q3,2016-08-31,134.0,138.0,142.0,137.2,-0.59,False,False,False,,Net sales are expected to be in the range of $134 million to $142 million,https://www.sec.gov/Archives/edgar/data/88941/000117184316012020/exh_991.htm,XBRL first reported,False,
semtech,2016Q4,2016-11-30,133.2,137.2,141.2,140.0,2.06,False,False,False,,Net sales are expected to be in the range of $133.2 million to $141.2 million,https://www.sec.gov/Archives/edgar/data/88941/000117184316013443/exh_991.htm,XBRL first reported,False,
semtech,2017Q1,2017-03-08,138.0,142.0,146.0,143.8,1.27,False,False,False,,Net sales are expected to be in the range of $138.0 million to $146.0 million,https://www.sec.gov/Archives/edgar/data/88941/000117184317001358/exh_991.htm,XBRL first reported,False,
semtech,2017Q2,2017-05-31,147.0,152.0,157.0,153.1,0.74,False,False,False,,Net sales are expected to be in the range of $147.0 million to $157.0 million,https://www.sec.gov/Archives/edgar/data/88941/000117184317003404/exh_991.htm,XBRL first reported,False,
semtech,2017Q3,2017-08-30,145.0,149.0,153.0,150.3,0.88,False,False,False,,Net sales are expected to be in the range of $145.0 million to $153.0 million,https://www.sec.gov/Archives/edgar/data/88941/000117184317005304/exh_991.htm,XBRL first reported,False,
semtech,2017Q4,2017-11-29,131.5,133.5,135.5,140.6,5.33,True,False,False,,Net sales are expected to be in the range of $131.5 million to $135.5 million,https://www.sec.gov/Archives/edgar/data/88941/000117184317007347/exh_991.htm,XBRL first reported,False,
semtech,2018Q1,2018-03-14,144.3,147.3,150.3,130.4,-11.45,False,True,False,,Net sales are expected to be in the range of $144.3 million to $150.3 million,https://www.sec.gov/Archives/edgar/data/88941/000117184318001954/exh_991.htm,XBRL first reported,False,
semtech,2018Q2,2018-05-30,155.0,161.0,167.0,163.2,1.37,False,False,False,,Net sales are expected to be in the range of $155.0 million to $167.0 million,https://www.sec.gov/Archives/edgar/data/88941/000117184318004286/exh_991.htm,XBRL first reported,False,
semtech,2018Q3,2018-08-29,168.0,173.0,178.0,173.6,0.32,False,False,False,,Net sales are expected to be in the range of $168.0 million to $178.0 million,https://www.sec.gov/Archives/edgar/data/88941/000115752318001884/a51859369ex99_1.htm,XBRL first reported,False,
semtech,2018Q4,2018-11-28,155.0,160.0,165.0,160.0,0.0,False,False,False,,Net sales are expected to be in the range of $155.0 million to $165.0 million,https://www.sec.gov/Archives/edgar/data/88941/000115752318002486/a51906173ex99_1.htm,XBRL first reported,False,
semtech,2019Q1,2019-03-13,125.0,130.0,135.0,131.4,1.04,False,False,False,,Net sales are expected to be in the range of $125.0 million to $135.0 million,https://www.sec.gov/Archives/edgar/data/88941/000115752319000599/a51954373ex99_1.htm,XBRL first reported,False,
semtech,2019Q2,2019-05-29,128.0,135.0,142.0,137.1,1.59,False,False,False,,Net sales are expected to be in the range of $128.0 million to $142.0 million,https://www.sec.gov/Archives/edgar/data/88941/000115752319001317/a51991622_ex991.htm,XBRL first reported,False,
semtech,2019Q3,2019-08-28,135.0,140.0,145.0,141.0,0.72,False,False,False,,Net sales are expected to be in the range of $135.0 million to $145.0 million,https://www.sec.gov/Archives/edgar/data/88941/000115752319001921/a52085285ex99_1.htm,XBRL first reported,False,
semtech,2019Q4,2019-12-04,130.0,135.0,140.0,138.0,2.22,False,False,False,,Net sales are expected to be in the range of $130.0 million to $140.0 million,https://www.sec.gov/Archives/edgar/data/88941/000115752319002320/a52140129ex99_1.htm,XBRL first reported,False,
semtech,2020Q1,2020-03-11,125.0,130.0,135.0,132.7,2.08,False,False,False,,Net sales are expected to be in the range of $125.0 million to $135.0 million,https://www.sec.gov/Archives/edgar/data/88941/000115752320000333/a52187745ex99_1.htm,XBRL first reported,False,
semtech,2020Q2,2020-05-27,138.0,142.0,146.0,143.7,1.17,False,False,False,,Net sales are expected to be in the range of $138.0 million to $146.0 million,https://www.sec.gov/Archives/edgar/data/88941/000115752320000817/a52226622ex99_1.htm,XBRL first reported,False,
semtech,2020Q3,2020-08-26,145.0,150.0,155.0,154.1,2.72,False,False,False,,Net sales are expected to be in the range of $145.0 million to $155.0 million,https://www.sec.gov/Archives/edgar/data/88941/000115752320001209/a52273808ex99_1.htm,XBRL first reported,False,
semtech,2020Q4,2020-12-02,153.0,158.0,163.0,164.7,4.22,True,False,False,,Net sales are expected to be in the range of $153.0 million to $163.0 million,https://www.sec.gov/Archives/edgar/data/88941/000115752320001557/a52341623ex99_1.htm,XBRL first reported,False,
semtech,2021Q1,2021-03-17,164.0,168.0,172.0,170.4,1.41,False,False,False,,Net sales are expected to be in the range of $164.0 million to $172.0 million,https://www.sec.gov/Archives/edgar/data/88941/000115752321000354/a52397541ex99_1.htm,XBRL first reported,False,
semtech,2021Q2,2021-06-02,177.0,182.0,187.0,185.0,1.65,False,False,False,,Net sales are expected to be in the range of $177.0 million to $187.0 million,https://www.sec.gov/Archives/edgar/data/88941/000115752321000733/a52439339ex991.htm,XBRL first reported,False,
semtech,2021Q3,2021-09-01,188.0,193.0,198.0,194.9,1.0,False,False,False,,Net sales are expected to be in the range of $188.0 million to $198.0 million,https://www.sec.gov/Archives/edgar/data/88941/000115752321001111/a52485142ex991.htm,XBRL first reported,False,
semtech,2021Q4,2021-12-01,184.0,189.0,194.0,190.6,0.82,False,False,False,,Net sales are expected to be in the range of $184.0 million to $194.0 million,https://www.sec.gov/Archives/edgar/data/88941/000115752321001466/a52543540ex99_1.htm,XBRL first reported,False,
semtech,2022Q1,2022-03-16,195.0,200.0,205.0,202.1,1.07,False,False,False,,Net sales are expected to be in the range of $195.0 million to $205.0 million,https://www.sec.gov/Archives/edgar/data/88941/000008894122000005/smtc-01302022x8k991.htm,XBRL first reported,False,
semtech,2022Q2,2022-06-01,203.0,208.0,213.0,209.3,0.6,False,False,False,,Net sales are expected to be in the range of $203.0 million to $213.0 million,https://www.sec.gov/Archives/edgar/data/88941/000008894122000012/smtc-05012022x8k991.htm,XBRL first reported,False,
semtech,2022Q3,2022-08-31,170.0,175.0,180.0,177.6,1.5,False,False,False,,Net sales are expected to be in the range of $170.0 million to $180.0 million,https://www.sec.gov/Archives/edgar/data/88941/000008894122000016/smtc-07312022x8k991.htm,XBRL first reported,False,
semtech,2022Q4,2022-11-30,145.0,150.0,155.0,167.5,11.67,True,False,False,,Net sales are expected to be in the range of $145.0 million to $155.0 million,https://www.sec.gov/Archives/edgar/data/88941/000008894122000022/smtc-10302022x8k991.htm,XBRL first reported,False,
semtech,2023Q1,2023-03-29,230.0,235.0,240.0,236.5,0.65,False,False,False,,Net sales are expected to be in the range of $230.0 million to $240.0 million,https://www.sec.gov/Archives/edgar/data/88941/000008894123000003/smtc-01292023x8k991.htm,XBRL first reported,False,
semtech,2023Q2,2023-06-07,233.0,238.0,243.0,238.4,0.16,False,False,False,,Net sales are expected to be in the range of $233.0 million to $243.0 million,https://www.sec.gov/Archives/edgar/data/88941/000008894123000015/smtc-04302023x8k991.htm,XBRL first reported,False,
semtech,2023Q3,2023-09-13,190.0,200.0,210.0,200.9,0.45,False,False,False,,Net sales are expected to be in the range of $190.0 million to $210.0 million,https://www.sec.gov/Archives/edgar/data/88941/000008894123000021/smtc-07302023x8k991.htm,XBRL first reported,False,
semtech,2023Q4,2023-12-06,180.0,190.0,200.0,192.9,1.55,False,False,False,,Net sales $ 190.0 +/- $10.0,https://www.sec.gov/Archives/edgar/data/88941/000008894123000028/smtc-10292023x8k991.htm,XBRL first reported,False,
semtech,2024Q1,2024-03-28,195.0,200.0,205.0,206.1,3.05,True,False,False,,Net sales $ 200.0 +/- $5.0,https://www.sec.gov/Archives/edgar/data/88941/000008894124000029/smtc-01282024x8k991.htm,XBRL first reported,False,
semtech,2024Q2,2024-06-05,207.0,212.0,217.0,215.4,1.58,False,False,False,,Net sales $ 212.0 +/- $5.0,https://www.sec.gov/Archives/edgar/data/88941/000008894124000064/smtc-04282024x8k991.htm,XBRL first reported,False,
semtech,2024Q3,2024-08-27,228.0,233.0,238.0,236.8,1.64,False,False,False,,Net sales $ 233.0 +/- $5.0,https://www.sec.gov/Archives/edgar/data/88941/000008894124000117/smtc-07282024x8k991.htm,XBRL first reported,False,
semtech,2024Q4,2024-11-25,245.0,250.0,255.0,251.0,0.4,False,False,False,,Net sales $ 250.0 +/- $5.0,https://www.sec.gov/Archives/edgar/data/88941/000008894124000126/smtc-10272024x8k991.htm,XBRL first reported,False,
semtech,2025Q1,2025-03-13,245.0,250.0,255.0,251.1,0.42,False,False,False,,Net sales $ 250.0 +/- $5.0,https://www.sec.gov/Archives/edgar/data/88941/000008894125000062/smtc-01262025x8k991.htm,XBRL first reported,False,
semtech,2025Q2,2025-05-27,251.0,256.0,261.0,257.6,0.62,False,False,False,,Net sales $ 256.0 +/- $5.0,https://www.sec.gov/Archives/edgar/data/88941/000008894125000098/smtc-04272025x8k991.htm,XBRL first reported,False,
semtech,2025Q3,2025-08-25,261.0,266.0,271.0,267.0,0.37,False,False,False,,Net sales $ 266.0 +/- $5.0,https://www.sec.gov/Archives/edgar/data/88941/000008894125000158/smtc-07272025x8k991.htm,XBRL first reported,False,
semtech,2025Q4,2025-11-24,268.0,273.0,278.0,274.4,0.5,False,False,False,,Net sales $ 273.0 +/- $5.0,https://www.sec.gov/Archives/edgar/data/88941/000008894125000163/smtc-10262025x8k991.htm,XBRL first reported,False,
semtech,2026Q1,2026-03-16,278.0,283.0,288.0,291.0,2.83,True,False,False,,Net sales $ 283.0 +/- $5.0,https://www.sec.gov/Archives/edgar/data/88941/000008894126000003/smtc-01252026x8k991.htm,XBRL first reported,False,
silabs,2012Q1,2012-01-25,120.0,122.5,125.0,125.7,2.61,True,False,False,,expects revenue for the first quarter to be in the range of $120 million to $125 million,https://www.sec.gov/Archives/edgar/data/1038074/000110465912003754/a12-3283_1ex99.htm,XBRL first reported,False,
silabs,2012Q4,2012-10-24,145.0,147.5,150.0,152.5,3.36,True,False,False,,expects revenue for the fourth quarter to be in the range of $145 to $150 million,https://www.sec.gov/Archives/edgar/data/1038074/000110465912070687/a12-24729_1ex99.htm,XBRL first reported,False,
silabs,2013Q2,2013-04-24,140.0,143.0,146.0,141.5,-1.02,False,False,False,,expects revenue for the second quarter to be $140 to $146 million,https://www.sec.gov/Archives/edgar/data/1038074/000110465913031944/a13-10499_1ex99.htm,XBRL first reported,False,
silabs,2013Q3,2013-07-25,144.0,146.5,149.0,146.9,0.3,False,False,False,,expects revenue for the third quarter to be in the range of $144 to $149 million,https://www.sec.gov/Archives/edgar/data/1038074/000110465913056476/a13-16938_1ex99.htm,XBRL first reported,False,
silabs,2013Q4,2013-10-24,140.0,142.5,145.0,146.2,2.62,True,False,False,,expects revenue for the fourth quarter to be in the range of $140 million to $145 million,https://www.sec.gov/Archives/edgar/data/1038074/000110465913077471/a13-22652_1ex99.htm,XBRL first reported,False,
silabs,2014Q1,2014-01-29,142.0,144.0,146.0,145.7,1.17,False,False,False,,expects revenue in the first quarter to be in the range of $142 million to $146 million,https://www.sec.gov/Archives/edgar/data/1038074/000110465914004695/a14-4404_1ex99.htm,XBRL first reported,False,
silabs,2014Q2,2014-04-29,147.0,149.0,151.0,154.9,3.97,True,False,False,,expects revenue in the second quarter to be in the range of $147 million to $151 million,https://www.sec.gov/Archives/edgar/data/1038074/000110465914031534/a14-11093_1ex99.htm,XBRL first reported,False,
silabs,2014Q3,2014-07-25,153.0,155.0,157.0,158.1,2.03,True,False,False,,expects revenue in the third quarter to be in the range of $153 million to $157 million,https://www.sec.gov/Archives/edgar/data/1038074/000110465914053426/a14-17525_1ex99.htm,XBRL first reported,False,
silabs,2014Q4,2014-10-23,155.0,158.0,161.0,162.0,2.5,True,False,False,,expects revenue in the fourth quarter to be in the range of $155 million to $161 million,https://www.sec.gov/Archives/edgar/data/1038074/000110465914073207/a14-22733_1ex99.htm,XBRL first reported,False,
silabs,2015Q1,2015-02-04,156.0,159.0,162.0,163.7,2.96,True,False,False,,expects revenue in the first quarter to be in the range of $156 million to $162 million,https://www.sec.gov/Archives/edgar/data/1038074/000110465915006485/a15-3444_1ex99.htm,XBRL first reported,False,
silabs,2015Q2,2015-04-29,164.0,166.5,169.0,164.9,-0.99,False,False,False,,expects revenue in the second quarter to be in the range of $164 million to $169 million,https://www.sec.gov/Archives/edgar/data/1038074/000110465915031276/a15-10048_1ex99.htm,XBRL first reported,False,
silabs,2015Q3,2015-07-29,151.0,153.5,156.0,156.2,1.76,True,False,False,,expects revenue in the third quarter to be in the range of $151 million to $156 million,https://www.sec.gov/Archives/edgar/data/1038074/000110465915054042/a15-16368_1ex99.htm,XBRL first reported,False,
silabs,2015Q4,2015-10-28,156.0,158.5,161.0,160.1,0.99,False,False,False,,expects revenue in the fourth quarter to be in the range of $156 million to $161 million,https://www.sec.gov/Archives/edgar/data/1038074/000110465915073289/a15-21707_1ex99.htm,XBRL first reported,False,
silabs,2016Q1,2016-02-03,157.0,159.5,162.0,162.0,1.58,True,False,False,,expects revenue in the first quarter to be in the range of $157 million to $162 million,https://www.sec.gov/Archives/edgar/data/1038074/000110465916093400/a16-3304_1ex99.htm,XBRL first reported,False,
silabs,2016Q2,2016-04-27,168.0,170.5,173.0,174.9,2.59,True,False,False,,expects revenue in the second quarter to be in the range of $168 million to $173 million,https://www.sec.gov/Archives/edgar/data/1038074/000110465916114421/a16-9362_1ex99.htm,XBRL first reported,False,
silabs,2016Q3,2016-07-27,171.0,173.5,176.0,178.1,2.64,True,False,False,,expects revenue in the third quarter to be in the range of $171 million to $176 million,https://www.sec.gov/Archives/edgar/data/1038074/000110465916134479/a16-15528_1ex99.htm,XBRL first reported,False,
silabs,2016Q4,2016-10-26,176.0,178.5,181.0,182.6,2.3,True,False,False,,expects revenue in the fourth quarter to be in the range of $176 million to $181 million,https://www.sec.gov/Archives/edgar/data/1038074/000110465916152080/a16-20338_1ex99.htm,XBRL first reported,False,
silabs,2017Q1,2017-02-01,174.0,176.5,179.0,179.0,1.43,True,False,False,,expects revenue in the first quarter to be in the range of $174 million to $179 million,https://www.sec.gov/Archives/edgar/data/1038074/000110465917005637/a17-3473_1ex99.htm,XBRL first reported,False,
silabs,2017Q2,2017-04-26,184.0,186.5,189.0,190.1,1.93,True,False,False,,expects revenue in the second quarter to be in the range of $184 million to $189 million,https://www.sec.gov/Archives/edgar/data/1038074/000110465917026131/a17-11685_2ex99.htm,XBRL first reported,False,
silabs,2017Q3,2017-07-26,193.0,196.0,199.0,198.7,1.39,False,False,False,,expects revenue in the third quarter to be in the range of $193 million to $199 million,https://www.sec.gov/Archives/edgar/data/1038074/000110465917046950/a17-18363_1ex99.htm,XBRL first reported,False,
silabs,2017Q4,2017-10-25,195.0,198.0,201.0,201.0,1.52,True,False,False,,expects revenue in the fourth quarter to be in the range of $195 million to $201 million,https://www.sec.gov/Archives/edgar/data/1038074/000110465917063649/a17-24343_1ex99.htm,XBRL first reported,False,
silabs,2018Q1,2018-01-31,196.0,199.0,202.0,205.4,3.21,True,False,False,,expects revenue in the first quarter to be in the range of $196 million to $202 million,https://www.sec.gov/Archives/edgar/data/1038074/000110465918005289/a18-3958_1ex99.htm,XBRL first reported,False,
silabs,2018Q2,2018-04-25,211.0,214.0,217.0,217.1,1.45,True,False,False,,expects revenue in the second quarter to be in the range of $211 million to $217 million,https://www.sec.gov/Archives/edgar/data/1038074/000110465918026391/a18-12040_1ex99.htm,XBRL first reported,False,
silabs,2018Q3,2018-07-25,224.0,227.0,230.0,230.2,1.43,True,False,False,,expects revenue in the third quarter to be in the range of $224 to $230 million,https://www.sec.gov/Archives/edgar/data/1038074/000110465918046832/a18-17597_1ex99.htm,XBRL first reported,False,
silabs,2018Q4,2018-10-24,221.0,224.0,227.0,215.5,-3.78,False,True,False,,expects revenue in the fourth quarter to be in the range of $221 to $227 million,https://www.sec.gov/Archives/edgar/data/1038074/000110465918063586/a18-37050_1ex99.htm,XBRL first reported,False,
silabs,2019Q1,2019-01-30,183.0,188.0,193.0,188.1,0.06,False,False,False,,expects first quarter revenue to be in the range of $183 to $193 million,https://www.sec.gov/Archives/edgar/data/1038074/000110465919004297/a19-3605_1ex99.htm,XBRL first reported,False,
silabs,2019Q2,2019-04-24,202.0,207.0,212.0,206.7,-0.14,False,False,False,,expects second quarter revenue to be in the range of $202 to $212 million,https://www.sec.gov/Archives/edgar/data/1038074/000110465919023252/a19-8693_1ex99.htm,XBRL first reported,False,
silabs,2019Q3,2019-07-24,213.0,218.0,223.0,223.3,2.43,True,False,False,,expects third quarter revenue to be in the range of $213 to $223 million,https://www.sec.gov/Archives/edgar/data/1038074/000110465919041523/a19-13176_1ex99.htm,XBRL first reported,False,
silabs,2019Q4,2019-10-23,217.0,222.0,227.0,219.4,-1.15,False,False,False,,expects fourth quarter revenue to be in the range of $217 to $227 million,https://www.sec.gov/Archives/edgar/data/1038074/000110465919055691/tm19206891_ex99.htm,XBRL first reported,False,
silabs,2020Q1,2020-01-29,209.0,214.0,219.0,214.9,0.41,False,False,False,,expects first quarter revenue to be in the range of $209 to $219 million,https://www.sec.gov/Archives/edgar/data/1038074/000110465920007847/tm205667d2_ex99.htm,XBRL first reported,False,
silabs,2020Q2,2020-04-29,190.0,200.0,210.0,207.5,3.77,False,False,False,,expects second quarter revenue to be in the range of $190 to $210 million,https://www.sec.gov/Archives/edgar/data/1038074/000110465920052829/tm2017819d1_ex99.htm,XBRL first reported,False,
silabs,2020Q3,2020-07-29,208.0,213.0,218.0,221.3,3.92,True,False,False,,expects third quarter revenue to be in the range of $208 to $218 million,https://www.sec.gov/Archives/edgar/data/1038074/000110465920087612/tm2025841d1_ex99.htm,XBRL first reported,False,
silabs,2020Q4,2020-10-28,221.0,226.0,231.0,242.9,7.49,True,False,False,,expects fourth quarter revenue to be in the range of $221 to $231 million,https://www.sec.gov/Archives/edgar/data/1038074/000110465920118745/tm2034334d1_ex99.htm,XBRL first reported,False,
silabs,2021Q1,2021-02-03,237.0,242.0,247.0,255.5,5.58,True,False,False,,expects first quarter revenue to be in the range of $237 to $247 million,https://www.sec.gov/Archives/edgar/data/1038074/000110465921011250/tm214455d3_ex99.htm,XBRL first reported,False,
silabs,2021Q2,2021-04-28,262.0,267.0,272.0,169.5,-36.52,False,True,True,,expects second quarter revenue to be in the range of $262 to $272 million,https://www.sec.gov/Archives/edgar/data/1038074/000110465921056004/tm2111718d2_ex99.htm,XBRL first reported,True,"I&A business sold to Skyworks (closed 26 Jul 2021): Apr-2021 guide was total company, the first-reported actual is continuing operations"
silabs,2021Q4,2021-10-27,195.0,200.0,205.0,111.0,-44.48,False,True,True,,expects fourth quarter revenue to be in the range of $195 to $205 million,https://www.sec.gov/Archives/edgar/data/1038074/000110465921130288/tm2130944d1_ex99.htm,XBRL first reported,True,Q4 = FY - 9M mixes the continuing-ops 10-K with total-company first-reported quarters -> meaningless (111 vs a $200m guide)
silabs,2022Q1,2022-02-02,220.0,225.0,230.0,233.8,3.92,True,False,False,,expects first quarter revenue to be in the range of $220 to $230 million,https://www.sec.gov/Archives/edgar/data/1038074/000110465922010616/tm221261d3_ex99.htm,XBRL first reported,False,
silabs,2022Q2,2022-04-27,245.0,250.0,255.0,263.1,5.26,True,False,False,,expects second quarter revenue to be in the range of $245 to $255 million,https://www.sec.gov/Archives/edgar/data/1038074/000110465922050683/tm2213479d1_ex99.htm,XBRL first reported,False,
silabs,2022Q3,2022-07-27,265.0,270.0,275.0,269.8,-0.07,False,False,False,,expects third-quarter revenue to be in the range of $265 to $275 million,https://www.sec.gov/Archives/edgar/data/1038074/000110465922082968/tm2221739d1_ex99.htm,XBRL first reported,False,
silabs,2022Q4,2022-10-26,245.0,250.0,255.0,257.3,2.93,True,False,False,,expects fourth-quarter revenue to be between $245 to $255 million,https://www.sec.gov/Archives/edgar/data/1038074/000110465922111348/tm2228840d1_ex99.htm,XBRL first reported,False,
silabs,2023Q1,2023-02-01,242.0,247.0,252.0,246.8,-0.09,False,False,False,,expects first-quarter revenue to be between $242 to $252 million,https://www.sec.gov/Archives/edgar/data/1038074/000110465923008980/tm235023d1_ex99.htm,XBRL first reported,False,
silabs,2023Q2,2023-04-26,238.0,243.0,248.0,244.9,0.77,False,False,False,,expects second-quarter revenue to be between $238 to $248 million,https://www.sec.gov/Archives/edgar/data/1038074/000110465923049938/tm2313328d3_ex99.htm,XBRL first reported,False,
silabs,2023Q3,2023-07-26,190.0,200.0,210.0,203.8,1.88,False,False,False,,expects third-quarter revenue to be between $190 to $210 million,https://www.sec.gov/Archives/edgar/data/1038074/000110465923084035/tm2316678d2_ex99.htm,XBRL first reported,False,
silabs,2023Q4,2023-11-01,70.0,85.0,100.0,86.8,2.17,False,False,False,,expects fourth-quarter revenue to be between $70 to $100 million,https://www.sec.gov/Archives/edgar/data/1038074/000110465923113140/tm2329431d1_ex99.htm,XBRL first reported,False,
silabs,2024Q1,2024-02-07,100.0,105.0,110.0,106.4,1.31,False,False,False,,expects first-quarter revenue to be between $100 to $110 million,https://www.sec.gov/Archives/edgar/data/1038074/000110465924011383/tm245270d1_ex99.htm,XBRL first reported,False,
silabs,2024Q2,2024-04-24,135.0,140.0,145.0,145.4,3.83,True,False,False,,expects second-quarter revenue to be between $135 to $145 million,https://www.sec.gov/Archives/edgar/data/1038074/000162828024017527/slab-20240424q1earningsrel.htm,XBRL first reported,False,
silabs,2024Q3,2024-07-24,160.0,165.0,170.0,166.4,0.85,False,False,False,,expects third-quarter revenue to be between $160 to $170 million,https://www.sec.gov/Archives/edgar/data/1038074/000162828024032692/slab-20240724q2earningsrel.htm,XBRL first reported,False,
silabs,2024Q4,2024-11-04,161.0,166.0,171.0,166.2,0.15,False,False,False,,expects fourth-quarter revenue to be between $161 to $171 million,https://www.sec.gov/Archives/edgar/data/1038074/000162828024045001/slab-20241104q3earningsrel.htm,XBRL first reported,False,
silabs,2025Q1,2025-02-04,170.0,177.5,185.0,177.7,0.12,False,False,False,,expects first-quarter revenue to be between $170 to $185 million,https://www.sec.gov/Archives/edgar/data/1038074/000103807425000002/slab-20250204q4earningsrel.htm,XBRL first reported,False,
silabs,2025Q2,2025-05-13,185.0,192.5,200.0,192.8,0.18,False,False,False,,expects second-quarter revenue to be between $185 to $200 million,https://www.sec.gov/Archives/edgar/data/1038074/000103807425000007/slab-20250513q1earningsrel.htm,XBRL first reported,False,
silabs,2025Q3,2025-08-05,200.0,205.0,210.0,206.0,0.49,False,False,False,,expects third-quarter revenue to be between $200 to $210 million,https://www.sec.gov/Archives/edgar/data/1038074/000103807425000012/slab-20250805q2earningsrel.htm,XBRL first reported,False,
silabs,2025Q4,2025-11-04,200.0,207.5,215.0,208.2,0.34,False,False,False,,expects fourth-quarter revenue to be between $200 to $215 million,https://www.sec.gov/Archives/edgar/data/1038074/000103807425000021/slab-20251104q3earningsrel.htm,XBRL first reported,False,
ti,2011Q1,2011-01-24,3270.0,3410.0,3550.0,3392.0,-0.53,False,False,False,,TI expects: Ÿ Revenue: $3.27 – 3.55 billion,https://www.sec.gov/Archives/edgar/data/97476/000009747611000003/exhibit01242011.htm,XBRL first reported,False,
ti,2011Q2,2011-04-18,3410.0,3550.0,3690.0,3458.0,-2.59,False,False,False,,TI expects: Ÿ Revenue: $3.41 – 3.69 billion,https://www.sec.gov/Archives/edgar/data/97476/000009747611000016/exhibit04182011.htm,XBRL first reported,False,
ti,2011Q3,2011-07-25,3400.0,3550.0,3700.0,3466.0,-2.37,False,False,False,,TI expects: Ÿ Revenue: $3.40 – 3.70 billion,https://www.sec.gov/Archives/edgar/data/97476/000009747611000025/newsrelease07252011.htm,XBRL first reported,False,
ti,2011Q4,2011-10-24,3260.0,3400.0,3540.0,3419.0,0.56,False,False,False,,TI expects: Ÿ Revenue: $3.26 – 3.54 billion,https://www.sec.gov/Archives/edgar/data/97476/000009747611000052/dnewsrelease10242011.htm,XBRL first reported,False,
ti,2012Q1,2012-01-23,3020.0,3150.0,3280.0,3121.0,-0.92,False,False,False,,TI expects: Ÿ Revenue: $3.02 – 3.28 billion,https://www.sec.gov/Archives/edgar/data/97476/000009747612000004/newsrelease1232012.htm,XBRL first reported,False,
ti,2012Q2,2012-04-23,3220.0,3350.0,3480.0,3335.0,-0.45,False,False,False,,TI expects: Ÿ Revenue: $3.22 – 3.48 billion,https://www.sec.gov/Archives/edgar/data/97476/000009747612000022/newsrelease.htm,XBRL first reported,False,
ti,2012Q3,2012-07-23,3210.0,3340.0,3470.0,3390.0,1.5,False,False,False,,TI expects: Ÿ Revenue: $3.21 – 3.47 billion,https://www.sec.gov/Archives/edgar/data/97476/000009747612000039/newsrelease07231012.htm,XBRL first reported,False,
ti,2012Q4,2012-10-22,2830.0,2950.0,3070.0,2979.0,0.98,False,False,False,,TI expects: Ÿ Revenue: $2.83 – 3.07 billion,https://www.sec.gov/Archives/edgar/data/97476/000009747612000051/dnewsrelease10222012.htm,XBRL first reported,False,
ti,2013Q1,2013-01-22,2690.0,2800.0,2910.0,2885.0,3.04,False,False,False,,TI expects: Revenue: $2.69 – 2.91 billion,https://www.sec.gov/Archives/edgar/data/97476/000009747613000005/newsrelease01222013.htm,XBRL first reported,False,
ti,2013Q2,2013-04-22,2930.0,3050.0,3170.0,3047.0,-0.1,False,False,False,,TI expects: Ÿ Revenue: $2.93 – 3.17 billion,https://www.sec.gov/Archives/edgar/data/97476/000009747613000022/newsrelease04222013.htm,XBRL first reported,False,
ti,2013Q3,2013-07-22,3090.0,3220.0,3350.0,3244.0,0.75,False,False,False,,TI expects: Ÿ Revenue: $3.09 – 3.35 billion,https://www.sec.gov/Archives/edgar/data/97476/000009747613000040/dnewsrelease07222013.htm,XBRL first reported,False,
ti,2013Q4,2013-10-21,2860.0,2980.0,3100.0,3029.0,1.64,False,False,False,,TI expects: Ÿ Revenue: $2.86 – 3.10 billion,https://www.sec.gov/Archives/edgar/data/97476/000009747613000053/release10212013.htm,XBRL first reported,False,
ti,2014Q1,2014-01-21,2830.0,2950.0,3070.0,2983.0,1.12,False,False,False,,outlook for the first quarter of 2014 is for revenue in the range of $2.83 billion to $3.07 billion,https://www.sec.gov/Archives/edgar/data/97476/000009747614000004/dnewsrelease01212014.htm,XBRL first reported,False,
ti,2014Q2,2014-04-23,3140.0,3270.0,3400.0,3292.0,0.67,False,False,False,,outlook for the second quarter of 2014 is for revenue in the range of $3.14 billion to $3.40 billion,https://www.sec.gov/Archives/edgar/data/97476/000009747614000013/dnewsrelease04232014.htm,XBRL first reported,False,
ti,2014Q3,2014-07-21,3310.0,3450.0,3590.0,3501.0,1.48,False,False,False,,outlook for the third quarter of 2014 is for revenue in the range of $3.31 billion to $3.59 billion,https://www.sec.gov/Archives/edgar/data/97476/000119312514274292/d761866dex99.htm,XBRL first reported,False,
ti,2014Q4,2014-10-20,3130.0,3260.0,3390.0,3269.0,0.28,False,False,False,,outlook for the fourth quarter of 2014 is for revenue in the range of $3.13 billion to $3.39 billion,https://www.sec.gov/Archives/edgar/data/97476/000119312514376373/d807109dex99.htm,XBRL first reported,False,
ti,2015Q1,2015-01-26,3070.0,3200.0,3330.0,3150.0,-1.56,False,False,False,,outlook for the first quarter of 2015 is for revenue in the range of $3.07 billion to $3.33 billion,https://www.sec.gov/Archives/edgar/data/97476/000119312515020432/d857853dex99.htm,XBRL first reported,False,
ti,2015Q3,2015-07-22,3150.0,3280.0,3410.0,3429.0,4.54,True,False,False,,outlook is for revenue in the range of $3.15 billion to $3.41 billion,https://www.sec.gov/Archives/edgar/data/97476/000156459015005579/txn-ex99_51.htm,XBRL first reported,False,
ti,2015Q4,2015-10-21,3070.0,3200.0,3330.0,3189.0,-0.34,False,False,False,,outlook is for revenue in the range of $3.07 billion to $3.33 billion,https://www.sec.gov/Archives/edgar/data/97476/000156459015008524/txn-ex99_16.htm,XBRL first reported,False,
ti,2016Q1,2016-01-27,2850.0,2970.0,3090.0,3008.0,1.28,False,False,False,,outlook is for revenue in the range of $2.85 billion to $3.09 billion,https://www.sec.gov/Archives/edgar/data/97476/000156459016012036/txn-ex99_31.htm,XBRL first reported,False,
ti,2016Q2,2016-04-27,3070.0,3200.0,3330.0,3273.0,2.28,False,False,False,,outlook is for revenue in the range of $3.07 billion to $3.33 billion,https://www.sec.gov/Archives/edgar/data/97476/000156459016016781/txn-ex99_29.htm,XBRL first reported,False,
ti,2016Q3,2016-07-25,3340.0,3480.0,3620.0,3675.0,5.6,True,False,False,,outlook is for revenue in the range of $3.34 billion to $3.62 billion,https://www.sec.gov/Archives/edgar/data/97476/000156459016021402/txn-ex99_16.htm,XBRL first reported,False,
ti,2016Q4,2016-10-26,3170.0,3300.0,3430.0,3414.0,3.45,False,False,False,,outlook is for revenue in the range of $3.17 billion to $3.43 billion,https://www.sec.gov/Archives/edgar/data/97476/000156459016026227/txn-ex99_24.htm,XBRL first reported,False,
ti,2017Q1,2017-01-24,3170.0,3300.0,3430.0,3402.0,3.09,False,False,False,,outlook is for revenue in the range of $3.17 billion to $3.43 billion,https://www.sec.gov/Archives/edgar/data/97476/000156459017000557/txn-ex99_6.htm,XBRL first reported,False,
ti,2017Q2,2017-04-25,3400.0,3550.0,3700.0,3693.0,4.03,False,False,False,,outlook is for revenue in the range of $3.40 billion to $3.70 billion,https://www.sec.gov/Archives/edgar/data/97476/000156459017007157/txn-ex99_15.htm,XBRL first reported,False,
ti,2017Q3,2017-07-25,3740.0,3900.0,4059.9999999999995,4116.0,5.54,True,False,False,,outlook is for revenue in the range of $3.74 billion to $4.06 billion,https://www.sec.gov/Archives/edgar/data/97476/000156459017013942/txn-ex99_6.htm,XBRL first reported,False,
ti,2017Q4,2017-10-24,3570.0,3720.0,3870.0,3750.0,0.81,False,False,False,,outlook is for revenue in the range of $3.57 billion to $3.87 billion,https://www.sec.gov/Archives/edgar/data/97476/000156459017019876/txn-ex99_6.htm,XBRL first reported,False,
ti,2018Q1,2018-01-23,3490.0,3640.0,3790.0,3789.0,4.09,False,False,False,,outlook is for revenue in the range of $3.49 billion to $3.79 billion,https://www.sec.gov/Archives/edgar/data/97476/000156459018000785/txn-ex99_6.htm,XBRL first reported,False,
ti,2018Q2,2018-04-24,3780.0,3940.0,4100.0,4017.0,1.95,False,False,False,,outlook is for revenue in the range of $3.78 billion to $4.10 billion,https://www.sec.gov/Archives/edgar/data/97476/000156459018008880/txn-ex99_7.htm,XBRL first reported,False,
ti,2018Q3,2018-07-24,4110.0,4280.0,4450.0,4261.0,-0.44,False,False,False,,outlook is for revenue in the range of $4.11 billion to $4.45 billion,https://www.sec.gov/Archives/edgar/data/97476/000156459018017305/txn-ex99_6.htm,XBRL first reported,False,
ti,2018Q4,2018-10-23,3600.0,3750.0,3900.0,3717.0,-0.88,False,False,False,,outlook is for revenue in the range of $3.60 billion to $3.90 billion,https://www.sec.gov/Archives/edgar/data/97476/000156459018024767/txn-ex99_7.htm,XBRL first reported,False,
ti,2019Q1,2019-01-23,3340.0,3480.0,3620.0,3594.0,3.28,False,False,False,,outlook is for revenue in the range of $3.34 billion to $3.62 billion,https://www.sec.gov/Archives/edgar/data/97476/000156459019000975/txn-ex99_6.htm,XBRL first reported,False,
ti,2019Q2,2019-04-23,3460.0,3600.0,3740.0,3668.0,1.89,False,False,False,,outlook is for revenue in the range of $3.46 billion to $3.74 billion,https://www.sec.gov/Archives/edgar/data/97476/000156459019012514/txn-ex99_6.htm,XBRL first reported,False,
ti,2019Q3,2019-07-23,3650.0,3800.0,3950.0,3771.0,-0.76,False,False,False,,outlook is for revenue in the range of $3.65 billion to $3.95 billion,https://www.sec.gov/Archives/edgar/data/97476/000156459019025627/txn-ex99_6.htm,XBRL first reported,False,
ti,2019Q4,2019-10-22,3070.0,3200.0,3330.0,3350.0,4.69,True,False,False,,outlook is for revenue in the range of $3.07 billion to $3.33 billion,https://www.sec.gov/Archives/edgar/data/97476/000009747619000006/form8-kex992019x10x22.htm,XBRL first reported,False,
ti,2020Q1,2020-01-22,3120.0,3250.0,3380.0,3329.0,2.43,False,False,False,,outlook is for revenue in the range of $3.12 billion to $3.38 billion,https://www.sec.gov/Archives/edgar/data/97476/000009747620000006/q42019txnex99-8xker.htm,XBRL first reported,False,
ti,2020Q2,2020-04-21,2610.0,2900.0,3190.0,3239.0,11.69,True,False,False,,outlook is for revenue in the range of $2.61 billion to $3.19 billion,https://www.sec.gov/Archives/edgar/data/97476/000009747620000014/q12020txnex99-er8k1.htm,XBRL first reported,False,
ti,2020Q3,2020-07-21,3260.0,3400.0,3540.0,3817.0,12.26,True,False,False,,outlook is for revenue in the range of $3.26 billion to $3.54 billion,https://www.sec.gov/Archives/edgar/data/97476/000009747620000025/q22020txnex99-er1.htm,XBRL first reported,False,
ti,2020Q4,2020-10-20,3410.0,3550.0,3690.0,4076.0,14.82,True,False,False,,outlook is for revenue in the range of $3.41 billion to $3.69 billion,https://www.sec.gov/Archives/edgar/data/97476/000162828020014606/q32020txnex99-er1.htm,XBRL first reported,False,
ti,2021Q1,2021-01-26,3790.0,3950.0,4110.0,4289.0,8.58,True,False,False,,outlook is for revenue in the range of $3.79 billion to $4.11 billion,https://www.sec.gov/Archives/edgar/data/97476/000009747621000003/q42020txnex99-er1.htm,XBRL first reported,False,
ti,2021Q2,2021-04-27,4130.0,4300.0,4470.0,4580.0,6.51,True,False,False,,outlook is for revenue in the range of $4.13 billion to $4.47 billion,https://www.sec.gov/Archives/edgar/data/97476/000009747621000011/q12021txnex99-er2.htm,XBRL first reported,False,
ti,2021Q3,2021-07-21,4400.0,4580.0,4760.0,4643.0,1.38,False,False,False,,outlook is for revenue in the range of $4.40 billion to $4.76 billion,https://www.sec.gov/Archives/edgar/data/97476/000009747621000019/q22021txnex99-er1.htm,XBRL first reported,False,
ti,2021Q4,2021-10-26,4220.0,4400.0,4580.0,4832.0,9.82,True,False,False,,outlook is for revenue in the range of $4.22 billion to $4.58 billion,https://www.sec.gov/Archives/edgar/data/97476/000009747621000030/q32021txnex99-er1.htm,XBRL first reported,False,
ti,2022Q1,2022-01-25,4500.0,4700.0,4900.0,4905.0,4.36,True,False,False,,outlook is for revenue in the range of $4.50 billion to $4.90 billion,https://www.sec.gov/Archives/edgar/data/97476/000009747622000004/q42021txnex99-er1.htm,XBRL first reported,False,
ti,2022Q2,2022-04-26,4200.0,4500.0,4800.0,5212.0,15.82,True,False,True,,outlook is for revenue in the range of $4.20 billion to $4.80 billion,https://www.sec.gov/Archives/edgar/data/97476/000009747622000026/q12022txnex99-er1.htm,XBRL first reported,False,
ti,2022Q3,2022-07-26,4900.0,5100.0,5300.0,5241.0,2.76,False,False,False,,outlook is for revenue in the range of $4.90 billion to $5.30 billion,https://www.sec.gov/Archives/edgar/data/97476/000009747622000038/q22022txnex99-er1.htm,XBRL first reported,False,
ti,2022Q4,2022-10-25,4400.0,4600.0,4800.0,4670.0,1.52,False,False,False,,outlook is for revenue in the range of $4.40 billion to $4.80 billion,https://www.sec.gov/Archives/edgar/data/97476/000009747622000047/q32022txnex99-er1.htm,XBRL first reported,False,
ti,2023Q1,2023-01-24,4170.0,4350.0,4530.0,4379.0,0.67,False,False,False,,outlook is for revenue in the range of $4.17 billion to $4.53 billion,https://www.sec.gov/Archives/edgar/data/97476/000009747623000003/q42022txnex99-er1.htm,XBRL first reported,False,
ti,2023Q2,2023-04-25,4170.0,4350.0,4530.0,4531.0,4.16,True,False,False,,outlook is for revenue in the range of $4.17 billion to $4.53 billion,https://www.sec.gov/Archives/edgar/data/97476/000009747623000023/q12023txnex99-er1.htm,XBRL first reported,False,
ti,2023Q3,2023-07-25,4360.0,4550.0,4740.0,4532.0,-0.4,False,False,False,,outlook is for revenue in the range of $4.36 billion to $4.74 billion,https://www.sec.gov/Archives/edgar/data/97476/000009747623000033/q22023txnex99-er1.htm,XBRL first reported,False,
ti,2023Q4,2023-10-24,3930.0,4100.0,4270.0,4077.0,-0.56,False,False,False,,outlook is for revenue in the range of $3.93 billion to $4.27 billion,https://www.sec.gov/Archives/edgar/data/97476/000009747623000039/q32023txnex99-er1.htm,XBRL first reported,False,
ti,2024Q1,2024-01-23,3450.0,3600.0,3750.0,3661.0,1.69,False,False,False,,outlook is for revenue in the range of $3.45 billion to $3.75 billion,https://www.sec.gov/Archives/edgar/data/97476/000009747624000004/q42023txnex99-er1.htm,XBRL first reported,False,
ti,2024Q2,2024-04-23,3650.0,3800.0,3950.0,3822.0,0.58,False,False,False,,outlook is for revenue in the range of $3.65 billion to $3.95 billion,https://www.sec.gov/Archives/edgar/data/97476/000009747624000020/q12024txnex99-er1.htm,XBRL first reported,False,
ti,2024Q3,2024-07-23,3940.0,4100.0,4260.0,4151.0,1.24,False,False,False,,outlook is for revenue in the range of $3.94 billion to $4.26 billion,https://www.sec.gov/Archives/edgar/data/97476/000009747624000029/q22024txnex99-er1.htm,XBRL first reported,False,
ti,2024Q4,2024-10-22,3700.0,3850.0,4000.0,4007.0,4.08,True,False,False,,outlook is for revenue in the range of $3.70 billion to $4.00 billion,https://www.sec.gov/Archives/edgar/data/97476/000009747624000040/q32024txnex99-er1.htm,XBRL first reported,False,
ti,2025Q1,2025-01-23,3740.0,3900.0,4059.9999999999995,4069.0,4.33,True,False,False,,outlook is for revenue in the range of $3.74 billion to $4.06 billion,https://www.sec.gov/Archives/edgar/data/97476/000009747625000003/q42024txnex99-eredgar.htm,XBRL first reported,False,
ti,2025Q2,2025-04-23,4170.0,4350.0,4530.0,4448.0,2.25,False,False,False,,outlook is for revenue in the range of $4.17 billion to $4.53 billion,https://www.sec.gov/Archives/edgar/data/97476/000009747625000025/q12025txnex99-er1.htm,XBRL first reported,False,
ti,2025Q3,2025-07-22,4450.0,4625.0,4800.0,4742.0,2.53,False,False,False,,outlook is for revenue in the range of $4.45 billion to $4.80 billion,https://www.sec.gov/Archives/edgar/data/97476/000009747625000033/q22025txnex99-er1.htm,XBRL first reported,False,
ti,2025Q4,2025-10-21,4220.0,4400.0,4580.0,4423.0,0.52,False,False,False,,outlook is for revenue in the range of $4.22 billion to $4.58 billion,https://www.sec.gov/Archives/edgar/data/97476/000009747625000056/q32025txnex99-eredgarversi.htm,XBRL first reported,False,
ti,2026Q1,2026-01-27,4320.0,4500.0,4680.0,4825.0,7.22,True,False,False,,outlook is for revenue in the range of $4.32 billion to $4.68 billion,https://www.sec.gov/Archives/edgar/data/97476/000009747626000003/q42025txnex99-eredgar.htm,XBRL first reported,False,
ti,2026Q2,2026-04-22,5000.0,5200.0,5400.0,5463.0,5.06,True,False,False,,outlook is for revenue in the range of $5.00 billion to $5.40 billion,https://www.sec.gov/Archives/edgar/data/97476/000009747626000097/q12026txnex99-eredgar.htm,XBRL first reported,False,
