company,key,source_type,url,purpose,used_for_columns,retrieval_method,validation_method,validated,validated_on,validation_detail,notes
logitech,xbrl,sec_xbrl,https://data.sec.gov/api/xbrl/companyfacts/CIK0001032975.json,"Structured quarterly revenue / COGS / gross profit / inventory (audited 10-K, reviewed 10-Q)",net_sales_usdm|revenue_usdm|inventory_usdm|gross_profit_usdm|gm_gaap_pct,"script: SEC company-facts API (data.sec.gov, keyless, User-Agent header)","every hand-typed headline cell vs XBRL value, tolerance 0.5%",yes,2026-09-28,"78 cells vs XBRL, 0 flagged, max diff 0.12%",Keyless; User-Agent required; Q4 derived as FY minus 9M
ingram,xbrl,sec_xbrl,https://data.sec.gov/api/xbrl/companyfacts/CIK0001897762.json,"Structured quarterly revenue / COGS / gross profit / inventory (audited 10-K, reviewed 10-Q)",net_sales_usdm|revenue_usdm|inventory_usdm|gross_profit_usdm|gm_gaap_pct,"script: SEC company-facts API (data.sec.gov, keyless, User-Agent header)","every hand-typed headline cell vs XBRL value, tolerance 0.5%",yes,2026-09-28,"34 cells vs XBRL, 0 flagged, max diff 0.37%",Keyless; User-Agent required; Q4 derived as FY minus 9M
tdsynnex,xbrl,sec_xbrl,https://data.sec.gov/api/xbrl/companyfacts/CIK0001177394.json,"Structured quarterly revenue / COGS / gross profit / inventory (audited 10-K, reviewed 10-Q)",net_sales_usdm|revenue_usdm|inventory_usdm|gross_profit_usdm|gm_gaap_pct,"script: SEC company-facts API (data.sec.gov, keyless, User-Agent header)","every hand-typed headline cell vs XBRL value, tolerance 0.5%",yes,2026-09-28,"78 cells vs XBRL, 0 flagged, max diff 0.05%",Keyless; User-Agent required; Q4 derived as FY minus 9M
amazon,xbrl,sec_xbrl,https://data.sec.gov/api/xbrl/companyfacts/CIK0001018724.json,"Structured quarterly revenue / COGS / gross profit / inventory (audited 10-K, reviewed 10-Q)",net_sales_usdm|revenue_usdm|inventory_usdm|gross_profit_usdm|gm_gaap_pct,"script: SEC company-facts API (data.sec.gov, keyless, User-Agent header)","every hand-typed headline cell vs XBRL value, tolerance 0.5%",n/a,2026-09-28,no XBRL comparison (context only),Keyless; User-Agent required; Q4 derived as FY minus 9M
logitech,2021Q2,sec_8k_exhibit,https://www.sec.gov/Archives/edgar/data/1032975/000103297521000029/exhibit991q1fy22.htm,"Quarterly earnings release (8-K Ex 99.1): net sales, GAAP/non-GAAP GM, category and region tables, inventory",net_sales_usdm|gm_gaap_pct|gm_nongaap_pct|gaming_usdm|keyboards_usdm|pointing_usdm|video_collab_usdm|webcams_usdm|tablet_usdm|headsets_usdm|inventory_usdm|americas_usdm|emea_usdm|apac_usdm,script: EDGAR document download,each CSV cell searched in exhibit text (thousands-table rounding); restatements in next 4 quarterly / 2 annual filings,yes,2026-09-28,8 CSV cells found in this document,
logitech,2021Q3,sec_8k_exhibit,https://www.sec.gov/Archives/edgar/data/1032975/000103297521000043/exhibit991q2fy22.htm,"Quarterly earnings release (8-K Ex 99.1): net sales, GAAP/non-GAAP GM, category and region tables, inventory",net_sales_usdm|gm_gaap_pct|gm_nongaap_pct|gaming_usdm|keyboards_usdm|pointing_usdm|video_collab_usdm|webcams_usdm|tablet_usdm|headsets_usdm|inventory_usdm|americas_usdm|emea_usdm|apac_usdm,script: EDGAR document download,each CSV cell searched in exhibit text (thousands-table rounding); restatements in next 4 quarterly / 2 annual filings,yes,2026-09-28,8 CSV cells found in this document,
logitech,2021Q4,sec_8k_exhibit,https://www.sec.gov/Archives/edgar/data/1032975/000103297522000003/exhibit991q3fy22.htm,"Quarterly earnings release (8-K Ex 99.1): net sales, GAAP/non-GAAP GM, category and region tables, inventory",net_sales_usdm|gm_gaap_pct|gm_nongaap_pct|gaming_usdm|keyboards_usdm|pointing_usdm|video_collab_usdm|webcams_usdm|tablet_usdm|headsets_usdm|inventory_usdm|americas_usdm|emea_usdm|apac_usdm,script: EDGAR document download,each CSV cell searched in exhibit text (thousands-table rounding); restatements in next 4 quarterly / 2 annual filings,yes,2026-09-28,8 CSV cells found in this document,
logitech,2022Q1,sec_8k_exhibit,https://www.sec.gov/Archives/edgar/data/1032975/000103297522000008/exhibit991q4fy22ng.htm,"Quarterly earnings release (8-K Ex 99.1): net sales, GAAP/non-GAAP GM, category and region tables, inventory",net_sales_usdm|gm_gaap_pct|gm_nongaap_pct|gaming_usdm|keyboards_usdm|pointing_usdm|video_collab_usdm|webcams_usdm|tablet_usdm|headsets_usdm|inventory_usdm|americas_usdm|emea_usdm|apac_usdm,script: EDGAR document download,each CSV cell searched in exhibit text (thousands-table rounding); restatements in next 4 quarterly / 2 annual filings,yes,2026-09-28,8 CSV cells found in this document,
logitech,2022Q2,sec_8k_exhibit,https://www.sec.gov/Archives/edgar/data/1032975/000103297522000027/exhibit991q1fy23.htm,"Quarterly earnings release (8-K Ex 99.1): net sales, GAAP/non-GAAP GM, category and region tables, inventory",net_sales_usdm|gm_gaap_pct|gm_nongaap_pct|gaming_usdm|keyboards_usdm|pointing_usdm|video_collab_usdm|webcams_usdm|tablet_usdm|headsets_usdm|inventory_usdm|americas_usdm|emea_usdm|apac_usdm,script: EDGAR document download,each CSV cell searched in exhibit text (thousands-table rounding); restatements in next 4 quarterly / 2 annual filings,yes,2026-09-28,5 CSV cells found in this document,
logitech,2022Q3,sec_8k_exhibit,https://www.sec.gov/Archives/edgar/data/1032975/000162828022026927/exhibit991q2fy23.htm,"Quarterly earnings release (8-K Ex 99.1): net sales, GAAP/non-GAAP GM, category and region tables, inventory",net_sales_usdm|gm_gaap_pct|gm_nongaap_pct|gaming_usdm|keyboards_usdm|pointing_usdm|video_collab_usdm|webcams_usdm|tablet_usdm|headsets_usdm|inventory_usdm|americas_usdm|emea_usdm|apac_usdm,script: EDGAR document download,each CSV cell searched in exhibit text (thousands-table rounding); restatements in next 4 quarterly / 2 annual filings,yes,2026-09-28,6 CSV cells found in this document,
logitech,2022Q4,sec_8k_exhibit,https://www.sec.gov/Archives/edgar/data/1032975/000103297523000004/exhibit991q3fy23.htm,"Quarterly earnings release (8-K Ex 99.1): net sales, GAAP/non-GAAP GM, category and region tables, inventory",net_sales_usdm|gm_gaap_pct|gm_nongaap_pct|gaming_usdm|keyboards_usdm|pointing_usdm|video_collab_usdm|webcams_usdm|tablet_usdm|headsets_usdm|inventory_usdm|americas_usdm|emea_usdm|apac_usdm,script: EDGAR document download,each CSV cell searched in exhibit text (thousands-table rounding); restatements in next 4 quarterly / 2 annual filings,yes,2026-09-28,5 CSV cells found in this document,
logitech,2023Q1,sec_8k_exhibit,https://www.sec.gov/Archives/edgar/data/1032975/000103297523000015/exhibit991q4fy23.htm,"Quarterly earnings release (8-K Ex 99.1): net sales, GAAP/non-GAAP GM, category and region tables, inventory",net_sales_usdm|gm_gaap_pct|gm_nongaap_pct|gaming_usdm|keyboards_usdm|pointing_usdm|video_collab_usdm|webcams_usdm|tablet_usdm|headsets_usdm|inventory_usdm|americas_usdm|emea_usdm|apac_usdm,script: EDGAR document download,each CSV cell searched in exhibit text (thousands-table rounding); restatements in next 4 quarterly / 2 annual filings,yes,2026-09-28,5 CSV cells found in this document,
logitech,2023Q2,sec_8k_exhibit,https://www.sec.gov/Archives/edgar/data/1032975/000103297523000050/exhibit991q1fy24.htm,"Quarterly earnings release (8-K Ex 99.1): net sales, GAAP/non-GAAP GM, category and region tables, inventory",net_sales_usdm|gm_gaap_pct|gm_nongaap_pct|gaming_usdm|keyboards_usdm|pointing_usdm|video_collab_usdm|webcams_usdm|tablet_usdm|headsets_usdm|inventory_usdm|americas_usdm|emea_usdm|apac_usdm,script: EDGAR document download,each CSV cell searched in exhibit text (thousands-table rounding); restatements in next 4 quarterly / 2 annual filings,yes,2026-09-28,14 CSV cells found in this document,
logitech,2023Q3,sec_8k_exhibit,https://www.sec.gov/Archives/edgar/data/1032975/000103297523000075/exhibit991q2fy24.htm,"Quarterly earnings release (8-K Ex 99.1): net sales, GAAP/non-GAAP GM, category and region tables, inventory",net_sales_usdm|gm_gaap_pct|gm_nongaap_pct|gaming_usdm|keyboards_usdm|pointing_usdm|video_collab_usdm|webcams_usdm|tablet_usdm|headsets_usdm|inventory_usdm|americas_usdm|emea_usdm|apac_usdm,script: EDGAR document download,each CSV cell searched in exhibit text (thousands-table rounding); restatements in next 4 quarterly / 2 annual filings,yes,2026-09-28,11 CSV cells found in this document,
logitech,2023Q4,sec_8k_exhibit,https://www.sec.gov/Archives/edgar/data/1032975/000103297524000004/exhibit991q3fy24.htm,"Quarterly earnings release (8-K Ex 99.1): net sales, GAAP/non-GAAP GM, category and region tables, inventory",net_sales_usdm|gm_gaap_pct|gm_nongaap_pct|gaming_usdm|keyboards_usdm|pointing_usdm|video_collab_usdm|webcams_usdm|tablet_usdm|headsets_usdm|inventory_usdm|americas_usdm|emea_usdm|apac_usdm,script: EDGAR document download,each CSV cell searched in exhibit text (thousands-table rounding); restatements in next 4 quarterly / 2 annual filings,yes,2026-09-28,13 CSV cells found in this document,
logitech,2024Q1,sec_8k_exhibit,https://www.sec.gov/Archives/edgar/data/1032975/000103297524000015/exhibit991q4fy24.htm,"Quarterly earnings release (8-K Ex 99.1): net sales, GAAP/non-GAAP GM, category and region tables, inventory",net_sales_usdm|gm_gaap_pct|gm_nongaap_pct|gaming_usdm|keyboards_usdm|pointing_usdm|video_collab_usdm|webcams_usdm|tablet_usdm|headsets_usdm|inventory_usdm|americas_usdm|emea_usdm|apac_usdm,script: EDGAR document download,each CSV cell searched in exhibit text (thousands-table rounding); restatements in next 4 quarterly / 2 annual filings,yes,2026-09-28,13 CSV cells found in this document,
logitech,2024Q2,sec_8k_exhibit,https://www.sec.gov/Archives/edgar/data/1032975/000103297524000042/exhibit991q1fy25.htm,"Quarterly earnings release (8-K Ex 99.1): net sales, GAAP/non-GAAP GM, category and region tables, inventory",net_sales_usdm|gm_gaap_pct|gm_nongaap_pct|gaming_usdm|keyboards_usdm|pointing_usdm|video_collab_usdm|webcams_usdm|tablet_usdm|headsets_usdm|inventory_usdm|americas_usdm|emea_usdm|apac_usdm,script: EDGAR document download,each CSV cell searched in exhibit text (thousands-table rounding); restatements in next 4 quarterly / 2 annual filings,yes,2026-09-28,9 CSV cells found in this document,
logitech,2024Q3,sec_8k_exhibit,https://www.sec.gov/Archives/edgar/data/1032975/000103297524000072/exhibit991q2fy25.htm,"Quarterly earnings release (8-K Ex 99.1): net sales, GAAP/non-GAAP GM, category and region tables, inventory",net_sales_usdm|gm_gaap_pct|gm_nongaap_pct|gaming_usdm|keyboards_usdm|pointing_usdm|video_collab_usdm|webcams_usdm|tablet_usdm|headsets_usdm|inventory_usdm|americas_usdm|emea_usdm|apac_usdm,script: EDGAR document download,each CSV cell searched in exhibit text (thousands-table rounding); restatements in next 4 quarterly / 2 annual filings,yes,2026-09-28,9 CSV cells found in this document,
logitech,2024Q4,sec_8k_exhibit,https://www.sec.gov/Archives/edgar/data/1032975/000103297525000005/exhibit991q3fy25.htm,"Quarterly earnings release (8-K Ex 99.1): net sales, GAAP/non-GAAP GM, category and region tables, inventory",net_sales_usdm|gm_gaap_pct|gm_nongaap_pct|gaming_usdm|keyboards_usdm|pointing_usdm|video_collab_usdm|webcams_usdm|tablet_usdm|headsets_usdm|inventory_usdm|americas_usdm|emea_usdm|apac_usdm,script: EDGAR document download,each CSV cell searched in exhibit text (thousands-table rounding); restatements in next 4 quarterly / 2 annual filings,yes,2026-09-28,9 CSV cells found in this document,
logitech,2025Q1,sec_8k_exhibit,https://www.sec.gov/Archives/edgar/data/1032975/000103297525000022/exhibit991q4fy25.htm,"Quarterly earnings release (8-K Ex 99.1): net sales, GAAP/non-GAAP GM, category and region tables, inventory",net_sales_usdm|gm_gaap_pct|gm_nongaap_pct|gaming_usdm|keyboards_usdm|pointing_usdm|video_collab_usdm|webcams_usdm|tablet_usdm|headsets_usdm|inventory_usdm|americas_usdm|emea_usdm|apac_usdm,script: EDGAR document download,each CSV cell searched in exhibit text (thousands-table rounding); restatements in next 4 quarterly / 2 annual filings,yes,2026-09-28,9 CSV cells found in this document,
logitech,2025Q2,sec_8k_exhibit,https://www.sec.gov/Archives/edgar/data/1032975/000103297525000055/exhibit991q1fy26.htm,"Quarterly earnings release (8-K Ex 99.1): net sales, GAAP/non-GAAP GM, category and region tables, inventory",net_sales_usdm|gm_gaap_pct|gm_nongaap_pct|gaming_usdm|keyboards_usdm|pointing_usdm|video_collab_usdm|webcams_usdm|tablet_usdm|headsets_usdm|inventory_usdm|americas_usdm|emea_usdm|apac_usdm,script: EDGAR document download,each CSV cell searched in exhibit text (thousands-table rounding); restatements in next 4 quarterly / 2 annual filings,yes,2026-09-28,9 CSV cells found in this document,
logitech,2025Q3,sec_8k_exhibit,https://www.sec.gov/Archives/edgar/data/1032975/000103297525000076/exhibit991q2fy26.htm,"Quarterly earnings release (8-K Ex 99.1): net sales, GAAP/non-GAAP GM, category and region tables, inventory",net_sales_usdm|gm_gaap_pct|gm_nongaap_pct|gaming_usdm|keyboards_usdm|pointing_usdm|video_collab_usdm|webcams_usdm|tablet_usdm|headsets_usdm|inventory_usdm|americas_usdm|emea_usdm|apac_usdm,script: EDGAR document download,each CSV cell searched in exhibit text (thousands-table rounding); restatements in next 4 quarterly / 2 annual filings,yes,2026-09-28,9 CSV cells found in this document,
logitech,2025Q4,sec_8k_exhibit,https://www.sec.gov/Archives/edgar/data/1032975/000103297526000006/exhibit991q3fy26.htm,"Quarterly earnings release (8-K Ex 99.1): net sales, GAAP/non-GAAP GM, category and region tables, inventory",net_sales_usdm|gm_gaap_pct|gm_nongaap_pct|gaming_usdm|keyboards_usdm|pointing_usdm|video_collab_usdm|webcams_usdm|tablet_usdm|headsets_usdm|inventory_usdm|americas_usdm|emea_usdm|apac_usdm,script: EDGAR document download,each CSV cell searched in exhibit text (thousands-table rounding); restatements in next 4 quarterly / 2 annual filings,no_cells,2026-09-28,document downloaded but no CSV cell cites this key,
logitech,2026Q1,sec_8k_exhibit,https://www.sec.gov/Archives/edgar/data/1032975/000103297526000014/exhibit991q4fy26.htm,"Quarterly earnings release (8-K Ex 99.1): net sales, GAAP/non-GAAP GM, category and region tables, inventory",net_sales_usdm|gm_gaap_pct|gm_nongaap_pct|gaming_usdm|keyboards_usdm|pointing_usdm|video_collab_usdm|webcams_usdm|tablet_usdm|headsets_usdm|inventory_usdm|americas_usdm|emea_usdm|apac_usdm,script: EDGAR document download,each CSV cell searched in exhibit text (thousands-table rounding); restatements in next 4 quarterly / 2 annual filings,yes,2026-09-28,9 CSV cells found in this document,
logitech,2026Q2,sec_8k_exhibit,https://www.sec.gov/Archives/edgar/data/1032975/000103297526000047/exhibit991q1fy27.htm,"Quarterly earnings release (8-K Ex 99.1): net sales, GAAP/non-GAAP GM, category and region tables, inventory",net_sales_usdm|gm_gaap_pct|gm_nongaap_pct|gaming_usdm|keyboards_usdm|pointing_usdm|video_collab_usdm|webcams_usdm|tablet_usdm|headsets_usdm|inventory_usdm|americas_usdm|emea_usdm|apac_usdm,script: EDGAR document download,each CSV cell searched in exhibit text (thousands-table rounding); restatements in next 4 quarterly / 2 annual filings,yes,2026-09-28,9 CSV cells found in this document,
logitech,10KFY22,sec_10k,https://www.sec.gov/Archives/edgar/data/1032975/000103297522000012/logi-20220331.htm,"Audited annual report: customer concentration (Amazon/Ingram/TD Synnex %), manufacturing footprint, FY totals",customer concentration (docs only),script: EDGAR document download,as sec_8k_exhibit (annual figures / restated comparatives),manual,2026-09-28,qualitative source: read once and cite; not machine-checkable,
logitech,10KFY23,sec_10k,https://www.sec.gov/Archives/edgar/data/1032975/000103297523000021/logi-20230331.htm,"Audited annual report: customer concentration (Amazon/Ingram/TD Synnex %), manufacturing footprint, FY totals",customer concentration (docs only),script: EDGAR document download,as sec_8k_exhibit (annual figures / restated comparatives),manual,2026-09-28,qualitative source: read once and cite; not machine-checkable,
logitech,10KFY24,sec_10k,https://www.sec.gov/Archives/edgar/data/1032975/000103297524000023/logi-20240331.htm,"Audited annual report: customer concentration (Amazon/Ingram/TD Synnex %), manufacturing footprint, FY totals",customer concentration (docs only),script: EDGAR document download,as sec_8k_exhibit (annual figures / restated comparatives),manual,2026-09-28,qualitative source: read once and cite; not machine-checkable,
logitech,10KFY25,sec_10k,https://www.sec.gov/Archives/edgar/data/1032975/000103297525000029/logi-20250331.htm,"Audited annual report: customer concentration (Amazon/Ingram/TD Synnex %), manufacturing footprint, FY totals",customer concentration (docs only),script: EDGAR document download,as sec_8k_exhibit (annual figures / restated comparatives),manual,2026-09-28,qualitative source: read once and cite; not machine-checkable,
logitech,10KFY26,sec_10k,https://www.sec.gov/Archives/edgar/data/1032975/000103297526000021/logi-20260331.htm,"Audited annual report: customer concentration (Amazon/Ingram/TD Synnex %), manufacturing footprint, FY totals",customer concentration (docs only),script: EDGAR document download,as sec_8k_exhibit (annual figures / restated comparatives),manual,2026-09-28,qualitative source: read once and cite; not machine-checkable,
ingram,2024Q3,sec_8k_exhibit,https://www.sec.gov/Archives/edgar/data/1897762/000162828024047161/earningsreleaseq324.htm,"Quarterly earnings release: net sales, gross profit, inventory, guidance",net_sales_usdm|gross_profit_usdm|inventory_usdm,script: EDGAR document download,each CSV cell searched in exhibit text (thousands-table rounding); restatements in next 4 quarterly / 2 annual filings,yes,2026-09-28,3 CSV cells found in this document,
ingram,2024Q4,sec_8k_exhibit,https://www.sec.gov/Archives/edgar/data/1897762/000162828025009909/earningsreleaseq424.htm,"Quarterly earnings release: net sales, gross profit, inventory, guidance",net_sales_usdm|gross_profit_usdm|inventory_usdm,script: EDGAR document download,each CSV cell searched in exhibit text (thousands-table rounding); restatements in next 4 quarterly / 2 annual filings,yes,2026-09-28,3 CSV cells found in this document,
ingram,2025Q1,sec_8k_exhibit,https://www.sec.gov/Archives/edgar/data/1897762/000162828025023804/earningsreleaseq125.htm,"Quarterly earnings release: net sales, gross profit, inventory, guidance",net_sales_usdm|gross_profit_usdm|inventory_usdm,script: EDGAR document download,each CSV cell searched in exhibit text (thousands-table rounding); restatements in next 4 quarterly / 2 annual filings,yes,2026-09-28,3 CSV cells found in this document,
ingram,2025Q2,sec_8k_exhibit,https://www.sec.gov/Archives/edgar/data/1897762/000162828025038331/earningsreleaseq225.htm,"Quarterly earnings release: net sales, gross profit, inventory, guidance",net_sales_usdm|gross_profit_usdm|inventory_usdm,script: EDGAR document download,each CSV cell searched in exhibit text (thousands-table rounding); restatements in next 4 quarterly / 2 annual filings,yes,2026-09-28,3 CSV cells found in this document,
ingram,2025Q3,sec_8k_exhibit,https://www.sec.gov/Archives/edgar/data/1897762/000162828025047529/earningsreleaseq325.htm,"Quarterly earnings release: net sales, gross profit, inventory, guidance",net_sales_usdm|gross_profit_usdm|inventory_usdm,script: EDGAR document download,each CSV cell searched in exhibit text (thousands-table rounding); restatements in next 4 quarterly / 2 annual filings,yes,2026-09-28,3 CSV cells found in this document,
ingram,2025Q4,sec_8k_exhibit,https://www.sec.gov/Archives/edgar/data/1897762/000162828026013222/earningsreleaseq425.htm,"Quarterly earnings release: net sales, gross profit, inventory, guidance",net_sales_usdm|gross_profit_usdm|inventory_usdm,script: EDGAR document download,each CSV cell searched in exhibit text (thousands-table rounding); restatements in next 4 quarterly / 2 annual filings,yes,2026-09-28,3 CSV cells found in this document,
ingram,2026Q1,sec_8k_exhibit,https://www.sec.gov/Archives/edgar/data/1897762/000189776226000005/earningsreleaseq126.htm,"Quarterly earnings release: net sales, gross profit, inventory, guidance",net_sales_usdm|gross_profit_usdm|inventory_usdm,script: EDGAR document download,each CSV cell searched in exhibit text (thousands-table rounding); restatements in next 4 quarterly / 2 annual filings,yes,2026-09-28,3 CSV cells found in this document,
ingram,2026Q2,sec_8k_exhibit,https://www.sec.gov/Archives/edgar/data/1897762/000162828026051043/earningsreleaseq226.htm,"Quarterly earnings release: net sales, gross profit, inventory, guidance",net_sales_usdm|gross_profit_usdm|inventory_usdm,script: EDGAR document download,each CSV cell searched in exhibit text (thousands-table rounding); restatements in next 4 quarterly / 2 annual filings,yes,2026-09-28,3 CSV cells found in this document,
ingram,S1_2024,sec_s1,https://www.sec.gov/Archives/edgar/data/1897762/000119312524237243/d126458ds1a.htm,"IPO prospectus: 2022-2023 financials, vendor concentration","net_sales_usdm|inventory_usdm (2022Q4, 2024Q2 balance sheets)",script: EDGAR document download,as sec_8k_exhibit (pre-IPO quarters),manual,2026-09-28,qualitative source: read once and cite; not machine-checkable,2022-H1 2023 quarterlies in the CSV come from XBRL-derived aggregator (stockanalysis.com) and are flagged is_estimate=1
ingram,10KFY24,sec_10k,https://www.sec.gov/Archives/edgar/data/1897762/000162828025010298/ingm-20241228.htm,"Audited FY2024: category dollars, vendor concentration",annual only,script: EDGAR document download,as sec_8k_exhibit (annual figures / restated comparatives),manual,2026-09-28,qualitative source: read once and cite; not machine-checkable,
ingram,10KFY25,sec_10k,https://www.sec.gov/Archives/edgar/data/1897762/000162828026013588/ingm-20251227.htm,"Audited FY2025: category dollars, vendor concentration",annual only,script: EDGAR document download,as sec_8k_exhibit (annual figures / restated comparatives),manual,2026-09-28,qualitative source: read once and cite; not machine-checkable,
tdsynnex,2022Q1,sec_8k_exhibit,https://www.sec.gov/Archives/edgar/data/1177394/000117739422000018/formex991xfy22q1pressrelea.htm,"Quarterly earnings release: revenue, gross billings, gross profit, inventory, guidance",revenue_usdm|gross_billings_usdm|gross_profit_usdm|inventory_usdm,script: EDGAR document download,each CSV cell searched in exhibit text (thousands-table rounding); restatements in next 4 quarterly / 2 annual filings,yes,2026-09-28,2 CSV cells found in this document,Fiscal quarter ends Feb/May/Aug/Nov; key = calendar quarter containing 2 of its 3 months
tdsynnex,2022Q2,sec_8k_exhibit,https://www.sec.gov/Archives/edgar/data/1177394/000117739422000039/formex991xfy22q2pressrelea.htm,"Quarterly earnings release: revenue, gross billings, gross profit, inventory, guidance",revenue_usdm|gross_billings_usdm|gross_profit_usdm|inventory_usdm,script: EDGAR document download,each CSV cell searched in exhibit text (thousands-table rounding); restatements in next 4 quarterly / 2 annual filings,yes,2026-09-28,4 CSV cells found in this document,Fiscal quarter ends Feb/May/Aug/Nov; key = calendar quarter containing 2 of its 3 months
tdsynnex,2022Q3,sec_8k_exhibit,https://www.sec.gov/Archives/edgar/data/1177394/000117739422000053/formex991xfy22q3pressrelea.htm,"Quarterly earnings release: revenue, gross billings, gross profit, inventory, guidance",revenue_usdm|gross_billings_usdm|gross_profit_usdm|inventory_usdm,script: EDGAR document download,each CSV cell searched in exhibit text (thousands-table rounding); restatements in next 4 quarterly / 2 annual filings,yes,2026-09-28,3 CSV cells found in this document,Fiscal quarter ends Feb/May/Aug/Nov; key = calendar quarter containing 2 of its 3 months
tdsynnex,2022Q4,sec_8k_exhibit,https://www.sec.gov/Archives/edgar/data/1177394/000117739423000003/formex991xfy22q4pressrelea.htm,"Quarterly earnings release: revenue, gross billings, gross profit, inventory, guidance",revenue_usdm|gross_billings_usdm|gross_profit_usdm|inventory_usdm,script: EDGAR document download,each CSV cell searched in exhibit text (thousands-table rounding); restatements in next 4 quarterly / 2 annual filings,yes,2026-09-28,3 CSV cells found in this document,Fiscal quarter ends Feb/May/Aug/Nov; key = calendar quarter containing 2 of its 3 months
tdsynnex,2023Q1,sec_8k_exhibit,https://www.sec.gov/Archives/edgar/data/1177394/000117739423000029/ex991-fy23q1pressrelease.htm,"Quarterly earnings release: revenue, gross billings, gross profit, inventory, guidance",revenue_usdm|gross_billings_usdm|gross_profit_usdm|inventory_usdm,script: EDGAR document download,each CSV cell searched in exhibit text (thousands-table rounding); restatements in next 4 quarterly / 2 annual filings,yes,2026-09-28,6 CSV cells found in this document,Fiscal quarter ends Feb/May/Aug/Nov; key = calendar quarter containing 2 of its 3 months
tdsynnex,2023Q2,sec_8k_exhibit,https://www.sec.gov/Archives/edgar/data/1177394/000117739423000043/ex991-fy23q2pressrelease.htm,"Quarterly earnings release: revenue, gross billings, gross profit, inventory, guidance",revenue_usdm|gross_billings_usdm|gross_profit_usdm|inventory_usdm,script: EDGAR document download,each CSV cell searched in exhibit text (thousands-table rounding); restatements in next 4 quarterly / 2 annual filings,yes,2026-09-28,5 CSV cells found in this document,Fiscal quarter ends Feb/May/Aug/Nov; key = calendar quarter containing 2 of its 3 months
tdsynnex,2023Q3,sec_8k_exhibit,https://www.sec.gov/Archives/edgar/data/1177394/000117739423000050/ex991-fy23q3pressreleasexs.htm,"Quarterly earnings release: revenue, gross billings, gross profit, inventory, guidance",revenue_usdm|gross_billings_usdm|gross_profit_usdm|inventory_usdm,script: EDGAR document download,each CSV cell searched in exhibit text (thousands-table rounding); restatements in next 4 quarterly / 2 annual filings,yes,2026-09-28,5 CSV cells found in this document,Fiscal quarter ends Feb/May/Aug/Nov; key = calendar quarter containing 2 of its 3 months
tdsynnex,2023Q4,sec_8k_exhibit,https://www.sec.gov/Archives/edgar/data/1177394/000117739424000006/ex991-fy23q4pressrelease.htm,"Quarterly earnings release: revenue, gross billings, gross profit, inventory, guidance",revenue_usdm|gross_billings_usdm|gross_profit_usdm|inventory_usdm,script: EDGAR document download,each CSV cell searched in exhibit text (thousands-table rounding); restatements in next 4 quarterly / 2 annual filings,yes,2026-09-28,4 CSV cells found in this document,Fiscal quarter ends Feb/May/Aug/Nov; key = calendar quarter containing 2 of its 3 months
tdsynnex,2024Q1,sec_8k_exhibit,https://www.sec.gov/Archives/edgar/data/1177394/000117739424000033/ex991-fy24q1pressrelease.htm,"Quarterly earnings release: revenue, gross billings, gross profit, inventory, guidance",revenue_usdm|gross_billings_usdm|gross_profit_usdm|inventory_usdm,script: EDGAR document download,each CSV cell searched in exhibit text (thousands-table rounding); restatements in next 4 quarterly / 2 annual filings,yes,2026-09-28,4 CSV cells found in this document,Fiscal quarter ends Feb/May/Aug/Nov; key = calendar quarter containing 2 of its 3 months
tdsynnex,2024Q2,sec_8k_exhibit,https://www.sec.gov/Archives/edgar/data/1177394/000117739424000056/ex991-fy24q2pressrelease.htm,"Quarterly earnings release: revenue, gross billings, gross profit, inventory, guidance",revenue_usdm|gross_billings_usdm|gross_profit_usdm|inventory_usdm,script: EDGAR document download,each CSV cell searched in exhibit text (thousands-table rounding); restatements in next 4 quarterly / 2 annual filings,yes,2026-09-28,4 CSV cells found in this document,Fiscal quarter ends Feb/May/Aug/Nov; key = calendar quarter containing 2 of its 3 months
tdsynnex,2024Q3,sec_8k_exhibit,https://www.sec.gov/Archives/edgar/data/1177394/000117739424000070/ex991-fy24q3pressrelease.htm,"Quarterly earnings release: revenue, gross billings, gross profit, inventory, guidance",revenue_usdm|gross_billings_usdm|gross_profit_usdm|inventory_usdm,script: EDGAR document download,each CSV cell searched in exhibit text (thousands-table rounding); restatements in next 4 quarterly / 2 annual filings,yes,2026-09-28,4 CSV cells found in this document,Fiscal quarter ends Feb/May/Aug/Nov; key = calendar quarter containing 2 of its 3 months
tdsynnex,2024Q4,sec_8k_exhibit,https://www.sec.gov/Archives/edgar/data/1177394/000117739425000002/ex991-fy24q4pressrelease.htm,"Quarterly earnings release: revenue, gross billings, gross profit, inventory, guidance",revenue_usdm|gross_billings_usdm|gross_profit_usdm|inventory_usdm,script: EDGAR document download,each CSV cell searched in exhibit text (thousands-table rounding); restatements in next 4 quarterly / 2 annual filings,yes,2026-09-28,4 CSV cells found in this document,Fiscal quarter ends Feb/May/Aug/Nov; key = calendar quarter containing 2 of its 3 months
tdsynnex,2025Q1,sec_8k_exhibit,https://www.sec.gov/Archives/edgar/data/1177394/000117739425000023/ex991-fy25q1pressrelease.htm,"Quarterly earnings release: revenue, gross billings, gross profit, inventory, guidance",revenue_usdm|gross_billings_usdm|gross_profit_usdm|inventory_usdm,script: EDGAR document download,each CSV cell searched in exhibit text (thousands-table rounding); restatements in next 4 quarterly / 2 annual filings,yes,2026-09-28,4 CSV cells found in this document,Fiscal quarter ends Feb/May/Aug/Nov; key = calendar quarter containing 2 of its 3 months
tdsynnex,2025Q2,sec_8k_exhibit,https://www.sec.gov/Archives/edgar/data/1177394/000117739425000037/ex991-fy25q2pressrelease.htm,"Quarterly earnings release: revenue, gross billings, gross profit, inventory, guidance",revenue_usdm|gross_billings_usdm|gross_profit_usdm|inventory_usdm,script: EDGAR document download,each CSV cell searched in exhibit text (thousands-table rounding); restatements in next 4 quarterly / 2 annual filings,yes,2026-09-28,4 CSV cells found in this document,Fiscal quarter ends Feb/May/Aug/Nov; key = calendar quarter containing 2 of its 3 months
tdsynnex,2025Q3,sec_8k_exhibit,https://www.sec.gov/Archives/edgar/data/1177394/000162828025042687/ex991-fy25q3pressrelease.htm,"Quarterly earnings release: revenue, gross billings, gross profit, inventory, guidance",revenue_usdm|gross_billings_usdm|gross_profit_usdm|inventory_usdm,script: EDGAR document download,each CSV cell searched in exhibit text (thousands-table rounding); restatements in next 4 quarterly / 2 annual filings,yes,2026-09-28,4 CSV cells found in this document,Fiscal quarter ends Feb/May/Aug/Nov; key = calendar quarter containing 2 of its 3 months
tdsynnex,2025Q4,sec_8k_exhibit,https://www.sec.gov/Archives/edgar/data/1177394/000162828026001271/ex991-fy25q4pressrelease.htm,"Quarterly earnings release: revenue, gross billings, gross profit, inventory, guidance",revenue_usdm|gross_billings_usdm|gross_profit_usdm|inventory_usdm,script: EDGAR document download,each CSV cell searched in exhibit text (thousands-table rounding); restatements in next 4 quarterly / 2 annual filings,yes,2026-09-28,4 CSV cells found in this document,Fiscal quarter ends Feb/May/Aug/Nov; key = calendar quarter containing 2 of its 3 months
tdsynnex,2026Q1,sec_8k_exhibit,https://www.sec.gov/Archives/edgar/data/1177394/000162828026022204/ex991-fy26q1pressrelease.htm,"Quarterly earnings release: revenue, gross billings, gross profit, inventory, guidance",revenue_usdm|gross_billings_usdm|gross_profit_usdm|inventory_usdm,script: EDGAR document download,each CSV cell searched in exhibit text (thousands-table rounding); restatements in next 4 quarterly / 2 annual filings,yes,2026-09-28,4 CSV cells found in this document,Fiscal quarter ends Feb/May/Aug/Nov; key = calendar quarter containing 2 of its 3 months
tdsynnex,2026Q2,sec_8k_exhibit,https://www.sec.gov/Archives/edgar/data/1177394/000162828026045349/ex991-fy26q2pressrelease.htm,"Quarterly earnings release: revenue, gross billings, gross profit, inventory, guidance",revenue_usdm|gross_billings_usdm|gross_profit_usdm|inventory_usdm,script: EDGAR document download,each CSV cell searched in exhibit text (thousands-table rounding); restatements in next 4 quarterly / 2 annual filings,yes,2026-09-28,4 CSV cells found in this document,Fiscal quarter ends Feb/May/Aug/Nov; key = calendar quarter containing 2 of its 3 months
tdsynnex,2026Q3,sec_8k_exhibit,https://www.sec.gov/Archives/edgar/data/1177394/000162828026063314/ex991-fy26q3pressrelease.htm,"Quarterly earnings release: revenue, gross billings, gross profit, inventory, guidance",revenue_usdm|gross_billings_usdm|gross_profit_usdm|inventory_usdm,script: EDGAR document download,each CSV cell searched in exhibit text (thousands-table rounding); restatements in next 4 quarterly / 2 annual filings,yes,2026-09-28,4 CSV cells found in this document,Fiscal quarter ends Feb/May/Aug/Nov; key = calendar quarter containing 2 of its 3 months
nordic,2020Q4,newsweb_attachment,https://api3.oslo.oslobors.no/v1/newsreader/attachment?messageId=523768&attachmentId=,Oslo Bors announcement 523768 (2021-02-04): NOD Q4 2020 report.pdf,revenue_usdm|gm_pct|short_range_usdm|proprietary_usdm|long_range_usdm|other_tech_usdm|inventory_usdm|backlog_usdm|guide_low_usdm|guide_high_usdm|guide_gm_pct,script: Oslo Børs NewsWeb API attachment (message id cited),each CSV cell searched in PDF text (pdfplumber); restatements in later reports; guidance excerpts (nordic_guidance.py) word for word,yes,2026-09-28,10 CSV cells found in this document; 2 guidance excerpts found,message page https://newsweb.oslobors.no/message/523768; attachmentId resolved at run time from the message; row typed 2026-09-28 (F32): the source was listed since 2026-09-26 but no CSV row existed (P129); guide_low/high/guide_gm_pct here are the 2021Q1 guide
nordic,2021Q1,newsweb_attachment,https://api3.oslo.oslobors.no/v1/newsreader/attachment?messageId=530583&attachmentId=,Oslo Bors announcement 530583 (2021-04-20): NOD Q1 2021 Report.pdf,revenue_usdm|gm_pct|consumer_usdm|ind_health_usdm|short_range_usdm|long_range_usdm|inventory_usdm|backlog_usdm|guide_low_usdm|guide_high_usdm,script: Oslo Børs NewsWeb API attachment (message id cited),each CSV cell searched in PDF text (pdfplumber); restatements in later reports; guidance excerpts (nordic_guidance.py) word for word,yes,2026-09-28,10 CSV cells found in this document,message page https://newsweb.oslobors.no/message/530583; attachmentId resolved at run time from the message
nordic,2021Q2,newsweb_attachment,https://api3.oslo.oslobors.no/v1/newsreader/attachment?messageId=537988&attachmentId=,Oslo Bors announcement 537988 (2021-07-13): NOD Q2 2021 Report.pdf,revenue_usdm|gm_pct|consumer_usdm|ind_health_usdm|short_range_usdm|long_range_usdm|inventory_usdm|backlog_usdm|guide_low_usdm|guide_high_usdm,script: Oslo Børs NewsWeb API attachment (message id cited),each CSV cell searched in PDF text (pdfplumber); restatements in later reports; guidance excerpts (nordic_guidance.py) word for word,yes,2026-09-28,10 CSV cells found in this document,message page https://newsweb.oslobors.no/message/537988; attachmentId resolved at run time from the message
nordic,2021Q3,newsweb_attachment,https://api3.oslo.oslobors.no/v1/newsreader/attachment?messageId=544728&attachmentId=,Oslo Bors announcement 544728 (2021-10-21): NOD Q3 2021 Report.pdf,revenue_usdm|gm_pct|consumer_usdm|ind_health_usdm|short_range_usdm|long_range_usdm|inventory_usdm|backlog_usdm|guide_low_usdm|guide_high_usdm,script: Oslo Børs NewsWeb API attachment (message id cited),each CSV cell searched in PDF text (pdfplumber); restatements in later reports; guidance excerpts (nordic_guidance.py) word for word,yes,2026-09-28,11 CSV cells found in this document,message page https://newsweb.oslobors.no/message/544728; attachmentId resolved at run time from the message
nordic,2021Q4,newsweb_attachment,https://api3.oslo.oslobors.no/v1/newsreader/attachment?messageId=552530&attachmentId=,Oslo Bors announcement 552530 (2022-02-03): NOD Q4 2021 Report.pdf,revenue_usdm|gm_pct|consumer_usdm|ind_health_usdm|short_range_usdm|long_range_usdm|inventory_usdm|backlog_usdm|guide_low_usdm|guide_high_usdm,script: Oslo Børs NewsWeb API attachment (message id cited),each CSV cell searched in PDF text (pdfplumber); restatements in later reports; guidance excerpts (nordic_guidance.py) word for word,yes,2026-09-28,10 CSV cells found in this document,message page https://newsweb.oslobors.no/message/552530; attachmentId resolved at run time from the message
nordic,2022Q1,newsweb_attachment,https://api3.oslo.oslobors.no/v1/newsreader/attachment?messageId=560298&attachmentId=,Oslo Bors announcement 560298 (2022-04-28): NOD Q1 2022 report.pdf,revenue_usdm|gm_pct|consumer_usdm|ind_health_usdm|short_range_usdm|long_range_usdm|inventory_usdm|backlog_usdm|guide_low_usdm|guide_high_usdm,script: Oslo Børs NewsWeb API attachment (message id cited),each CSV cell searched in PDF text (pdfplumber); restatements in later reports; guidance excerpts (nordic_guidance.py) word for word,yes,2026-09-28,12 CSV cells found in this document,message page https://newsweb.oslobors.no/message/560298; attachmentId resolved at run time from the message
nordic,2022Q2,newsweb_attachment,https://api3.oslo.oslobors.no/v1/newsreader/attachment?messageId=566811&attachmentId=,Oslo Bors announcement 566811 (2022-07-12): NOD Q2 2022 Report.pdf,revenue_usdm|gm_pct|consumer_usdm|ind_health_usdm|short_range_usdm|long_range_usdm|inventory_usdm|backlog_usdm|guide_low_usdm|guide_high_usdm,script: Oslo Børs NewsWeb API attachment (message id cited),each CSV cell searched in PDF text (pdfplumber); restatements in later reports; guidance excerpts (nordic_guidance.py) word for word,yes,2026-09-28,13 CSV cells found in this document,message page https://newsweb.oslobors.no/message/566811; attachmentId resolved at run time from the message
nordic,2022Q3,newsweb_attachment,https://api3.oslo.oslobors.no/v1/newsreader/attachment?messageId=573455&attachmentId=,Oslo Bors announcement 573455 (2022-10-20): NOD Q3 2022 Report.pdf,revenue_usdm|gm_pct|consumer_usdm|ind_health_usdm|short_range_usdm|long_range_usdm|inventory_usdm|backlog_usdm|guide_low_usdm|guide_high_usdm,script: Oslo Børs NewsWeb API attachment (message id cited),each CSV cell searched in PDF text (pdfplumber); restatements in later reports; guidance excerpts (nordic_guidance.py) word for word,yes,2026-09-28,11 CSV cells found in this document,message page https://newsweb.oslobors.no/message/573455; attachmentId resolved at run time from the message
nordic,2022Q4,newsweb_attachment,https://api3.oslo.oslobors.no/v1/newsreader/attachment?messageId=581486&attachmentId=,Oslo Bors announcement 581486 (2023-02-07): NOD Q4 2022- Report.pdf,revenue_usdm|gm_pct|consumer_usdm|ind_health_usdm|short_range_usdm|long_range_usdm|inventory_usdm|backlog_usdm|guide_low_usdm|guide_high_usdm,script: Oslo Børs NewsWeb API attachment (message id cited),each CSV cell searched in PDF text (pdfplumber); restatements in later reports; guidance excerpts (nordic_guidance.py) word for word,yes,2026-09-28,11 CSV cells found in this document,message page https://newsweb.oslobors.no/message/581486; attachmentId resolved at run time from the message
nordic,2023Q1,newsweb_attachment,https://api3.oslo.oslobors.no/v1/newsreader/attachment?messageId=587996&attachmentId=,Oslo Bors announcement 587996 (2023-04-20): NOD Q1 2023_Report.pdf,revenue_usdm|gm_pct|consumer_usdm|ind_health_usdm|short_range_usdm|long_range_usdm|inventory_usdm|backlog_usdm|guide_low_usdm|guide_high_usdm,script: Oslo Børs NewsWeb API attachment (message id cited),each CSV cell searched in PDF text (pdfplumber); restatements in later reports; guidance excerpts (nordic_guidance.py) word for word,yes,2026-09-28,11 CSV cells found in this document,message page https://newsweb.oslobors.no/message/587996; attachmentId resolved at run time from the message
nordic,2023Q2,newsweb_attachment,https://api3.oslo.oslobors.no/v1/newsreader/attachment?messageId=595072&attachmentId=,Oslo Bors announcement 595072 (2023-07-11): NOD Q2 2023 Report.pdf,revenue_usdm|gm_pct|consumer_usdm|ind_health_usdm|short_range_usdm|long_range_usdm|inventory_usdm|backlog_usdm|guide_low_usdm|guide_high_usdm,script: Oslo Børs NewsWeb API attachment (message id cited),each CSV cell searched in PDF text (pdfplumber); restatements in later reports; guidance excerpts (nordic_guidance.py) word for word,yes,2026-09-28,10 CSV cells found in this document,message page https://newsweb.oslobors.no/message/595072; attachmentId resolved at run time from the message
nordic,2023Q3,newsweb_attachment,https://api3.oslo.oslobors.no/v1/newsreader/attachment?messageId=601464&attachmentId=,Oslo Bors announcement 601464 (2023-10-17): NOD Q3 2023 Report.pdf,revenue_usdm|gm_pct|consumer_usdm|ind_health_usdm|short_range_usdm|long_range_usdm|inventory_usdm|backlog_usdm|guide_low_usdm|guide_high_usdm,script: Oslo Børs NewsWeb API attachment (message id cited),each CSV cell searched in PDF text (pdfplumber); restatements in later reports; guidance excerpts (nordic_guidance.py) word for word,yes,2026-09-28,10 CSV cells found in this document,message page https://newsweb.oslobors.no/message/601464; attachmentId resolved at run time from the message
nordic,2023Q4,newsweb_attachment,https://api3.oslo.oslobors.no/v1/newsreader/attachment?messageId=609902&attachmentId=,Oslo Bors announcement 609902 (2024-02-06): NOD Q4 2023 Report.pdf,revenue_usdm|gm_pct|consumer_usdm|ind_health_usdm|short_range_usdm|long_range_usdm|inventory_usdm|backlog_usdm|guide_low_usdm|guide_high_usdm,script: Oslo Børs NewsWeb API attachment (message id cited),each CSV cell searched in PDF text (pdfplumber); restatements in later reports; guidance excerpts (nordic_guidance.py) word for word,yes,2026-09-28,10 CSV cells found in this document,message page https://newsweb.oslobors.no/message/609902; attachmentId resolved at run time from the message
nordic,2024Q1,newsweb_attachment,https://api3.oslo.oslobors.no/v1/newsreader/attachment?messageId=616557&attachmentId=,Oslo Bors announcement 616557 (2024-04-24): NOD Q1 2024 Report.pdf,revenue_usdm|gm_pct|consumer_usdm|ind_health_usdm|short_range_usdm|long_range_usdm|inventory_usdm|backlog_usdm|guide_low_usdm|guide_high_usdm,script: Oslo Børs NewsWeb API attachment (message id cited),each CSV cell searched in PDF text (pdfplumber); restatements in later reports; guidance excerpts (nordic_guidance.py) word for word,yes,2026-09-28,9 CSV cells found in this document,message page https://newsweb.oslobors.no/message/616557; attachmentId resolved at run time from the message
nordic,2024Q2,newsweb_attachment,https://api3.oslo.oslobors.no/v1/newsreader/attachment?messageId=624644&attachmentId=,Oslo Bors announcement 624644 (2024-08-08): NOD Q2 2024 report.pdf,revenue_usdm|gm_pct|consumer_usdm|ind_health_usdm|short_range_usdm|long_range_usdm|inventory_usdm|backlog_usdm|guide_low_usdm|guide_high_usdm,script: Oslo Børs NewsWeb API attachment (message id cited),each CSV cell searched in PDF text (pdfplumber); restatements in later reports; guidance excerpts (nordic_guidance.py) word for word,yes,2026-09-28,9 CSV cells found in this document,message page https://newsweb.oslobors.no/message/624644; attachmentId resolved at run time from the message
nordic,2024Q3,newsweb_attachment,https://api3.oslo.oslobors.no/v1/newsreader/attachment?messageId=630249&attachmentId=,Oslo Bors announcement 630249 (2024-10-24): NOD Q3 2024 report.pdf,revenue_usdm|gm_pct|consumer_usdm|ind_health_usdm|short_range_usdm|long_range_usdm|inventory_usdm|backlog_usdm|guide_low_usdm|guide_high_usdm,script: Oslo Børs NewsWeb API attachment (message id cited),each CSV cell searched in PDF text (pdfplumber); restatements in later reports; guidance excerpts (nordic_guidance.py) word for word,yes,2026-09-28,8 CSV cells found in this document,message page https://newsweb.oslobors.no/message/630249; attachmentId resolved at run time from the message
nordic,2024Q4,newsweb_attachment,https://api3.oslo.oslobors.no/v1/newsreader/attachment?messageId=637715&attachmentId=,Oslo Bors announcement 637715 (2025-02-05): NOD Q4 2024 Report.pdf,revenue_usdm|gm_pct|consumer_usdm|ind_health_usdm|short_range_usdm|long_range_usdm|inventory_usdm|backlog_usdm|guide_low_usdm|guide_high_usdm,script: Oslo Børs NewsWeb API attachment (message id cited),each CSV cell searched in PDF text (pdfplumber); restatements in later reports; guidance excerpts (nordic_guidance.py) word for word,yes,2026-09-28,9 CSV cells found in this document,message page https://newsweb.oslobors.no/message/637715; attachmentId resolved at run time from the message
nordic,2025Q1,newsweb_attachment,https://api3.oslo.oslobors.no/v1/newsreader/attachment?messageId=644643&attachmentId=,Oslo Bors announcement 644643 (2025-04-29): NOD Q1 2025 Report.pdf,revenue_usdm|gm_pct|consumer_usdm|ind_health_usdm|short_range_usdm|long_range_usdm|inventory_usdm|backlog_usdm|guide_low_usdm|guide_high_usdm,script: Oslo Børs NewsWeb API attachment (message id cited),each CSV cell searched in PDF text (pdfplumber); restatements in later reports; guidance excerpts (nordic_guidance.py) word for word,yes,2026-09-28,11 CSV cells found in this document,message page https://newsweb.oslobors.no/message/644643; attachmentId resolved at run time from the message
nordic,2025Q2,newsweb_attachment,https://api3.oslo.oslobors.no/v1/newsreader/attachment?messageId=652635&attachmentId=,Oslo Bors announcement 652635 (2025-08-13): NOD Q2 2025 Report.pdf,revenue_usdm|gm_pct|consumer_usdm|ind_health_usdm|short_range_usdm|long_range_usdm|inventory_usdm|backlog_usdm|guide_low_usdm|guide_high_usdm,script: Oslo Børs NewsWeb API attachment (message id cited),each CSV cell searched in PDF text (pdfplumber); restatements in later reports; guidance excerpts (nordic_guidance.py) word for word,yes,2026-09-28,11 CSV cells found in this document,message page https://newsweb.oslobors.no/message/652635; attachmentId resolved at run time from the message
nordic,2025Q3,newsweb_attachment,https://api3.oslo.oslobors.no/v1/newsreader/attachment?messageId=658166&attachmentId=,Oslo Bors announcement 658166 (2025-10-29): NOD Q3 2025 Report.pdf,revenue_usdm|gm_pct|consumer_usdm|ind_health_usdm|short_range_usdm|long_range_usdm|inventory_usdm|backlog_usdm|guide_low_usdm|guide_high_usdm,script: Oslo Børs NewsWeb API attachment (message id cited),each CSV cell searched in PDF text (pdfplumber); restatements in later reports; guidance excerpts (nordic_guidance.py) word for word,yes,2026-09-28,10 CSV cells found in this document,message page https://newsweb.oslobors.no/message/658166; attachmentId resolved at run time from the message
nordic,2025Q4,newsweb_attachment,https://api3.oslo.oslobors.no/v1/newsreader/attachment?messageId=664878&attachmentId=,Oslo Bors announcement 664878 (2026-02-05): NOD Q4 2025 Report.pdf,revenue_usdm|gm_pct|consumer_usdm|ind_health_usdm|short_range_usdm|long_range_usdm|inventory_usdm|backlog_usdm|guide_low_usdm|guide_high_usdm,script: Oslo Børs NewsWeb API attachment (message id cited),each CSV cell searched in PDF text (pdfplumber); restatements in later reports; guidance excerpts (nordic_guidance.py) word for word,yes,2026-09-28,11 CSV cells found in this document,message page https://newsweb.oslobors.no/message/664878; attachmentId resolved at run time from the message
nordic,2026Q1,newsweb_attachment,https://api3.oslo.oslobors.no/v1/newsreader/attachment?messageId=671582&attachmentId=,Oslo Bors announcement 671582 (2026-04-28): NOD Q1 2026 Report.pdf,revenue_usdm|gm_pct|consumer_usdm|ind_health_usdm|short_range_usdm|long_range_usdm|inventory_usdm|backlog_usdm|guide_low_usdm|guide_high_usdm,script: Oslo Børs NewsWeb API attachment (message id cited),each CSV cell searched in PDF text (pdfplumber); restatements in later reports; guidance excerpts (nordic_guidance.py) word for word,yes,2026-09-28,7 CSV cells found in this document,message page https://newsweb.oslobors.no/message/671582; attachmentId resolved at run time from the message
nordic,2026Q2,newsweb_attachment,https://api3.oslo.oslobors.no/v1/newsreader/attachment?messageId=679108&attachmentId=,Oslo Bors announcement 679108 (2026-08-06): NOD Q2 2026_Report.pdf,revenue_usdm|gm_pct|consumer_usdm|ind_health_usdm|short_range_usdm|long_range_usdm|inventory_usdm|backlog_usdm|guide_low_usdm|guide_high_usdm,script: Oslo Børs NewsWeb API attachment (message id cited),each CSV cell searched in PDF text (pdfplumber); restatements in later reports; guidance excerpts (nordic_guidance.py) word for word,yes,2026-09-28,10 CSV cells found in this document,message page https://newsweb.oslobors.no/message/679108; attachmentId resolved at run time from the message
nordic,AR2020,newsweb_attachment,https://api3.oslo.oslobors.no/v1/newsreader/attachment?messageId=527910&attachmentId=,Oslo Bors announcement 527910 (2021-03-17): Nordic Semiconductor 2020 Annual Report.pdf,revenue_usdm|gm_pct|consumer_usdm|ind_health_usdm|short_range_usdm|long_range_usdm|inventory_usdm|backlog_usdm|guide_low_usdm|guide_high_usdm,script: Oslo Børs NewsWeb API attachment (message id cited),each CSV cell searched in PDF text (pdfplumber); restatements in later reports; guidance excerpts (nordic_guidance.py) word for word,no_cells,2026-09-28,document downloaded but no CSV cell cites this key,message page https://newsweb.oslobors.no/message/527910; attachmentId resolved at run time from the message
nordic,AR2021,newsweb_attachment,https://api3.oslo.oslobors.no/v1/newsreader/attachment?messageId=557005&attachmentId=,Oslo Bors announcement 557005 (2022-03-18): Nordic Semiconductor ASA Annual_Report_2021.pdf,revenue_usdm|gm_pct|consumer_usdm|ind_health_usdm|short_range_usdm|long_range_usdm|inventory_usdm|backlog_usdm|guide_low_usdm|guide_high_usdm,script: Oslo Børs NewsWeb API attachment (message id cited),each CSV cell searched in PDF text (pdfplumber); restatements in later reports; guidance excerpts (nordic_guidance.py) word for word,no_cells,2026-09-28,document downloaded but no CSV cell cites this key,message page https://newsweb.oslobors.no/message/557005; attachmentId resolved at run time from the message
nordic,AR2022,newsweb_attachment,https://api3.oslo.oslobors.no/v1/newsreader/attachment?messageId=585670&attachmentId=,Oslo Bors announcement 585670 (2023-03-20): Nordic Semiconductor ASA Annual Report 2022.pdf,revenue_usdm|gm_pct|consumer_usdm|ind_health_usdm|short_range_usdm|long_range_usdm|inventory_usdm|backlog_usdm|guide_low_usdm|guide_high_usdm,script: Oslo Børs NewsWeb API attachment (message id cited),each CSV cell searched in PDF text (pdfplumber); restatements in later reports; guidance excerpts (nordic_guidance.py) word for word,no_cells,2026-09-28,document downloaded but no CSV cell cites this key,message page https://newsweb.oslobors.no/message/585670; attachmentId resolved at run time from the message
nordic,AR2023,newsweb_attachment,https://api3.oslo.oslobors.no/v1/newsreader/attachment?messageId=613964&attachmentId=,Oslo Bors announcement 613964 (2024-03-20): Nordic Semiconductor ASA Annual Report 2023.pdf,revenue_usdm|gm_pct|consumer_usdm|ind_health_usdm|short_range_usdm|long_range_usdm|inventory_usdm|backlog_usdm|guide_low_usdm|guide_high_usdm,script: Oslo Børs NewsWeb API attachment (message id cited),each CSV cell searched in PDF text (pdfplumber); restatements in later reports; guidance excerpts (nordic_guidance.py) word for word,no_cells,2026-09-28,document downloaded but no CSV cell cites this key,message page https://newsweb.oslobors.no/message/613964; attachmentId resolved at run time from the message
nordic,AR2024,newsweb_attachment,https://api3.oslo.oslobors.no/v1/newsreader/attachment?messageId=641768&attachmentId=,Oslo Bors announcement 641768 (2025-03-20): NOD Annual Report 2024.pdf,revenue_usdm|gm_pct|consumer_usdm|ind_health_usdm|short_range_usdm|long_range_usdm|inventory_usdm|backlog_usdm|guide_low_usdm|guide_high_usdm,script: Oslo Børs NewsWeb API attachment (message id cited),each CSV cell searched in PDF text (pdfplumber); restatements in later reports; guidance excerpts (nordic_guidance.py) word for word,no_cells,2026-09-28,document downloaded but no CSV cell cites this key,message page https://newsweb.oslobors.no/message/641768; attachmentId resolved at run time from the message
nordic,AR2025,newsweb_attachment,https://api3.oslo.oslobors.no/v1/newsreader/attachment?messageId=669188&attachmentId=,Oslo Bors announcement 669188 (2026-03-24): NOD Annual Report 2025.pdf,revenue_usdm|gm_pct|consumer_usdm|ind_health_usdm|short_range_usdm|long_range_usdm|inventory_usdm|backlog_usdm|guide_low_usdm|guide_high_usdm,script: Oslo Børs NewsWeb API attachment (message id cited),each CSV cell searched in PDF text (pdfplumber); restatements in later reports; guidance excerpts (nordic_guidance.py) word for word,no_cells,2026-09-28,document downloaded but no CSV cell cites this key,message page https://newsweb.oslobors.no/message/669188; attachmentId resolved at run time from the message
nordic,2021Q1,ir_pdf_fallback,https://www.nordicsemi.com/-/media/Investor-Relations-and-QA/Quartely-Reports/2021/Q1_Quarterly_Report_2021.pdf,Same report on nordicsemi.com (returns 403 to non-browser clients on some networks),fallback only,not downloaded — NewsWeb copy used instead,none (fallback URL only),yes,2026-09-28,10 CSV cells found in this document,
nordic,2021Q2,ir_pdf_fallback,https://www.nordicsemi.com/-/media/Investor-Relations-and-QA/Quartely-Reports/2021/Q2_Quarterly_Report_2021.pdf,Same report on nordicsemi.com (returns 403 to non-browser clients on some networks),fallback only,not downloaded — NewsWeb copy used instead,none (fallback URL only),yes,2026-09-28,10 CSV cells found in this document,
nordic,2021Q3,ir_pdf_fallback,https://www.nordicsemi.com/-/media/Investor-Relations-and-QA/Quartely-Reports/2021/Q3_Quarterly_Report_2021.pdf,Same report on nordicsemi.com (returns 403 to non-browser clients on some networks),fallback only,not downloaded — NewsWeb copy used instead,none (fallback URL only),yes,2026-09-28,11 CSV cells found in this document,
nordic,2021Q4,ir_pdf_fallback,https://www.nordicsemi.com/-/media/Investor-Relations-and-QA/Quartely-Reports/2021/Q4_Quarterly_Report_2021.pdf,Same report on nordicsemi.com (returns 403 to non-browser clients on some networks),fallback only,not downloaded — NewsWeb copy used instead,none (fallback URL only),yes,2026-09-28,10 CSV cells found in this document,
nordic,2022Q1,ir_pdf_fallback,https://www.nordicsemi.com/-/media/Investor-Relations-and-QA/Quartely-Reports/2022/Q1_Quarterly_Report_2022.pdf,Same report on nordicsemi.com (returns 403 to non-browser clients on some networks),fallback only,not downloaded — NewsWeb copy used instead,none (fallback URL only),yes,2026-09-28,12 CSV cells found in this document,
nordic,2022Q2,ir_pdf_fallback,https://www.nordicsemi.com/-/media/Investor-Relations-and-QA/Quartely-Reports/2022/Q2_Quarterly_Report_2022.pdf,Same report on nordicsemi.com (returns 403 to non-browser clients on some networks),fallback only,not downloaded — NewsWeb copy used instead,none (fallback URL only),yes,2026-09-28,13 CSV cells found in this document,
nordic,2022Q3,ir_pdf_fallback,https://www.nordicsemi.com/-/media/Investor-Relations-and-QA/Quartely-Reports/2022/Q3_Quarterly_Report_2022.pdf,Same report on nordicsemi.com (returns 403 to non-browser clients on some networks),fallback only,not downloaded — NewsWeb copy used instead,none (fallback URL only),yes,2026-09-28,11 CSV cells found in this document,
nordic,2022Q4,ir_pdf_fallback,https://www.nordicsemi.com/-/media/Investor-Relations-and-QA/Quartely-Reports/2022/Q4_Quarterly_Report_2022.pdf,Same report on nordicsemi.com (returns 403 to non-browser clients on some networks),fallback only,not downloaded — NewsWeb copy used instead,none (fallback URL only),yes,2026-09-28,11 CSV cells found in this document,
nordic,2023Q1,ir_pdf_fallback,https://www.nordicsemi.com/-/media/Investor-Relations-and-QA/Quartely-Reports/2023/Q1_Quarterly_Report_2023.pdf,Same report on nordicsemi.com (returns 403 to non-browser clients on some networks),fallback only,not downloaded — NewsWeb copy used instead,none (fallback URL only),yes,2026-09-28,11 CSV cells found in this document,
nordic,2023Q2,ir_pdf_fallback,https://www.nordicsemi.com/-/media/Investor-Relations-and-QA/Quartely-Reports/2023/Q2_Quarterly_Report_2023.pdf,Same report on nordicsemi.com (returns 403 to non-browser clients on some networks),fallback only,not downloaded — NewsWeb copy used instead,none (fallback URL only),yes,2026-09-28,10 CSV cells found in this document,
nordic,2023Q3,ir_pdf_fallback,https://www.nordicsemi.com/-/media/Investor-Relations-and-QA/Quartely-Reports/2023/Q3_Quarterly_Report_2023.pdf,Same report on nordicsemi.com (returns 403 to non-browser clients on some networks),fallback only,not downloaded — NewsWeb copy used instead,none (fallback URL only),yes,2026-09-28,10 CSV cells found in this document,
nordic,2023Q4,ir_pdf_fallback,https://www.nordicsemi.com/-/media/Investor-Relations-and-QA/Quartely-Reports/2023/Q4_Quarterly_Report_2023.pdf,Same report on nordicsemi.com (returns 403 to non-browser clients on some networks),fallback only,not downloaded — NewsWeb copy used instead,none (fallback URL only),yes,2026-09-28,10 CSV cells found in this document,
nordic,2024Q1,ir_pdf_fallback,https://www.nordicsemi.com/-/media/Investor-Relations-and-QA/Quartely-Reports/2024/Q1_Quarterly_Report_2024.pdf,Same report on nordicsemi.com (returns 403 to non-browser clients on some networks),fallback only,not downloaded — NewsWeb copy used instead,none (fallback URL only),yes,2026-09-28,9 CSV cells found in this document,
nordic,2024Q2,ir_pdf_fallback,https://www.nordicsemi.com/-/media/Investor-Relations-and-QA/Quartely-Reports/2024/Q2_Quarterly_Report_2024.pdf,Same report on nordicsemi.com (returns 403 to non-browser clients on some networks),fallback only,not downloaded — NewsWeb copy used instead,none (fallback URL only),yes,2026-09-28,9 CSV cells found in this document,
nordic,2024Q3,ir_pdf_fallback,https://www.nordicsemi.com/-/media/Investor-Relations-and-QA/Quartely-Reports/2024/Q3_Quarterly_Report_2024.pdf,Same report on nordicsemi.com (returns 403 to non-browser clients on some networks),fallback only,not downloaded — NewsWeb copy used instead,none (fallback URL only),yes,2026-09-28,8 CSV cells found in this document,
nordic,2024Q4,ir_pdf_fallback,https://www.nordicsemi.com/-/media/Investor-Relations-and-QA/Quartely-Reports/2024/Q4_Quarterly_Report_2024.pdf,Same report on nordicsemi.com (returns 403 to non-browser clients on some networks),fallback only,not downloaded — NewsWeb copy used instead,none (fallback URL only),yes,2026-09-28,9 CSV cells found in this document,
nordic,2025Q1,ir_pdf_fallback,https://www.nordicsemi.com/-/media/Investor-Relations-and-QA/Quartely-Reports/2025/Q1_Quarterly_Report_2025.pdf,Same report on nordicsemi.com (returns 403 to non-browser clients on some networks),fallback only,not downloaded — NewsWeb copy used instead,none (fallback URL only),yes,2026-09-28,11 CSV cells found in this document,
nordic,2025Q2,ir_pdf_fallback,https://www.nordicsemi.com/-/media/Investor-Relations-and-QA/Quartely-Reports/2025/Q2_Quarterly_Report_2025.pdf,Same report on nordicsemi.com (returns 403 to non-browser clients on some networks),fallback only,not downloaded — NewsWeb copy used instead,none (fallback URL only),yes,2026-09-28,11 CSV cells found in this document,
nordic,2025Q3,ir_pdf_fallback,https://www.nordicsemi.com/-/media/Investor-Relations-and-QA/Quartely-Reports/2025/Q3_Quarterly_Report_2025.pdf,Same report on nordicsemi.com (returns 403 to non-browser clients on some networks),fallback only,not downloaded — NewsWeb copy used instead,none (fallback URL only),yes,2026-09-28,10 CSV cells found in this document,
nordic,2025Q4,ir_pdf_fallback,https://www.nordicsemi.com/-/media/Investor-Relations-and-QA/Quartely-Reports/2025/Q4_Quarterly_Report_2025.pdf,Same report on nordicsemi.com (returns 403 to non-browser clients on some networks),fallback only,not downloaded — NewsWeb copy used instead,none (fallback URL only),yes,2026-09-28,11 CSV cells found in this document,
nordic,2026Q1,ir_pdf_fallback,https://www.nordicsemi.com/-/media/Investor-Relations-and-QA/Quartely-Reports/2026/NOD-Q1-2026-Report.pdf,Same report on nordicsemi.com (returns 403 to non-browser clients on some networks),fallback only,not downloaded — NewsWeb copy used instead,none (fallback URL only),yes,2026-09-28,7 CSV cells found in this document,
nordic,2026Q2,ir_pdf_fallback,https://www.nordicsemi.com/-/media/Investor-Relations-and-QA/Quartely-Reports/2026/NOD-Q2-2026_Report.pdf,Same report on nordicsemi.com (returns 403 to non-browser clients on some networks),fallback only,not downloaded — NewsWeb copy used instead,none (fallback URL only),yes,2026-09-28,10 CSV cells found in this document,
nordic,AR2025,ir_pdf_fallback,https://www.nordicsemi.com/-/media/Investor-Relations-and-QA/Annual-Reports/2025/Annual-Report-2025.pdf,Same report on nordicsemi.com (returns 403 to non-browser clients on some networks),fallback only,not downloaded — NewsWeb copy used instead,none (fallback URL only),unused,2026-09-28,NewsWeb copy used instead,
nordic,AR2024,ir_pdf_fallback,https://www.nordicsemi.com/-/media/Investor-Relations-and-QA/Annual-Reports/2024/Annual-Report-2024.pdf,Same report on nordicsemi.com (returns 403 to non-browser clients on some networks),fallback only,not downloaded — NewsWeb copy used instead,none (fallback URL only),unused,2026-09-28,NewsWeb copy used instead,
nordic,AR2023,ir_pdf_fallback,https://www.nordicsemi.com/-/media/Investor-Relations-and-QA/Annual-Reports/2023/Annual-Report-2023.pdf,Same report on nordicsemi.com (returns 403 to non-browser clients on some networks),fallback only,not downloaded — NewsWeb copy used instead,none (fallback URL only),unused,2026-09-28,NewsWeb copy used instead,
gn,AR2022,ir_pdf,https://www.gn.com/-/media/Files/Financial-Download-Center/2023/Q1/GN-Annual-Report-2022.pdf,GN interim / annual report PDF,group_rev_dkkm|enterprise_rev_dkkm|gaming_div_rev_dkkm|steelseries_rev_dkkm|cont_ops_rev_dkkm|inventory_dkkm|EBITA margins,script: company IR PDF download,each CSV cell searched in PDF text (pdfplumber); restatements in later reports,yes,2026-09-28,24 CSV cells found in this document,
gn,AR2023,ir_pdf,https://www.gn.com/-/media/Files/Financial-Download-Center/2024/Q1/GN-Annual-Report-2023.pdf,GN interim / annual report PDF,group_rev_dkkm|enterprise_rev_dkkm|gaming_div_rev_dkkm|steelseries_rev_dkkm|cont_ops_rev_dkkm|inventory_dkkm|EBITA margins,script: company IR PDF download,each CSV cell searched in PDF text (pdfplumber); restatements in later reports,yes,2026-09-28,5 CSV cells found in this document,
gn,AR2024,ir_pdf,https://www.gn.com/-/media/Files/Document-Download-Center/Corporate-governance/AR2024/GN-Annual-Report-2024.pdf,GN interim / annual report PDF,group_rev_dkkm|enterprise_rev_dkkm|gaming_div_rev_dkkm|steelseries_rev_dkkm|cont_ops_rev_dkkm|inventory_dkkm|EBITA margins,script: company IR PDF download,each CSV cell searched in PDF text (pdfplumber); restatements in later reports,yes,2026-09-28,7 CSV cells found in this document,
gn,AR2025,ir_pdf,https://www.gn.com/-/media/Files/Financial-Download-Center/2026/Q1/GN-Annual-Report-2025.pdf,GN interim / annual report PDF,group_rev_dkkm|enterprise_rev_dkkm|gaming_div_rev_dkkm|steelseries_rev_dkkm|cont_ops_rev_dkkm|inventory_dkkm|EBITA margins,script: company IR PDF download,each CSV cell searched in PDF text (pdfplumber); restatements in later reports,yes,2026-09-28,5 CSV cells found in this document,
gn,2023Q1,ir_pdf,https://www.gn.com/-/media/Files/Financial-Download-Center/2023/Q2/GN-Interim-Report-Q1-2023.pdf,GN interim / annual report PDF,group_rev_dkkm|enterprise_rev_dkkm|gaming_div_rev_dkkm|steelseries_rev_dkkm|cont_ops_rev_dkkm|inventory_dkkm|EBITA margins,script: company IR PDF download,each CSV cell searched in PDF text (pdfplumber); restatements in later reports,yes,2026-09-28,4 CSV cells found in this document,
gn,2023Q2,ir_pdf,https://www.gn.com/-/media/Files/Financial-Download-Center/2023/Q3/GN-Interim-Report-Q2-2023.pdf,GN interim / annual report PDF,group_rev_dkkm|enterprise_rev_dkkm|gaming_div_rev_dkkm|steelseries_rev_dkkm|cont_ops_rev_dkkm|inventory_dkkm|EBITA margins,script: company IR PDF download,each CSV cell searched in PDF text (pdfplumber); restatements in later reports,yes,2026-09-28,6 CSV cells found in this document,
gn,2023Q3,ir_pdf,https://www.gn.com/-/media/Files/Financial-Download-Center/2023/Q4/Interim-Report-Q3-2023.pdf,GN interim / annual report PDF,group_rev_dkkm|enterprise_rev_dkkm|gaming_div_rev_dkkm|steelseries_rev_dkkm|cont_ops_rev_dkkm|inventory_dkkm|EBITA margins,script: company IR PDF download,each CSV cell searched in PDF text (pdfplumber); restatements in later reports,yes,2026-09-28,4 CSV cells found in this document,
gn,2024Q2,ir_pdf,https://www.gn.com/-/media/Files/Financial-Download-Center/2024/Q3/GN-Interim-Report-Q2-2024.pdf,GN interim / annual report PDF,group_rev_dkkm|enterprise_rev_dkkm|gaming_div_rev_dkkm|steelseries_rev_dkkm|cont_ops_rev_dkkm|inventory_dkkm|EBITA margins,script: company IR PDF download,each CSV cell searched in PDF text (pdfplumber); restatements in later reports,yes,2026-09-28,5 CSV cells found in this document,
gn,2024Q3,ir_pdf,https://www.gn.com/-/media/Files/Financial-Download-Center/2024/Q4/GN-Interim-Report-Q3-2024.pdf,GN interim / annual report PDF,group_rev_dkkm|enterprise_rev_dkkm|gaming_div_rev_dkkm|steelseries_rev_dkkm|cont_ops_rev_dkkm|inventory_dkkm|EBITA margins,script: company IR PDF download,each CSV cell searched in PDF text (pdfplumber); restatements in later reports,yes,2026-09-28,3 CSV cells found in this document,
gn,2025Q1,ir_pdf,https://www.gn.com/-/media/Files/Financial-Download-Center/2025/Q2/GN-Interim-Report-Q1-2025.pdf,GN interim / annual report PDF,group_rev_dkkm|enterprise_rev_dkkm|gaming_div_rev_dkkm|steelseries_rev_dkkm|cont_ops_rev_dkkm|inventory_dkkm|EBITA margins,script: company IR PDF download,each CSV cell searched in PDF text (pdfplumber); restatements in later reports,yes,2026-09-28,11 CSV cells found in this document,
gn,2025Q2,ir_pdf,https://www.gn.com/-/media/Files/Financial-Download-Center/2025/Q2/GN-Interim-Report-Q2-2025.pdf,GN interim / annual report PDF,group_rev_dkkm|enterprise_rev_dkkm|gaming_div_rev_dkkm|steelseries_rev_dkkm|cont_ops_rev_dkkm|inventory_dkkm|EBITA margins,script: company IR PDF download,each CSV cell searched in PDF text (pdfplumber); restatements in later reports,yes,2026-09-28,5 CSV cells found in this document,
gn,2025Q3,ir_pdf,https://www.gn.com/-/media/Files/Financial-Download-Center/2025/Q4/GN-Interim-Report-Q3-2025.pdf,GN interim / annual report PDF,group_rev_dkkm|enterprise_rev_dkkm|gaming_div_rev_dkkm|steelseries_rev_dkkm|cont_ops_rev_dkkm|inventory_dkkm|EBITA margins,script: company IR PDF download,each CSV cell searched in PDF text (pdfplumber); restatements in later reports,yes,2026-09-28,5 CSV cells found in this document,
gn,2026Q1,ir_pdf,https://www.gn.com/-/media/Files/Financial-Download-Center/2026/Q2/GN-Interim-Report-Q1-2026.pdf,GN interim / annual report PDF,group_rev_dkkm|enterprise_rev_dkkm|gaming_div_rev_dkkm|steelseries_rev_dkkm|cont_ops_rev_dkkm|inventory_dkkm|EBITA margins,script: company IR PDF download,each CSV cell searched in PDF text (pdfplumber); restatements in later reports,yes,2026-09-28,9 CSV cells found in this document,
gn,2026Q2,ir_pdf,https://ml-eu.globenewswire.com/Resource/Download/d6ce1723-f369-455f-945f-51c92c115b48,GN interim / annual report PDF,group_rev_dkkm|enterprise_rev_dkkm|gaming_div_rev_dkkm|steelseries_rev_dkkm|cont_ops_rev_dkkm|inventory_dkkm|EBITA margins,script: company IR PDF download,each CSV cell searched in PDF text (pdfplumber); restatements in later reports,yes,2026-09-28,6 CSV cells found in this document,
gn,guidance_2026-08-19,press_release,https://www.globenewswire.com/news-release/2026/08/19/3350848/0/en/financial-guidance-2026-upgrading-adjusted-ebita-margin-while-narrowing-organic-revenue-growth-guidance.html,Current FY2026 guidance (cont. ops),forecast anchors (config),manual: read in browser,read once and cited; qualitative,manual,2026-09-28,qualitative source: read once and cite; not machine-checkable,
nordic,credit_rating_2025,third_party,https://nordiccreditrating.com/uploads/2025-09/NCR%20-%20Nordic_Semiconductor_ASA%20-%20Full%20Rating%20Report%2026%20Sep.%202025.pdf,"Nordic Credit Rating: named large customers, ~40% broad-market share",attribution (docs only),manual: PDF read in browser,read once and cited; corroborates public figures only,manual,2026-09-28,qualitative source: read once and cite; not machine-checkable,
logitech,xbrl_inventory_detail,sec_xbrl_detail,https://data.sec.gov/api/xbrl/companyfacts/CIK0001032975.json,Step 3: inventory by stage (raw materials / finished goods) and trade receivables,inv_raw_materials|inv_finished_goods|receivables (data/raw/inventory_detail_xbrl.csv),script: SEC company-facts API (inventory_detail.py; 52/53-week closes mapped to calendar quarters),"identities: RM + FG == inventory (Logitech), revenue > COGS > 0 and GM 5-20% (Arrow, Avnet); Logitech total == hand-typed",yes,2026-09-28,logitech RM + FG == InventoryNet (n=26): pass; logitech XBRL InventoryNet == hand-typed inventory_usdm (n=26): pass,"grade B (10-Q) / A (10-K); tags InventoryRawMaterialsNetOfReserves, InventoryFinishedGoodsNetOfReserves, AccountsReceivableNetCurrent"
arrow,xbrl_distributor,sec_xbrl_detail,https://data.sec.gov/api/xbrl/companyfacts/CIK0000007536.json,"Step 3: Nordic franchised distributor - revenue, COGS, inventory, receivables -> DIO",revenue|cogs|inventory|receivables (data/raw/inventory_detail_xbrl.csv),script: SEC company-facts API (inventory_detail.py; 52/53-week closes mapped to calendar quarters),"identities: RM + FG == inventory (Logitech), revenue > COGS > 0 and GM 5-20% (Arrow, Avnet); Logitech total == hand-typed",yes,2026-09-28,"arrow revenue > COGS > 0, inventory > 0; GM 10.8-13.3% (n=26): pass",total includes Enterprise Computing Solutions (~30% of sales): DIO is a components + IT blend
avnet,xbrl_distributor,sec_xbrl_detail,https://data.sec.gov/api/xbrl/companyfacts/CIK0000008858.json,"Step 3: Nordic franchised distributor - revenue, COGS, inventory, receivables -> DIO",revenue|cogs|inventory|receivables (data/raw/inventory_detail_xbrl.csv),script: SEC company-facts API (inventory_detail.py; 52/53-week closes mapped to calendar quarters),"identities: RM + FG == inventory (Logitech), revenue > COGS > 0 and GM 5-20% (Arrow, Avnet); Logitech total == hand-typed",yes,2026-09-28,"avnet revenue > COGS > 0, inventory > 0; GM 10.4-12.5% (n=26): pass",fiscal year ends late June / early July; 52/53-week quarters mapped to calendar quarters (end date - 15 days)
microchip,distributor_days,sec_filing_text,https://www.sec.gov/cgi-bin/browse-edgar?action=getcompany&CIK=0000827054&type=10-Q,Step 3: only recurring numeric distribution-channel inventory disclosure for MCUs ('our distributors maintained NN days of inventory'),disti_days|range10y_low|range10y_high (data/raw/mchp_distributor_days.csv),"script: EDGAR submissions API + primary 10-Q/10-K documents, regex on the disclosure sentence",verbatim quote stored; 'compared to MM days at <date>' == value in the filing for <date>,yes,2026-09-28,microchip sentence found in >= 80% of 10-Q/10-K since 2010 (65 of 65; unparsed listed in data/processed/mchp_unparsed_filings.csv) (n=65): pass; microchip chain: 'compared to MM days' == prior filing's NN (documented filing errors: config/known_filing_issues.csv) (n=61): pass; microchip long history (2008+): chain check (n=73): pass; microchip: no quarter missing between the first and last parsed quarter (a gap blanks the change on both sides) (n=65): pass,25 filings 2020-06 to 2026-06; verbatim quote per row
silicon_labs,distributor_days,rejected,https://www.sec.gov/cgi-bin/browse-edgar?action=getcompany&CIK=0001038074&type=10-Q,Step 3: candidate channel-inventory series (closest BLE peer),,checked and not used,see validation_detail,rejected,2026-09-28,"checked 10-Qs 2023-2025 (SEC full-text search 'days of inventory'): discloses only its OWN days of inventory (e.g. 94 DOI at 5 Apr 2025), no distributor weeks -> not usable; step 3 decision D2","checked 10-Qs 2023-2025 (SEC full-text search 'days of inventory'): discloses only its OWN days of inventory (e.g. 94 DOI at 5 Apr 2025), no distributor weeks -> not usable; step 3 decision D2"
nordic,balance_sheet_extract,filing_extract,https://api3.oslo.oslobors.no/v1/newsreader/attachment?messageId=679108&attachmentId=,"Step 3: accounts receivable (DSO) and inventory per quarter, read by script from the balance sheet",receivables_usdm|inventory_usdm (data/raw/nordic_balance_extract.csv),"script: text of the cached NewsWeb report / annual report (pdfplumber), balance-sheet line or inventory note",chain: year-ago / prior-year column == earlier report's current column; sum == hand-typed inventory,yes,2026-09-28,nordic AR + inventory line found in every quarterly report (n=23): pass; nordic chain: year-ago column (t) == current column (t-4) (n=28): pass; nordic extracted inventory == hand-typed (max diff 0.08%) (n=23): pass,read from every quarterly report 2020Q4-2026Q2 (rows nordic/<quarter>; url = latest); DSO break 2024Q4: 'reflecting improved collection' (decision D16)
nordic,ar_inventory_note,filing_extract,https://api3.oslo.oslobors.no/v1/newsreader/attachment?messageId=669188&attachmentId=,"Step 3: year-end inventory by stage (raw materials = wafers, WIP, finished goods)",raw_materials_usdm|work_in_progress_usdm|finished_goods_usdm (data/raw/nordic_inventory_stage.csv),"script: text of the cached NewsWeb report / annual report (pdfplumber), balance-sheet line or inventory note",chain: year-ago / prior-year column == earlier report's current column; sum == hand-typed inventory,yes,2026-09-28,nordic AR-note stages: sum and prior-year chain (n=9): pass,read from AR2021-AR2025 (rows nordic/AR<year>; url = latest); no quarterly stage split exists (decision D3)
nordic,customer_concentration,filing_quote,https://api3.oslo.oslobors.no/v1/newsreader/attachment?messageId=609902&attachmentId=,Step 3: top-10 vs broad-market Bluetooth revenue (who swung in the 2023 destock),top10_bt_revenue_usdm|broad_bt_revenue_usdm|top10_share_of_bt_pct (data/raw/nordic_customer_concentration.csv),manual: hand-typed value + verbatim fragments,every fragment searched in the cited cached report,yes,2026-09-28,nordic customer-concentration quotes found in cited report (n=7): pass,"Q4 2022, Q4 2023 (url), Q4 2024 reports; 2024 share read as share of Bluetooth revenue (grade C, decision D18)"
amazon,xbrl_inventory_cover,sec_xbrl_detail,https://data.sec.gov/api/xbrl/companyfacts/CIK0001018724.json,Step 5: Amazon inventory cover -> bound on the lag of every edge into Amazon,revenue|cogs|inventory (data/raw/inventory_detail_xbrl.csv),script: SEC company-facts API (inventory_detail.py; 52/53-week closes mapped to calendar quarters),"identities: RM + FG == inventory (Logitech), revenue > COGS > 0 and GM 5-20% (Arrow, Avnet); Logitech total == hand-typed",manual,2026-09-28,qualitative source: read once and cite; not machine-checkable,"all categories, not peripherals: a cover bound, never a peripherals level"
bestbuy,xbrl_inventory_cover,sec_xbrl_detail,https://data.sec.gov/api/xbrl/companyfacts/CIK0000764478.json,Step 5: electronics-retailer inventory cover -> bound on the lag into 'other retail',revenue|cogs|inventory (data/raw/inventory_detail_xbrl.csv),script: SEC company-facts API (inventory_detail.py; 52/53-week closes mapped to calendar quarters),"identities: RM + FG == inventory (Logitech), revenue > COGS > 0 and GM 5-20% (Arrow, Avnet); Logitech total == hand-typed",manual,2026-09-28,qualitative source: read once and cite; not machine-checkable,"all categories, not peripherals: a cover bound, never a peripherals level"
walmart,xbrl_inventory_cover,sec_xbrl_detail,https://data.sec.gov/api/xbrl/companyfacts/CIK0000104169.json,Step 5: general-retailer inventory cover (context),revenue|cogs|inventory (data/raw/inventory_detail_xbrl.csv),script: SEC company-facts API (inventory_detail.py; 52/53-week closes mapped to calendar quarters),"identities: RM + FG == inventory (Logitech), revenue > COGS > 0 and GM 5-20% (Arrow, Avnet); Logitech total == hand-typed",manual,2026-09-28,qualitative source: read once and cite; not machine-checkable,"all categories, not peripherals: a cover bound, never a peripherals level"
target,xbrl_inventory_cover,sec_xbrl_detail,https://data.sec.gov/api/xbrl/companyfacts/CIK0000027419.json,Step 5: general-retailer inventory cover (context),revenue|cogs|inventory (data/raw/inventory_detail_xbrl.csv),script: SEC company-facts API (inventory_detail.py; 52/53-week closes mapped to calendar quarters),"identities: RM + FG == inventory (Logitech), revenue > COGS > 0 and GM 5-20% (Arrow, Avnet); Logitech total == hand-typed",manual,2026-09-28,qualitative source: read once and cite; not machine-checkable,"all categories, not peripherals: a cover bound, never a peripherals level"
cdw,xbrl_inventory_cover,sec_xbrl_detail,https://data.sec.gov/api/xbrl/companyfacts/CIK0001402057.json,Step 5: IT-reseller inventory cover -> bound on the lag distributor -> reseller,revenue|cogs|inventory (data/raw/inventory_detail_xbrl.csv),script: SEC company-facts API (inventory_detail.py; 52/53-week closes mapped to calendar quarters),"identities: RM + FG == inventory (Logitech), revenue > COGS > 0 and GM 5-20% (Arrow, Avnet); Logitech total == hand-typed",manual,2026-09-28,qualitative source: read once and cite; not machine-checkable,"all categories, not peripherals: a cover bound, never a peripherals level"
nordic,backlog_history_2020Q4,newsweb_attachment,https://api3.oslo.oslobors.no/v1/newsreader/attachment?messageId=523768&attachmentId=,Backlog before 2021 (the 2021-22 long-lag regime),"backlog_usdm, revenue_usdm (data/raw/nordic_backlog_history.csv)",script: Oslo Børs NewsWeb API attachment (message id cited),each CSV cell searched in PDF text (pdfplumber); restatements in later reports; guidance excerpts (nordic_guidance.py) word for word,no_cells,2026-09-28,document downloaded but no CSV cell cites this key,"Oslo Bors announcement 523768 (2021-02-04), cached as data/cache/filings/nordic/2020Q4.pdf; 2019Q4 backlog 106.7 derived from +361% (is_estimate=1)"
nordic,2017Q2,newsweb_attachment,https://api3.oslo.oslobors.no/v1/newsreader/attachment?messageId=436896&attachmentId=,"Oslo Bors announcement 436896 (2017-10-23): Q2 2017 Report_Updated.pdf (corrected re-issue of message 431256, 2017-07-13)","nordic_guidance_history (half-year guide excerpt, quarterly revenue total)",script: Oslo Børs NewsWeb API attachment (message id cited),each CSV cell searched in PDF text (pdfplumber); restatements in later reports; guidance excerpts (nordic_guidance.py) word for word,yes,2026-09-28,0 CSV cells found in this document; 2 guidance excerpts found,message page https://newsweb.oslobors.no/message/436896; attachmentId resolved at run time from the message; F32: half-year guide 2H 2017 120-130
nordic,2017Q3,newsweb_attachment,https://api3.oslo.oslobors.no/v1/newsreader/attachment?messageId=436506&attachmentId=,Oslo Bors announcement 436506 (2017-10-17): Q3 2017 Report.pdf,"nordic_guidance_history (half-year guide excerpt, quarterly revenue total)",script: Oslo Børs NewsWeb API attachment (message id cited),each CSV cell searched in PDF text (pdfplumber); restatements in later reports; guidance excerpts (nordic_guidance.py) word for word,yes,2026-09-28,0 CSV cells found in this document; 2 guidance excerpts found,message page https://newsweb.oslobors.no/message/436506; attachmentId resolved at run time from the message; F32: 2H 2017 guide reiterated
nordic,2017Q4,newsweb_attachment,https://api3.oslo.oslobors.no/v1/newsreader/attachment?messageId=444324&attachmentId=,Oslo Bors announcement 444324 (2018-02-15): Q4 2017 Report.pdf,"nordic_guidance_history (half-year guide excerpt, quarterly revenue total)",script: Oslo Børs NewsWeb API attachment (message id cited),each CSV cell searched in PDF text (pdfplumber); restatements in later reports; guidance excerpts (nordic_guidance.py) word for word,yes,2026-09-28,0 CSV cells found in this document; 2 guidance excerpts found,message page https://newsweb.oslobors.no/message/444324; attachmentId resolved at run time from the message; F32: half-year guide 1H 2018 123-133
nordic,2018Q1,newsweb_attachment,https://api3.oslo.oslobors.no/v1/newsreader/attachment?messageId=448853&attachmentId=,Oslo Bors announcement 448853 (2018-04-17): Quarterly Report Q1 2018.pdf,"nordic_guidance_history (half-year guide excerpt, quarterly revenue total)",script: Oslo Børs NewsWeb API attachment (message id cited),each CSV cell searched in PDF text (pdfplumber); restatements in later reports; guidance excerpts (nordic_guidance.py) word for word,yes,2026-09-28,0 CSV cells found in this document; 2 guidance excerpts found,message page https://newsweb.oslobors.no/message/448853; attachmentId resolved at run time from the message; F32: 1H 2018 guide reiterated
nordic,2018Q2,newsweb_attachment,https://api3.oslo.oslobors.no/v1/newsreader/attachment?messageId=455437&attachmentId=,Oslo Bors announcement 455437 (2018-07-12): Q2_Report_2018.pdf,"nordic_guidance_history (half-year guide excerpt, quarterly revenue total)",script: Oslo Børs NewsWeb API attachment (message id cited),each CSV cell searched in PDF text (pdfplumber); restatements in later reports; guidance excerpts (nordic_guidance.py) word for word,yes,2026-09-28,0 CSV cells found in this document; 2 guidance excerpts found,message page https://newsweb.oslobors.no/message/455437; attachmentId resolved at run time from the message; F32: half-year guide 2H 2018 150-160
nordic,2018Q3,newsweb_attachment,https://api3.oslo.oslobors.no/v1/newsreader/attachment?messageId=461396&attachmentId=,Oslo Bors announcement 461396 (2018-10-17): Q3_Report_2018.pdf,"nordic_guidance_history (half-year guide excerpt, quarterly revenue total)",script: Oslo Børs NewsWeb API attachment (message id cited),each CSV cell searched in PDF text (pdfplumber); restatements in later reports; guidance excerpts (nordic_guidance.py) word for word,yes,2026-09-28,0 CSV cells found in this document; 1 guidance excerpts found,message page https://newsweb.oslobors.no/message/461396; attachmentId resolved at run time from the message; F32: no revenue guidance statement in this report; Q3 total for the 2H 2018 outcome
nordic,2018Q4,newsweb_attachment,https://api3.oslo.oslobors.no/v1/newsreader/attachment?messageId=468699&attachmentId=,Oslo Bors announcement 468699 (2019-02-05): Quarterly Report Q4 2018.pdf,nordic_guidance_history|guide_low_usdm|guide_high_usdm|guide_gm_pct (2019Q1),script: Oslo Børs NewsWeb API attachment (message id cited),each CSV cell searched in PDF text (pdfplumber); restatements in later reports; guidance excerpts (nordic_guidance.py) word for word,yes,2026-09-28,3 CSV cells found in this document; 3 guidance excerpts found,message page https://newsweb.oslobors.no/message/468699; attachmentId resolved at run time from the message; F32: first quarterly guide (Q1 2019 MUSD 50-55); Q4 total for the 2H 2018 outcome
nordic,2019Q1,newsweb_attachment,https://api3.oslo.oslobors.no/v1/newsreader/attachment?messageId=474894&attachmentId=,Oslo Bors announcement 474894 (2019-04-24): Quarterly report Q1 2019.pdf,revenue_usdm|gm_pct|short_range_usdm|proprietary_usdm|long_range_usdm|other_tech_usdm|inventory_usdm|backlog_usdm|guide_low_usdm|guide_high_usdm|guide_gm_pct,script: Oslo Børs NewsWeb API attachment (message id cited),each CSV cell searched in PDF text (pdfplumber); restatements in later reports; guidance excerpts (nordic_guidance.py) word for word,yes,2026-09-28,10 CSV cells found in this document; 2 guidance excerpts found,message page https://newsweb.oslobors.no/message/474894; attachmentId resolved at run time from the message; F32
nordic,2019Q2,newsweb_attachment,https://api3.oslo.oslobors.no/v1/newsreader/attachment?messageId=481199&attachmentId=,Oslo Bors announcement 481199 (2019-07-11): Q2_Report_2019.pdf,revenue_usdm|gm_pct|short_range_usdm|proprietary_usdm|long_range_usdm|other_tech_usdm|inventory_usdm|backlog_usdm|guide_low_usdm|guide_high_usdm|guide_gm_pct,script: Oslo Børs NewsWeb API attachment (message id cited),each CSV cell searched in PDF text (pdfplumber); restatements in later reports; guidance excerpts (nordic_guidance.py) word for word,yes,2026-09-28,10 CSV cells found in this document; 2 guidance excerpts found,message page https://newsweb.oslobors.no/message/481199; attachmentId resolved at run time from the message; F32
nordic,2019Q3,newsweb_attachment,https://api3.oslo.oslobors.no/v1/newsreader/attachment?messageId=487458&attachmentId=,Oslo Bors announcement 487458 (2019-10-22): Q3 2019  Report.pdf,revenue_usdm|gm_pct|short_range_usdm|proprietary_usdm|long_range_usdm|other_tech_usdm|inventory_usdm|backlog_usdm|guide_low_usdm|guide_high_usdm|guide_gm_pct,script: Oslo Børs NewsWeb API attachment (message id cited),each CSV cell searched in PDF text (pdfplumber); restatements in later reports; guidance excerpts (nordic_guidance.py) word for word,yes,2026-09-28,10 CSV cells found in this document; 2 guidance excerpts found,message page https://newsweb.oslobors.no/message/487458; attachmentId resolved at run time from the message; F32
nordic,2019Q4,newsweb_attachment,https://api3.oslo.oslobors.no/v1/newsreader/attachment?messageId=494790&attachmentId=,Oslo Bors announcement 494790 (2020-02-07): Q4_Quarterly_report_2019.pdf,revenue_usdm|gm_pct|short_range_usdm|proprietary_usdm|long_range_usdm|other_tech_usdm|inventory_usdm|backlog_usdm|guide_low_usdm|guide_high_usdm|guide_gm_pct,script: Oslo Børs NewsWeb API attachment (message id cited),each CSV cell searched in PDF text (pdfplumber); restatements in later reports; guidance excerpts (nordic_guidance.py) word for word,yes,2026-09-28,10 CSV cells found in this document; 2 guidance excerpts found,message page https://newsweb.oslobors.no/message/494790; attachmentId resolved at run time from the message; F32
nordic,2020Q1,newsweb_attachment,https://api3.oslo.oslobors.no/v1/newsreader/attachment?messageId=501308&attachmentId=,Oslo Bors announcement 501308 (2020-04-21): NOD Q1 2020 Report.pdf,revenue_usdm|gm_pct|short_range_usdm|proprietary_usdm|long_range_usdm|other_tech_usdm|inventory_usdm|backlog_usdm|guide_low_usdm|guide_high_usdm|guide_gm_pct,script: Oslo Børs NewsWeb API attachment (message id cited),each CSV cell searched in PDF text (pdfplumber); restatements in later reports; guidance excerpts (nordic_guidance.py) word for word,yes,2026-09-28,10 CSV cells found in this document; 2 guidance excerpts found,message page https://newsweb.oslobors.no/message/501308; attachmentId resolved at run time from the message; F32
nordic,2020Q2,newsweb_attachment,https://api3.oslo.oslobors.no/v1/newsreader/attachment?messageId=509714&attachmentId=,Oslo Bors announcement 509714 (2020-07-13): Q2_Report_2020.pdf,revenue_usdm|gm_pct|short_range_usdm|proprietary_usdm|long_range_usdm|other_tech_usdm|inventory_usdm|backlog_usdm|guide_low_usdm|guide_high_usdm|guide_gm_pct,script: Oslo Børs NewsWeb API attachment (message id cited),each CSV cell searched in PDF text (pdfplumber); restatements in later reports; guidance excerpts (nordic_guidance.py) word for word,yes,2026-09-28,10 CSV cells found in this document; 2 guidance excerpts found,message page https://newsweb.oslobors.no/message/509714; attachmentId resolved at run time from the message; F32; guide for Q2 raised on 3 Jul 2020 before this report (P130)
nordic,2020Q3,newsweb_attachment,https://api3.oslo.oslobors.no/v1/newsreader/attachment?messageId=515801&attachmentId=,Oslo Bors announcement 515801 (2020-10-20): NOD Q3 Report 2020.pdf,revenue_usdm|gm_pct|short_range_usdm|proprietary_usdm|long_range_usdm|other_tech_usdm|inventory_usdm|backlog_usdm|guide_low_usdm|guide_high_usdm|guide_gm_pct,script: Oslo Børs NewsWeb API attachment (message id cited),each CSV cell searched in PDF text (pdfplumber); restatements in later reports; guidance excerpts (nordic_guidance.py) word for word,yes,2026-09-28,10 CSV cells found in this document; 2 guidance excerpts found,message page https://newsweb.oslobors.no/message/515801; attachmentId resolved at run time from the message; F32; guide for Q3 raised on 4 Sep 2020 before this report (P130)
nordic,AR2017,newsweb_attachment,https://api3.oslo.oslobors.no/v1/newsreader/attachment?messageId=446948&attachmentId=,Oslo Bors announcement 446948 (2018-03-19): Annual_report_2017.pdf,(restated comparatives),script: Oslo Børs NewsWeb API attachment (message id cited),each CSV cell searched in PDF text (pdfplumber); restatements in later reports; guidance excerpts (nordic_guidance.py) word for word,no_cells,2026-09-28,document downloaded but no CSV cell cites this key,message page https://newsweb.oslobors.no/message/446948; attachmentId resolved at run time from the message; fetched with the 2017-2020 extension; not cited by a CSV cell
nordic,AR2018,newsweb_attachment,https://api3.oslo.oslobors.no/v1/newsreader/attachment?messageId=472141&attachmentId=,Oslo Bors announcement 472141 (2019-03-15): Annual_Report_2018.pdf,(restated comparatives),script: Oslo Børs NewsWeb API attachment (message id cited),each CSV cell searched in PDF text (pdfplumber); restatements in later reports; guidance excerpts (nordic_guidance.py) word for word,no_cells,2026-09-28,document downloaded but no CSV cell cites this key,message page https://newsweb.oslobors.no/message/472141; attachmentId resolved at run time from the message; fetched with the 2017-2020 extension; not cited by a CSV cell
nordic,AR2019,newsweb_attachment,https://api3.oslo.oslobors.no/v1/newsreader/attachment?messageId=498859&attachmentId=,Oslo Bors announcement 498859 (2020-03-19): Nordic Semiconductor ASA Annual Report 2019.pdf,(restated comparatives),script: Oslo Børs NewsWeb API attachment (message id cited),each CSV cell searched in PDF text (pdfplumber); restatements in later reports; guidance excerpts (nordic_guidance.py) word for word,no_cells,2026-09-28,document downloaded but no CSV cell cites this key,message page https://newsweb.oslobors.no/message/498859; attachmentId resolved at run time from the message; fetched with the 2017-2020 extension; not cited by a CSV cell
nordic,msg:429279,newsweb_message,https://newsweb.oslobors.no/message/429279,Oslo Bors announcement 429279 (2017-06-09): Nordic Semiconductor mid-quarter update for Q2 2017,nordic_guidance_history (H1 2017 guide 100-107 reiterated),script: Oslo Børs NewsWeb API message body (no attachment; cached as newsweb_<id>.txt),guidance excerpt searched word for word in the announcement text (nordic_guidance.py); ledger on a fresh clone,yes,2026-09-28,0 CSV cells found in this document; 1 guidance excerpts found,the Q4 2016 report that first stated it is an image-only PDF
nordic,msg:425330,newsweb_message,https://newsweb.oslobors.no/message/425330,Oslo Bors announcement 425330 (2017-04-24): Nordic Semiconductor ASA's First Quarter 2017 Results (announcement text),nordic_guidance_history (Q1 2017 revenue 47.3 for the H1 2017 outcome),script: Oslo Børs NewsWeb API message body (no attachment; cached as newsweb_<id>.txt),guidance excerpt searched word for word in the announcement text (nordic_guidance.py); ledger on a fresh clone,yes,2026-09-28,0 CSV cells found in this document; 1 guidance excerpts found,the attached Q1 2017 report is an image-only PDF; the announcement body states the quarter's revenue
nordic,msg:464913,newsweb_message,https://newsweb.oslobors.no/message/464913,Oslo Bors announcement 464913 (2018-12-03): Nordic Semiconductor updates guidance for full year 2018,nordic_guidance_history (2H 2018 guide cut to around 140),script: Oslo Børs NewsWeb API message body (no attachment; cached as newsweb_<id>.txt),guidance excerpt searched word for word in the announcement text (nordic_guidance.py); ledger on a fresh clone,yes,2026-09-28,0 CSV cells found in this document; 1 guidance excerpts found,the only guidance cut on record (US-China trade tensions)
nordic,msg:509236,newsweb_message,https://newsweb.oslobors.no/message/509236,Oslo Bors announcement 509236 (2020-07-03): NOD: Nordic Semiconductor sees Q2 revenue and margin exceeding previous guidance,nordic_guidance_history (Q2 2020 guide raised to 86-88),script: Oslo Børs NewsWeb API message body (no attachment; cached as newsweb_<id>.txt),guidance excerpt searched word for word in the announcement text (nordic_guidance.py); ledger on a fresh clone,yes,2026-09-28,0 CSV cells found in this document; 1 guidance excerpts found,pre-announcement before the Q2 2020 report (P130)
nordic,msg:512906,newsweb_message,https://newsweb.oslobors.no/message/512906,Oslo Bors announcement 512906 (2020-09-04): Nordic Semiconductor sees third quarter revenue exceeding previous guidance,nordic_guidance_history (Q3 2020 guide raised to 112-118),script: Oslo Børs NewsWeb API message body (no attachment; cached as newsweb_<id>.txt),guidance excerpt searched word for word in the announcement text (nordic_guidance.py); ledger on a fresh clone,yes,2026-09-28,0 CSV cells found in this document; 1 guidance excerpts found,pre-announcement before the Q3 2020 report (P130)
logitech,odm_monthly_revenue,exchange_page,https://mopsov.twse.com.tw/nas/t21/sii/t21sc03_115_8_0.html,"Step 5c: quick lead test of Taiwan-listed ODMs (Lite-On 2301, Chicony 2385, Merry 2439, Cheng Uei 2392) vs Logitech / Nordic",revenue (data/raw/odm_monthly_revenue.csv),manual,manual,manual,2026-09-28,qualitative source: read once and cite; not machine-checkable,ODM identity from US customs records (grade C; config/odm_candidates.csv); Logitech / GN share of these ODMs undisclosed: diluted proxy
logitech,logitech_implied_quarter_guides,sec_8k_exhibit,https://www.sec.gov/Archives/edgar/data/1032975/000103297523000050/exhibit991q1fy24.htm,Implied quarterly guide = official FY / H1 sales outlook minus the quarters already reported (before Logitech's explicit quarterly guides from Q1 FY26); tests guide error at turning points,implied_low_usdm|implied_high_usdm (data/raw/logitech_implied_quarter_guides.csv),script: EDGAR document download,each CSV cell searched in exhibit text (thousands-table rounding); restatements in next 4 quarterly / 2 annual filings,no_cells,2026-09-28,document downloaded but no CSV cell cites this key,"grade B (derived from official outlook); a residual of an annual range, not a quarterly guide: wider and set differently"
logitech,bestbuy_category_comps,sec_submissions_api,https://data.sec.gov/submissions/CIK0000764478.json,"Step 6i exploration: Best Buy Domestic comparable sales, Computing & Mobile Phones and Consumer Electronics (US retail sell-out proxy for Logitech)",computing_mobile_comp_pct|consumer_electronics_comp_pct (data/raw/bestbuy_category_comps.csv),manual,manual,manual,2026-09-28,qualitative source: read once and cite; not machine-checkable,grade A (SEC filing). Fiscal quarters end ~1 month after the calendar quarter they are mapped to (-45 days); for Logitech's quarter t only Best Buy t-1 is known on the forecast date
logitech,gri2013_markets_served,company_report,https://www.logitech.com/assets/50028/market-sserved.pdf,Step 5 G20: named distributors and direct retail chains (qualitative),logi_residual_via_dist (p > 0; cap),manual,manual,manual,2026-09-28,qualitative source: read once and cite; not machine-checkable,"grade B, dated 2013 (distributor names since merged: Tech Data + Synnex = TD Synnex; Actebis = ALSO)"
logitech,jpm2026_b2b_share,news_report,https://finance.yahoo.com/news/logitech-international-ceo-eyes-ai-050213999.html,"Step 5 G20: B2B ~40% of revenue, floor of p",logi_residual_via_dist (floor 0.25),manual,manual,manual,2026-09-28,qualitative source: read once and cite; not machine-checkable,"grade C (verbal, secondary)"
logitech,logitech_guidance_history,sec_submissions_api,https://data.sec.gov/submissions/CIK0001032975.json,"Guidance track record (step 7, F12): every Logitech outlook statement FY2019-FY2027 (initial / raised / lowered / reaffirmed / withdrawn) and the outcome",low|high|action (data/raw/logitech_guidance_history.csv),manual,manual,manual,2026-09-28,qualitative source: read once and cite; not machine-checkable,"grade B (company outlook). Word ranges: mid single-digit = 4-6, mid to high = 4-9, flat +/-5 = -5..+5. Sales guide in cc growth to FY23, USD from FY24"
gn,gn_guidance_history,company_announcement,https://www.gn.com/investors,"Guidance track record (step 7, F12): every GN annual guidance statement FY2021-FY2026 by division / group and the outcome on the guide basis",low|high|action|scope (data/raw/gn_guidance_history.csv),manual,manual,manual,2026-09-28,qualitative source: read once and cite; not machine-checkable,"grade B. Basis changes: divisional guides to 2023, group from 2023/24, continuing ops from Mar 2026; reported vs adjusted EBITA; wind-down excluded 2025; actuals on a non-guide basis flagged 'NOT the ... guide basis'"
logitech,fx_effects_disclosed,sec_8k_exhibit,https://www.sec.gov/Archives/edgar/data/1032975/000103297526000047/exhibit991q1fy27.htm,FX effects the companies disclose: Logitech sales growth in USD vs constant currency (realised) and in each outlook (assumed); GN '<x>% impact from the development in foreign exchange rates' (group / North America),fx_pts (data/raw/fx_effects_disclosed.csv): calibrates the FX exposures of step 7 fx_update.py (F27),script: EDGAR document download,each CSV cell searched in exhibit text (thousands-table rounding); restatements in next 4 quarterly / 2 annual filings,no_cells,2026-09-28,document downloaded but no CSV cell cites this key,GN rows are GN reports (company gn); one table for both companies
gn,2024Q3_verbal,transcript,https://www.gn.com/-/media/Files/Financial-Download-Center/2024/Q4/GN-Interim-Report-Q3-2024.pdf,"Grade-C verbal metric (earnings call / report commentary), is_estimate=0",enterprise_sellout_minus_sellin_pts,"script fetch of transcript page, else quarter's cached report, else hand-saved excerpt in data/manual/ (see RETRIEVAL_LOG.md)",quoted phrase searched in source text + coded value must equal the company-CSV cell,yes,2026-09-28,quote found in cited page; value matches company CSV,quote: 'sell-out' — Q3 2024 report: Enterprise sell-in -7% vs sell-out -3%
gn,2025Q1_verbal,transcript,https://www.gn.com/-/media/Files/Financial-Download-Center/2025/Q2/GN-Interim-Report-Q1-2025.pdf,"Grade-C verbal metric (earnings call / report commentary), is_estimate=0",enterprise_sellout_minus_sellin_pts,"script fetch of transcript page, else quarter's cached report, else hand-saved excerpt in data/manual/ (see RETRIEVAL_LOG.md)",quoted phrase searched in source text + coded value must equal the company-CSV cell,yes,2026-09-28,quote found in cited page; value matches company CSV,quote: 'sell-out' — Q1 2025 report: Enterprise sell-in -9% vs sell-out -5%
gn,2025Q2_verbal,transcript,https://www.gn.com/-/media/Files/Financial-Download-Center/2025/Q2/GN-Interim-Report-Q2-2025.pdf,"Grade-C verbal metric (earnings call / report commentary), is_estimate=1",enterprise_sellout_minus_sellin_pts,"script fetch of transcript page, else quarter's cached report, else hand-saved excerpt in data/manual/ (see RETRIEVAL_LOG.md)",quoted phrase searched in source text + coded value must equal the company-CSV cell,yes,2026-09-28,quote found in cited page; value matches company CSV,quote: 'inventory reductions at distributors' — Q2 2025 report: sell-in growth lower than sell-out due to inventory reductions at distributors (magnitude est.)
gn,2025Q3_verbal,transcript,https://www.gn.com/-/media/Files/Financial-Download-Center/2025/Q4/GN-Interim-Report-Q3-2025.pdf,"Grade-C verbal metric (earnings call / report commentary), is_estimate=1",enterprise_sellout_minus_sellin_pts,"script fetch of transcript page, else quarter's cached report, else hand-saved excerpt in data/manual/ (see RETRIEVAL_LOG.md)",quoted phrase searched in source text + coded value must equal the company-CSV cell,yes,2026-09-28,quote found in cited page; value matches company CSV,quote: 'channel inventory' — Q3 2025 report: North America sell-in hit by channel inventory reductions (est.)
gn,2026Q1_verbal,transcript,https://www.gn.com/-/media/Files/Financial-Download-Center/2026/Q2/GN-Interim-Report-Q1-2026.pdf,"Grade-C verbal metric (earnings call / report commentary), is_estimate=1",enterprise_sellout_minus_sellin_pts,"script fetch of transcript page, else quarter's cached report, else hand-saved excerpt in data/manual/ (see RETRIEVAL_LOG.md)",quoted phrase searched in source text + coded value must equal the company-CSV cell,yes,2026-09-28,quote found in cited page; value matches company CSV,quote: 'channel inventory reductions' — Q1 2026 report: continued weak demand and channel inventory reductions in EMEA (est.)
gn,2026Q2_verbal,transcript,https://ml-eu.globenewswire.com/Resource/Download/d6ce1723-f369-455f-945f-51c92c115b48,"Grade-C verbal metric (earnings call / report commentary), is_estimate=1",enterprise_sellout_minus_sellin_pts,"script fetch of transcript page, else quarter's cached report, else hand-saved excerpt in data/manual/ (see RETRIEVAL_LOG.md)",quoted phrase searched in source text + coded value must equal the company-CSV cell,yes,2026-09-28,cited page not fetchable; quote found in the quarter's cached report; value matches company CSV,quote: 'sell-out and sell-in growth in North America' — Q2 2026 report: Enterprise headset sell-out flat vs Enterprise -7% (-3% ex FalCom); gap est. ex FalCom
ingram,2025Q1_verbal,transcript,https://uk.investing.com/news/transcripts/earnings-call-transcript-ingram-micro-q1-2025-sees-solid-revenue-growth-93CH-4076768,"Grade-C verbal metric (earnings call / report commentary), is_estimate=0",ces_yoy_pct,"script fetch of transcript page, else quarter's cached report, else hand-saved excerpt in data/manual/ (see RETRIEVAL_LOG.md)",quoted phrase searched in source text + coded value must equal the company-CSV cell,yes,2026-09-28,cited page not fetchable; quote found in the quarter's cached report; value matches company CSV,quote: 'Client and Endpoint' — Q1 2025 call: CES ~+15%
ingram,2026Q2_verbal,transcript,https://www.investing.com/news/transcripts/earnings-call-transcript-ingram-micro-tops-q2-2026-estimates-on-record-sales-93CH-4826477,"Grade-C verbal metric (earnings call / report commentary), is_estimate=0",ces_yoy_pct,"script fetch of transcript page, else quarter's cached report, else hand-saved excerpt in data/manual/ (see RETRIEVAL_LOG.md)",quoted phrase searched in source text + coded value must equal the company-CSV cell,yes,2026-09-28,cited page not fetchable; quote found in the quarter's cached report; value matches company CSV,quote: 'Client and Endpoint' — Q2 2026 call: CES +12%; inventory +16% QoQ strategic procurement
logitech,2023Q1_verbal,transcript,https://www.roic.ai/quote/LOGI/transcripts/2023/4,"Grade-C verbal metric (earnings call / report commentary), is_estimate=1",sellthrough_minus_sellin_pts,"script fetch of transcript page, else quarter's cached report, else hand-saved excerpt in data/manual/ (see RETRIEVAL_LOG.md)",quoted phrase searched in source text + coded value must equal the company-CSV cell,yes,2026-09-28,quote found in cited page; value matches company CSV,quote: 'channel inventory' — Q4 FY23 call: channel to be taken down in Q1 and Q2 before it builds into Q3 (direction only; magnitude est.)
logitech,2023Q2_verbal,transcript,https://www.marketbeat.com/earnings/reports/2023-7-24-logitech-international-sa-stock,"Grade-C verbal metric (earnings call / report commentary), is_estimate=1",sellthrough_minus_sellin_pts,"script fetch of transcript page, else quarter's cached report, else hand-saved excerpt in data/manual/ (see RETRIEVAL_LOG.md)",quoted phrase searched in source text + coded value must equal the company-CSV cell,yes,2026-09-28,quote found in cited page; value matches company CSV,quote: 'channel inventory was also reduced in the quarter' — Q1 FY24 call: on-hand and channel inventory reduced for fifth consecutive quarter (magnitude est.)
logitech,2023Q3_verbal,transcript,https://www.marketbeat.com/earnings/reports/2023-10-23-logitech-international-sa-stock,"Grade-C verbal metric (earnings call / report commentary), is_estimate=1",sellthrough_minus_sellin_pts,"script fetch of transcript page, else quarter's cached report, else hand-saved excerpt in data/manual/ (see RETRIEVAL_LOG.md)",quoted phrase searched in source text + coded value must equal the company-CSV cell,yes,2026-09-28,quote found in cited page; value matches company CSV,quote: 'stronger than expected' — Q2 FY24 call: sell-out stronger than expected; channel inventory reduced (est.)
logitech,2023Q4_verbal,transcript,https://www.marketbeat.com/earnings/reports/2024-1-22-logitech-international-sa-stock,"Grade-C verbal metric (earnings call / report commentary), is_estimate=0",sellthrough_minus_sellin_pts,"script fetch of transcript page, else quarter's cached report, else hand-saved excerpt in data/manual/ (see RETRIEVAL_LOG.md)",quoted phrase searched in source text + coded value must equal the company-CSV cell,yes,2026-09-28,quote found in cited page; value matches company CSV,quote: 'sell-through' — Q3 FY24 call: sell-through -4% vs net sales -1%
logitech,2024Q1_verbal,transcript,https://s1.q4cdn.com/104539020/files/doc_financials/2024/q4/LOGN-CH_Transcript_2024-04-30.pdf,"Grade-C verbal metric (earnings call / report commentary), is_estimate=0",sellthrough_minus_sellin_pts,"script fetch of transcript page, else quarter's cached report, else hand-saved excerpt in data/manual/ (see RETRIEVAL_LOG.md)",quoted phrase searched in source text + coded value must equal the company-CSV cell,yes,2026-09-28,quote found in transcript saved under data/manual/; value matches company CSV,"quote: 'sell-through was flat year-over-year. Sell-in was up 5%' — Q4 FY24 official transcript: sell-through flat YoY, sell-in +5% (CFO: 2 pts channel-inventory comparison, 3 pts promotional effectiveness)"
logitech,2024Q2_verbal,transcript,https://www.roic.ai/quote/LOGI/transcripts/2025/1,"Grade-C verbal metric (earnings call / report commentary), is_estimate=1",sellthrough_minus_sellin_pts,"script fetch of transcript page, else quarter's cached report, else hand-saved excerpt in data/manual/ (see RETRIEVAL_LOG.md)",quoted phrase searched in source text + coded value must equal the company-CSV cell,yes,2026-09-28,quote found in cited page; value matches company CSV,quote: 'sell in will be larger than sell out. that is planned' — Q1 FY25 call: 'In Q1 and Q2 sell-in will be larger than sell-out. That is planned' (magnitude est.)
logitech,2024Q3_verbal,transcript,https://www.roic.ai/quote/LOGI/transcripts/2025/2,"Grade-C verbal metric (earnings call / report commentary), is_estimate=1",sellthrough_minus_sellin_pts,"script fetch of transcript page, else quarter's cached report, else hand-saved excerpt in data/manual/ (see RETRIEVAL_LOG.md)",quoted phrase searched in source text + coded value must equal the company-CSV cell,yes,2026-09-28,quote found in cited page; value matches company CSV,quote: 'sell-through' — Q2 FY25 call: demand ~4 of 6 pts growth; H2 sell-through > sell-in expected (est.)
logitech,2024Q4_verbal,transcript,https://www.roic.ai/quote/LOGI/transcripts/2025/3,"Grade-C verbal metric (earnings call / report commentary), is_estimate=0",sellthrough_minus_sellin_pts,"script fetch of transcript page, else quarter's cached report, else hand-saved excerpt in data/manual/ (see RETRIEVAL_LOG.md)",quoted phrase searched in source text + coded value must equal the company-CSV cell,yes,2026-09-28,quote found in cited page; value matches company CSV,quote: 'sell-through outpaced' — Q3 FY25 call: sell-out +8% vs net sales +6%
logitech,2025Q1_verbal,transcript,https://www.stockinsights.ai/us/LOGI/earnings-transcript/fy25-q4-6254,"Grade-C verbal metric (earnings call / report commentary), is_estimate=0",sellthrough_minus_sellin_pts,"script fetch of transcript page, else quarter's cached report, else hand-saved excerpt in data/manual/ (see RETRIEVAL_LOG.md)",quoted phrase searched in source text + coded value must equal the company-CSV cell,yes,2026-09-28,quote found in transcript saved under data/manual/; value matches company CSV,quote: 'sell through outpaced the sell in by approximately two points' — Q4 FY25 call: sell-through outpaced sell-in by ~2 pts; channel inventory within operating targets
logitech,2025Q2_verbal,transcript,https://s1.q4cdn.com/104539020/files/doc_financials/2026/q1/Transcript-Q1-FY-26-Earnings-Call.pdf,"Grade-C verbal metric (earnings call / report commentary), is_estimate=0",sellthrough_minus_sellin_pts,"script fetch of transcript page, else quarter's cached report, else hand-saved excerpt in data/manual/ (see RETRIEVAL_LOG.md)",quoted phrase searched in source text + coded value must equal the company-CSV cell,yes,2026-09-28,quote found in transcript saved under data/manual/; value matches company CSV,quote: 'sell-in in line with sell-through' — Q1 FY26 official transcript: sell-in in line with sell-through; demand grew MSD mirroring net sales
logitech,2025Q3_verbal,transcript,https://www.fool.com/earnings/call-transcripts/2025/11/27/logitech-logi-q2-2026-earnings-call-transcript/,"Grade-C verbal metric (earnings call / report commentary), is_estimate=1",sellthrough_minus_sellin_pts,"script fetch of transcript page, else quarter's cached report, else hand-saved excerpt in data/manual/ (see RETRIEVAL_LOG.md)",quoted phrase searched in source text + coded value must equal the company-CSV cell,yes,2026-09-28,quote found in cited page; value matches company CSV,quote: 'weeks-on-hand' — Q2 FY26 call: weeks-on-hand at targeted levels; Americas sell-through > sell-in (est.)
logitech,2025Q4_verbal,transcript,https://gloom.sh/stocks/logi/transcripts/q3-2026,"Grade-C verbal metric (earnings call / report commentary), is_estimate=0",sellthrough_minus_sellin_pts,"script fetch of transcript page, else quarter's cached report, else hand-saved excerpt in data/manual/ (see RETRIEVAL_LOG.md)",quoted phrase searched in source text + coded value must equal the company-CSV cell,yes,2026-09-28,quote found in transcript saved under data/manual/; value matches company CSV,quote: 'Sell-through was up 10% year-over-year in the third quarter' — Q3 FY26 call: sell-through +10% reported (8% cc) vs net sales +6% reported -> +4
logitech,2026Q1_verbal,transcript,https://www.roic.ai/quote/LOGI/transcripts/2026-year/4-quarter,"Grade-C verbal metric (earnings call / report commentary), is_estimate=0",sellthrough_minus_sellin_pts,"script fetch of transcript page, else quarter's cached report, else hand-saved excerpt in data/manual/ (see RETRIEVAL_LOG.md)",quoted phrase searched in source text + coded value must equal the company-CSV cell,yes,2026-09-28,quote found in transcript saved under data/manual/; value matches company CSV,quote: 'pretty much in line where they were last year' — Q4 FY26 call (5 May 2026): channel weeks on hand in line with last year; seasonal small channel take-down as every Q4 -> YoY gap 0
logitech,2026Q2_verbal,transcript,https://www.webull.com/news/15593396047578112,"Grade-C verbal metric (earnings call / report commentary), is_estimate=0",sellthrough_minus_sellin_pts,"script fetch of transcript page, else quarter's cached report, else hand-saved excerpt in data/manual/ (see RETRIEVAL_LOG.md)",quoted phrase searched in source text + coded value must equal the company-CSV cell,yes,2026-09-28,quote found in cited page; value matches company CSV,quote: 'sell-through' — Q1 FY27 call: sell-through +11% reported vs +7% net sales
nordic,2021Q4_verbal,transcript,https://newsweb.oslobors.no/message/552530,"Grade-C verbal metric (earnings call / report commentary), is_estimate=0",dist_inventory_state,"script fetch of transcript page, else quarter's cached report, else hand-saved excerpt in data/manual/ (see RETRIEVAL_LOG.md)",quoted phrase searched in source text + coded value must equal the company-CSV cell,yes,2026-09-28,cited page not fetchable; quote found in the quarter's cached report; value matches company CSV,quote: 'including for goods already in distributor inventories' — Q4 2021 report: price increase applied to goods already in distributor inventories; constrained wafer supplies (supply-constrained regime)
nordic,2022Q1_verbal,transcript,https://newsweb.oslobors.no/message/560298,"Grade-C verbal metric (earnings call / report commentary), is_estimate=0",dist_inventory_state,"script fetch of transcript page, else quarter's cached report, else hand-saved excerpt in data/manual/ (see RETRIEVAL_LOG.md)",quoted phrase searched in source text + coded value must equal the company-CSV cell,yes,2026-09-28,cited page not fetchable; quote found in the quarter's cached report; value matches company CSV,quote: 'the wafer supply situation is resolved' — Q1 2022 report: backlog adjustments required unless wafer supply resolved; distributors fully operational (supply-constrained)
nordic,2022Q2_verbal,transcript,https://newsweb.oslobors.no/message/566811,"Grade-C verbal metric (earnings call / report commentary), is_estimate=0",dist_inventory_state,"script fetch of transcript page, else quarter's cached report, else hand-saved excerpt in data/manual/ (see RETRIEVAL_LOG.md)",quoted phrase searched in source text + coded value must equal the company-CSV cell,yes,2026-09-28,cited page not fetchable; quote found in the quarter's cached report; value matches company CSV,quote: 'strained wafer supply situation is expected to last' — Q2 2022 report: strained wafer supply expected to last (supply-constrained)
nordic,2022Q3_verbal,transcript,https://www.nordicsemi.com/-/media/Investor-Relations-and-QA/Quartely-Reports/2022/Q3_Quarterly_Report_2022.pdf,"Grade-C verbal metric (earnings call / report commentary), is_estimate=0",dist_inventory_state,"script fetch of transcript page, else quarter's cached report, else hand-saved excerpt in data/manual/ (see RETRIEVAL_LOG.md)",quoted phrase searched in source text + coded value must equal the company-CSV cell,yes,2026-09-28,cited page not fetchable; quote found in the quarter's cached report; value matches company CSV,quote: 'inventory adjustments' — Q3 2022 report: significant inventory adjustments at its distributors
nordic,2022Q4_verbal,transcript,https://newsweb.oslobors.no/message/581486,"Grade-C verbal metric (earnings call / report commentary), is_estimate=0",dist_inventory_state,"script fetch of transcript page, else quarter's cached report, else hand-saved excerpt in data/manual/ (see RETRIEVAL_LOG.md)",quoted phrase searched in source text + coded value must equal the company-CSV cell,yes,2026-09-28,cited page not fetchable; quote found in the quarter's cached report; value matches company CSV,quote: 'postponements of both existing and potential new' — Q4 2022 report: order postponements; backlog down to USD 839m from >1.1bn (destock)
nordic,2023Q1_verbal,transcript,https://newsweb.oslobors.no/message/587996,"Grade-C verbal metric (earnings call / report commentary), is_estimate=0",dist_inventory_state,"script fetch of transcript page, else quarter's cached report, else hand-saved excerpt in data/manual/ (see RETRIEVAL_LOG.md)",quoted phrase searched in source text + coded value must equal the company-CSV cell,yes,2026-09-28,cited page not fetchable; quote found in the quarter's cached report; value matches company CSV,quote: 'inventory adjustments among customers and' — Q1 2023 report: lower deliveries to tier-1s due to inventory adjustments among customers and distributors; backlog APM dropped
nordic,2023Q2_verbal,transcript,https://newsweb.oslobors.no/message/595072,"Grade-C verbal metric (earnings call / report commentary), is_estimate=0",dist_inventory_state,"script fetch of transcript page, else quarter's cached report, else hand-saved excerpt in data/manual/ (see RETRIEVAL_LOG.md)",quoted phrase searched in source text + coded value must equal the company-CSV cell,yes,2026-09-28,cited page not fetchable; quote found in the quarter's cached report; value matches company CSV,quote: 'general demand slowdown and inventory adjustments' — Q2 2023 report
nordic,2023Q3_verbal,transcript,https://newsweb.oslobors.no/message/601464,"Grade-C verbal metric (earnings call / report commentary), is_estimate=0",dist_inventory_state,"script fetch of transcript page, else quarter's cached report, else hand-saved excerpt in data/manual/ (see RETRIEVAL_LOG.md)",quoted phrase searched in source text + coded value must equal the company-CSV cell,yes,2026-09-28,cited page not fetchable; quote found in the quarter's cached report; value matches company CSV,quote: 'continued inventory adjustments' — Q3 2023 report: weaker demand and continued inventory adjustments; broad-market customers depleting inventories
nordic,2023Q4_verbal,transcript,https://newsweb.oslobors.no/message/609902,"Grade-C verbal metric (earnings call / report commentary), is_estimate=0",dist_inventory_state,"script fetch of transcript page, else quarter's cached report, else hand-saved excerpt in data/manual/ (see RETRIEVAL_LOG.md)",quoted phrase searched in source text + coded value must equal the company-CSV cell,yes,2026-09-28,cited page not fetchable; quote found in the quarter's cached report; value matches company CSV,quote: 'adjustments at both end-customer and distributors' — Q4 2023 report
nordic,2024Q1_verbal,transcript,https://www.nordicsemi.com/-/media/Investor-Relations-and-QA/Quartely-Reports/2024/Q1_Quarterly_Report_2024.pdf,"Grade-C verbal metric (earnings call / report commentary), is_estimate=0",dist_inventory_state,"script fetch of transcript page, else quarter's cached report, else hand-saved excerpt in data/manual/ (see RETRIEVAL_LOG.md)",quoted phrase searched in source text + coded value must equal the company-CSV cell,yes,2026-09-28,cited page not fetchable; quote found in the quarter's cached report; value matches company CSV,quote: 'predominately behind us' — Q1 2024 report: distribution inventory adjustments are predominately behind us; sell-through significantly higher than revenue
nordic,2024Q2_verbal,transcript,https://www.nordicsemi.com/-/media/Investor-Relations-and-QA/Quartely-Reports/2024/Q2_Quarterly_Report_2024.pdf,"Grade-C verbal metric (earnings call / report commentary), is_estimate=0",dist_inventory_state,"script fetch of transcript page, else quarter's cached report, else hand-saved excerpt in data/manual/ (see RETRIEVAL_LOG.md)",quoted phrase searched in source text + coded value must equal the company-CSV cell,yes,2026-09-28,cited page not fetchable; quote found in the quarter's cached report; value matches company CSV,"quote: 'behind us at the distributor level, although individual end-customers still have excessive inventory' — Q2 2024 report: distribution inventory balanced and normal; individual end-customers still excessive into 2025"
nordic,2024Q3_verbal,transcript,https://newsweb.oslobors.no/message/630249,"Grade-C verbal metric (earnings call / report commentary), is_estimate=1",dist_inventory_state,"script fetch of transcript page, else quarter's cached report, else hand-saved excerpt in data/manual/ (see RETRIEVAL_LOG.md)",quoted phrase searched in source text + coded value must equal the company-CSV cell,yes,2026-09-28,cited page not fetchable; quote found in the quarter's cached report; value matches company CSV,quote: 'inventories at distributors' — Q3 2024 report: reduction in inventories at distributors mentioned; state coded as easing (-0.5) — magnitude est.
nordic,2024Q4_verbal,transcript,https://newsweb.oslobors.no/message/637715,"Grade-C verbal metric (earnings call / report commentary), is_estimate=1",dist_inventory_state,"script fetch of transcript page, else quarter's cached report, else hand-saved excerpt in data/manual/ (see RETRIEVAL_LOG.md)",quoted phrase searched in source text + coded value must equal the company-CSV cell,yes,2026-09-28,cited page not fetchable; quote found in the quarter's cached report; value matches company CSV,quote: 'inventories were being reduced' — Q4 2024 report: refers to distributor inventories being reduced during 2024 (state est. -0.5)
nordic,2025Q1_verbal,transcript,https://newsweb.oslobors.no/message/644643,"Grade-C verbal metric (earnings call / report commentary), is_estimate=1",dist_inventory_state,"script fetch of transcript page, else quarter's cached report, else hand-saved excerpt in data/manual/ (see RETRIEVAL_LOG.md)",quoted phrase searched in source text + coded value must equal the company-CSV cell,yes,2026-09-28,cited page not fetchable; quote found in the quarter's cached report; value matches company CSV,quote: 'revenue in the first quarter last year was significantly impacted by distributor inventory adjustments' — Q1 2025 report: adjustments described as prior-year only; no current-quarter distributor adjustment mentioned (state est. 0)
nordic,2025Q3_verbal,transcript,https://ca.investing.com/news/transcripts/earnings-call-transcript-nordic-semiconductor-q3-2025-sees-strong-revenue-growth-93CH-4277749,"Grade-C verbal metric (earnings call / report commentary), is_estimate=0",dist_inventory_state,"script fetch of transcript page, else quarter's cached report, else hand-saved excerpt in data/manual/ (see RETRIEVAL_LOG.md)",quoted phrase searched in source text + coded value must equal the company-CSV cell,yes,2026-09-28,quote found in transcript saved under data/manual/; value matches company CSV,"quote: 'Probably a bit on the lighter side' — Q3 2025 call: distributor inventory healthy, 'probably a bit on the lighter side' -> normal (0)"
nordic,2026Q2_verbal,transcript,https://ng.investing.com/news/transcripts/earnings-call-transcript-nordic-semiconductor-posts-strong-q2-2026-growth-93CH-2646899,"Grade-C verbal metric (earnings call / report commentary), is_estimate=0",dist_inventory_state,"script fetch of transcript page, else quarter's cached report, else hand-saved excerpt in data/manual/ (see RETRIEVAL_LOG.md)",quoted phrase searched in source text + coded value must equal the company-CSV cell,yes,2026-09-28,quote found in transcript saved under data/manual/; value matches company CSV,quote: 'some safety stockings for some additional weeks' — Q2 2026 call: management does not rule out pull-forward; possible safety stocking among smallest customers; test capacity very tight -> mild pull-in (+0.5)
tdsynnex,2024Q1_verbal,transcript,https://www.marketbeat.com/earnings/reports/2024-3-26-synnex-co-stock,"Grade-C verbal metric (earnings call / report commentary), is_estimate=0",endpoint_gb_yoy_pct,"script fetch of transcript page, else quarter's cached report, else hand-saved excerpt in data/manual/ (see RETRIEVAL_LOG.md)",quoted phrase searched in source text + coded value must equal the company-CSV cell,yes,2026-09-28,quote found in cited page; value matches company CSV,quote: 'Endpoint' — FQ1 FY24 call: Endpoint -7%; Advanced -3%
tdsynnex,2025Q2_verbal,transcript,https://www.fool.com/earnings/call-transcripts/2025/06/24/td-synnex-snx-q2-2025-earnings-call-transcript/,"Grade-C verbal metric (earnings call / report commentary), is_estimate=0",endpoint_gb_yoy_pct,"script fetch of transcript page, else quarter's cached report, else hand-saved excerpt in data/manual/ (see RETRIEVAL_LOG.md)",quoted phrase searched in source text + coded value must equal the company-CSV cell,yes,2026-09-28,quote found in cited page; value matches company CSV,quote: 'Endpoint' — FQ2 FY25 call: Endpoint +13%; Advanced +12%; $100-200m pull-forward
tdsynnex,2026Q2_verbal,transcript,https://www.roic.ai/quote/SNX/transcripts/2026-year/2-quarter,"Grade-C verbal metric (earnings call / report commentary), is_estimate=0",endpoint_gb_yoy_pct,"script fetch of transcript page, else quarter's cached report, else hand-saved excerpt in data/manual/ (see RETRIEVAL_LOG.md)",quoted phrase searched in source text + coded value must equal the company-CSV cell,yes,2026-09-28,quote found in transcript saved under data/manual/; value matches company CSV,"quote: 'Endpoint Solutions gross billings increased 13% year-over-year' — FQ2 FY26 call: Endpoint GB +13% YoY, ASP-led with mid-single-digit unit growth; Advanced +31%"
